     52072     59723     67047     74002     80552     86659     92291     97416    102007    106038    109486    112334    114566    116169    117134    117456    117134    116169    114566    112334    109486    106038    102007     97416     92291     86659     80552     74002     67047     59723
     53281     61110     68603     75720     82422     88671     94433     99677    104374    108499    112028    114942    117225    118865    119852    120182    119852    118865    117225    114942    112028    108499    104374     99677     94433     88671     82422     75720     68603     61110
     54151     62108     69724     76957     83768     90119     95976    101306    106080    110271    113858    116820    119140    120807    121811    122146    121811    120807    119140    116820    113858    110271    106080    101306     95976     90119     83768     76957     69724     62108
     54676     62710     70400     77703     84580     90993     96907    102288    107108    111341    114962    117952    120296    121978    122992    123330    122992    121978    120296    117952    114962    111341    107108    102288     96907     90993     84580     77703     70400     62710
     54852     62912     70626     77953     84852     91285     97218    102617    107452    111698    115331    118331    120682    122370    123387    123726    123387    122370    120682    118331    115331    111698    107452    102617     97218     91285     84852     77953     70626     62912
     54676     62710     70400     77703     84580     90993     96907    102288    107108    111341    114962    117952    120296    121978    122992    123330    122992    121978    120296    117952    114962    111341    107108    102288     96907     90993     84580     77703     70400     62710
     54151     62108     69724     76957     83768     90119     95976    101306    106080    110271    113858    116820    119140    120807    121811    122146    121811    120807    119140    116820    113858    110271    106080    101306     95976     90119     83768     76957     69724     62108
     53281     61110     68603     75720     82422     88671     94433     99677    104374    108499    112028    114942    117225    118865    119852    120182    119852    118865    117225    114942    112028    108499    104374     99677     94433     88671     82422     75720     68603     61110
     52072     59723     67047     74002     80552     86659     92291     97416    102007    106038    109486    112334    114566    116169    117134    117456    117134    116169    114566    112334    109486    106038    102007     97416     92291     86659     80552     74002     67047     59723
     53107     60911     68380     75474     82153     88382     94126     99353    104035    108146    111663    114568    116844    118478    119462    119791    119462    118478    116844    114568    111663    108146    104035     99353     94126     88382     82153     75474     68380     60911
     54852     62912     70626     77953     84852     91285     97218    102617    107452    111698    115331    118331    120682    122370    123387    123726    123387    122370    120682    118331    115331    111698    107452    102617     97218     91285     84852     77953     70626     62912
     56265     64532     72445     79961     87038     93637     99722    105260    110220    114575    118302    121379    123790    125522    126565    126913    126565    125522    123790    121379    118302    114575    110220    105260     99722     93637     87038     79961     72445     64532
     57335     65759     73823     81481     88693     95417    101618    107261    112316    116754    120551    123687    126144    127909    128971    129326    128971    127909    126144    123687    120551    116754    112316    107261    101618     95417     88693     81481     73823     65759
     58053     66583     74747     82502     89803     96612    102891    108605    113722    118216    122061    125236    127724    129511    130587    130946    130587    129511    127724    125236    122061    118216    113722    108605    102891     96612     89803     82502     74747     66583
     58413     66996     75211     83014     90361     97212    103530    109279    114429    118950    122819    126014    128517    130315    131398    131759    131398    130315    128517    126014    122819    118950    114429    109279    103530     97212     90361     83014     75211     66996
     58413     66996     75211     83014     90361     97212    103530    109279    114429    118950    122819    126014    128517    130315    131398    131759    131398    130315    128517    126014    122819    118950    114429    109279    103530     97212     90361     83014     75211     66996
     58053     66583     74747     82502     89803     96612    102891    108605    113722    118216    122061    125236    127724    129511    130587    130946    130587    129511    127724    125236    122061    118216    113722    108605    102891     96612     89803     82502     74747     66583
     57335     65759     73823     81481     88693     95417    101618    107261    112316    116754    120551    123687    126144    127909    128971    129326    128971    127909    126144    123687    120551    116754    112316    107261    101618     95417     88693     81481     73823     65759
     56265     64532     72445     79961     87038     93637     99722    105260    110220    114575    118302    121379    123790    125522    126565    126913    126565    125522    123790    121379    118302    114575    110220    105260     99722     93637     87038     79961     72445     64532
     54852     62912     70626     77953     84852     91285     97218    102617    107452    111698    115331    118331    120682    122370    123387    123726    123387    122370    120682    118331    115331    111698    107452    102617     97218     91285     84852     77953     70626     62912
     53107     60911     68380     75474     82153     88382     94126     99353    104035    108146    111663    114568    116844    118478    119462    119791    119462    118478    116844    114568    111663    108146    104035     99353     94126     88382     82153     75474     68380     60911
     53107     60911     68380     75474     82153     88382     94126     99353    104035    108146    111663    114568    116844    118478    119462    119791    119462    118478    116844    114568    111663    108146    104035     99353     94126     88382     82153     75474     68380     60911
     55380     63517     71306     78703     85669     92164     98154    103604    108487    112773    116441    119470    121843    123548    124574    124917    124574    123548    121843    119470    116441    112773    108487    103604     98154     92164     85669     78703     71306     63517
     57335     65759     73823     81481     88693     95417    101618    107261    112316    116754    120551    123687    126144    127909    128971    129326    128971    127909    126144    123687    120551    116754    112316    107261    101618     95417     88693     81481     73823     65759
     58956     67618     75910     83785     91200     98115    104491    110294    115492    120055    123960    127184    129711    131525    132618    132983    132618    131525    129711    127184    123960    120055    115492    110294    104491     98115     91200     83785     75910     67618
     60230     69080     77551     85597     93172    100236    106750    112679    117988    122651    126640    129934    132515    134369    135485    135858    135485    134369    132515    129934    126640    122651    117988    112679    106750    100236     93172     85597     77551     69080
     61148     70133     78733     86901     94592    101764    108377    114396    119786    124520    128570    131914    134535    136417    137550    137928    137550    136417    134535    131914    128570    124520    119786    114396    108377    101764     94592     86901     78733     70133
     61702     70768     79446     87688     95448    102685    109358    115432    120871    125647    129734    133109    135753    137652    138795    139177    138795    137652    135753    133109    129734    125647    120871    115432    109358    102685     95448     87688     79446     70768
     61887     70980     79684     87951     95735    102993    109686    115778    121234    126024    130123    133508    136160    138065    139212    139595    139212    138065    136160    133508    130123    126024    121234    115778    109686    102993     95735     87951     79684     70980
     61702     70768     79446     87688     95448    102685    109358    115432    120871    125647    129734    133109    135753    137652    138795    139177    138795    137652    135753    133109    129734    125647    120871    115432    109358    102685     95448     87688     79446     70768
     61148     70133     78733     86901     94592    101764    108377    114396    119786    124520    128570    131914    134535    136417    137550    137928    137550    136417    134535    131914    128570    124520    119786    114396    108377    101764     94592     86901     78733     70133
     60230     69080     77551     85597     93172    100236    106750    112679    117988    122651    126640    129934    132515    134369    135485    135858    135485    134369    132515    129934    126640    122651    117988    112679    106750    100236     93172     85597     77551     69080
     58956     67618     75910     83785     91200     98115    104491    110294    115492    120055    123960    127184    129711    131525    132618    132983    132618    131525    129711    127184    123960    120055    115492    110294    104491     98115     91200     83785     75910     67618
     57335     65759     73823     81481     88693     95417    101618    107261    112316    116754    120551    123687    126144    127909    128971    129326    128971    127909    126144    123687    120551    116754    112316    107261    101618     95417     88693     81481     73823     65759
     55380     63517     71306     78703     85669     92164     98154    103604    108487    112773    116441    119470    121843    123548    124574    124917    124574    123548    121843    119470    116441    112773    108487    103604     98154     92164     85669     78703     71306     63517
     53107     60911     68380     75474     82153     88382     94126     99353    104035    108146    111663    114568    116844    118478    119462    119791    119462    118478    116844    114568    111663    108146    104035     99353     94126     88382     82153     75474     68380     60911
     52072     59723     67047     74002     80552     86659     92291     97416    102007    106038    109486    112334    114566    116169    117134    117456    117134    116169    114566    112334    109486    106038    102007     97416     92291     86659     80552     74002     67047     59723
     54852     62912     70626     77953     84852     91285     97218    102617    107452    111698    115331    118331    120682    122370    123387    123726    123387    122370    120682    118331    115331    111698    107452    102617     97218     91285     84852     77953     70626     62912
     57335     65759     73823     81481     88693     95417    101618    107261    112316    116754    120551    123687    126144    127909    128971    129326    128971    127909    126144    123687    120551    116754    112316    107261    101618     95417     88693     81481     73823     65759
     59500     68243     76612     84559     92043     99022    105457    111313    116559    121165    125105    128360    130909    132741    133844    134212    133844    132741    130909    128360    125105    121165    116559    111313    105457     99022     92043     84559     76612     68243
     61332     70344     78970     87163     94877    102071    108704    114741    120148    124895    128957    132312    134940    136828    137965    138344    137965    136828    134940    132312    128957    124895    120148    114741    108704    102071     94877     87163     78970     70344
     62816     72046     80880     89271     97172    104539    111333    117516    123054    127916    132076    135512    138204    140137    141301    141690    141301    140137    138204    135512    132076    127916    123054    117516    111333    104539     97172     89271     80880     72046
     63939     73334     82326     90867     98909    106408    113323    119617    125254    130203    134438    137935    140675    142643    143828    144223    143828    142643    140675    137935    134438    130203    125254    119617    113323    106408     98909     90867     82326     73334
     64693     74198     83297     91938    100075    107663    114659    121027    126730    131738    136022    139561    142333    144324    145523    145924    145523    144324    142333    139561    136022    131738    126730    121027    114659    107663    100075     91938     83297     74198
     65071     74632     83784     92476    100660    108292    115330    121735    127471    132508    136818    140377    143165    145168    146374    146777    146374    145168    143165    140377    136818    132508    127471    121735    115330    108292    100660     92476     83784     74632
     65071     74632     83784     92476    100660    108292    115330    121735    127471    132508    136818    140377    143165    145168    146374    146777    146374    145168    143165    140377    136818    132508    127471    121735    115330    108292    100660     92476     83784     74632
     64693     74198     83297     91938    100075    107663    114659    121027    126730    131738    136022    139561    142333    144324    145523    145924    145523    144324    142333    139561    136022    131738    126730    121027    114659    107663    100075     91938     83297     74198
     63939     73334     82326     90867     98909    106408    113323    119617    125254    130203    134438    137935    140675    142643    143828    144223    143828    142643    140675    137935    134438    130203    125254    119617    113323    106408     98909     90867     82326     73334
     62816     72046     80880     89271     97172    104539    111333    117516    123054    127916    132076    135512    138204    140137    141301    141690    141301    140137    138204    135512    132076    127916    123054    117516    111333    104539     97172     89271     80880     72046
     61332     70344     78970     87163     94877    102071    108704    114741    120148    124895    128957    132312    134940    136828    137965    138344    137965    136828    134940    132312    128957    124895    120148    114741    108704    102071     94877     87163     78970     70344
     59500     68243     76612     84559     92043     99022    105457    111313    116559    121165    125105    128360    130909    132741    133844    134212    133844    132741    130909    128360    125105    121165    116559    111313    105457     99022     92043     84559     76612     68243
     57335     65759     73823     81481     88693     95417    101618    107261    112316    116754    120551    123687    126144    127909    128971    129326    128971    127909    126144    123687    120551    116754    112316    107261    101618     95417     88693     81481     73823     65759
     54852     62912     70626     77953     84852     91285     97218    102617    107452    111698    115331    118331    120682    122370    123387    123726    123387    122370    120682    118331    115331    111698    107452    102617     97218     91285     84852     77953     70626     62912
     52072     59723     67047     74002     80552     86659     92291     97416    102007    106038    109486    112334    114566    116169    117134    117456    117134    116169    114566    112334    109486    106038    102007     97416     92291     86659     80552     74002     67047     59723
     53281     61110     68603     75720     82422     88671     94433     99677    104374    108499    112028    114942    117225    118865    119852    120182    119852    118865    117225    114942    112028    108499    104374     99677     94433     88671     82422     75720     68603     61110
     56265     64532     72445     79961     87038     93637     99722    105260    110220    114575    118302    121379    123790    125522    126565    126913    126565    125522    123790    121379    118302    114575    110220    105260     99722     93637     87038     79961     72445     64532
     58956     67618     75910     83785     91200     98115    104491    110294    115492    120055    123960    127184    129711    131525    132618    132983    132618    131525    129711    127184    123960    120055    115492    110294    104491     98115     91200     83785     75910     67618
     61332     70344     78970     87163     94877    102071    108704    114741    120148    124895    128957    132312    134940    136828    137965    138344    137965    136828    134940    132312    128957    124895    120148    114741    108704    102071     94877     87163     78970     70344
     63376     72689     81602     90068     98039    105472    112326    118564    124151    129057    133255    136721    139437    141387    142562    142954    142562    141387    139437    136721    133255    129057    124151    118564    112326    105472     98039     90068     81602     72689
     65071     74632     83784     92476    100660    108292    115330    121735    127471    132508    136818    140377    143165    145168    146374    146777    146374    145168    143165    140377    136818    132508    127471    121735    115330    108292    100660     92476     83784     74632
     66403     76160     85499     94369    102721    110509    117691    124227    130081    135221    139619    143251    146097    148140    149371    149782    149371    148140    146097    143251    139619    135221    130081    124227    117691    110509    102721     94369     85499     76160
     67363     77261     86735     95733    104205    112106    119391    126022    131960    137175    141636    145320    148207    150280    151529    151946    151529    150280    148207    145320    141636    137175    131960    126022    119391    112106    104205     95733     86735     77261
     67941     77924     87480     96555    105100    113069    120417    127104    133094    138353    142853    146568    149480    151571    152830    153251    152830    151571    149480    146568    142853    138353    133094    127104    120417    113069    105100     96555     87480     77924
     68134     78146     87729     96830    105399    113391    120760    127466    133472    138747    143259    146986    149905    152002    153265    153687    153265    152002    149905    146986    143259    138747    133472    127466    120760    113391    105399     96830     87729     78146
     67941     77924     87480     96555    105100    113069    120417    127104    133094    138353    142853    146568    149480    151571    152830    153251    152830    151571    149480    146568    142853    138353    133094    127104    120417    113069    105100     96555     87480     77924
     67363     77261     86735     95733    104205    112106    119391    126022    131960    137175    141636    145320    148207    150280    151529    151946    151529    150280    148207    145320    141636    137175    131960    126022    119391    112106    104205     95733     86735     77261
     66403     76160     85499     94369    102721    110509    117691    124227    130081    135221    139619    143251    146097    148140    149371    149782    149371    148140    146097    143251    139619    135221    130081    124227    117691    110509    102721     94369     85499     76160
     65071     74632     83784     92476    100660    108292    115330    121735    127471    132508    136818    140377    143165    145168    146374    146777    146374    145168    143165    140377    136818    132508    127471    121735    115330    108292    100660     92476     83784     74632
     63376     72689     81602     90068     98039    105472    112326    118564    124151    129057    133255    136721    139437    141387    142562    142954    142562    141387    139437    136721    133255    129057    124151    118564    112326    105472     98039     90068     81602     72689
     61332     70344     78970     87163     94877    102071    108704    114741    120148    124895    128957    132312    134940    136828    137965    138344    137965    136828    134940    132312    128957    124895    120148    114741    108704    102071     94877     87163     78970     70344
     58956     67618     75910     83785     91200     98115    104491    110294    115492    120055    123960    127184    129711    131525    132618    132983    132618    131525    129711    127184    123960    120055    115492    110294    104491     98115     91200     83785     75910     67618
     56265     64532     72445     79961     87038     93637     99722    105260    110220    114575    118302    121379    123790    125522    126565    126913    126565    125522    123790    121379    118302    114575    110220    105260     99722     93637     87038     79961     72445     64532
     53281     61110     68603     75720     82422     88671     94433     99677    104374    108499    112028    114942    117225    118865    119852    120182    119852    118865    117225    114942    112028    108499    104374     99677     94433     88671     82422     75720     68603     61110
     54151     62108     69724     76957     83768     90119     95976    101306    106080    110271    113858    116820    119140    120807    121811    122146    121811    120807    119140    116820    113858    110271    106080    101306     95976     90119     83768     76957     69724     62108
     57335     65759     73823     81481     88693     95417    101618    107261    112316    116754    120551    123687    126144    127909    128971    129326    128971    127909    126144    123687    120551    116754    112316    107261    101618     95417     88693     81481     73823     65759
     60230     69080     77551     85597     93172    100236    106750    112679    117988    122651    126640    129934    132515    134369    135485    135858    135485    134369    132515    129934    126640    122651    117988    112679    106750    100236     93172     85597     77551     69080
     62816     72046     80880     89271     97172    104539    111333    117516    123054    127916    132076    135512    138204    140137    141301    141690    141301    140137    138204    135512    132076    127916    123054    117516    111333    104539     97172     89271     80880     72046
     65071     74632     83784     92476    100660    108292    115330    121735    127471    132508    136818    140377    143165    145168    146374    146777    146374    145168    143165    140377    136818    132508    127471    121735    115330    108292    100660     92476     83784     74632
     66978     76820     86240     95186    103610    111466    118710    125302    131207    136392    140828    144491    147361    149423    150664    151079    150664    149423    147361    144491    140828    136392    131207    125302    118710    111466    103610     95186     86240     76820
     68522     78590     88227     97380    105999    114035    121446    128191    134231    139536    144074    147822    150758    152867    154137    154561    154137    152867    150758    147822    144074    139536    134231    128191    121446    114035    105999     97380     88227     78590
     69691     79931     89732     99041    107807    115980    123518    130377    136521    141916    146531    150343    153329    155474    156766    157197    156766    155474    153329    150343    146531    141916    136521    130377    123518    115980    107807     99041     89732     79931
     70475     80830     90742    100156    109020    117286    124908    131844    138057    143513    148180    152035    155055    157224    158530    158966    158530    157224    155055    152035    148180    143513    138057    131844    124908    117286    109020    100156     90742     80830
     70869     81282     91249    100715    109629    117941    125606    132581    138829    144314    149008    152884    155921    158102    159416    159854    159416    158102    155921    152884    149008    144314    138829    132581    125606    117941    109629    100715     91249     81282
     70869     81282     91249    100715    109629    117941    125606    132581    138829    144314    149008    152884    155921    158102    159416    159854    159416    158102    155921    152884    149008    144314    138829    132581    125606    117941    109629    100715     91249     81282
     70475     80830     90742    100156    109020    117286    124908    131844    138057    143513    148180    152035    155055    157224    158530    158966    158530    157224    155055    152035    148180    143513    138057    131844    124908    117286    109020    100156     90742     80830
     69691     79931     89732     99041    107807    115980    123518    130377    136521    141916    146531    150343    153329    155474    156766    157197    156766    155474    153329    150343    146531    141916    136521    130377    123518    115980    107807     99041     89732     79931
     68522     78590     88227     97380    105999    114035    121446    128191    134231    139536    144074    147822    150758    152867    154137    154561    154137    152867    150758    147822    144074    139536    134231    128191    121446    114035    105999     97380     88227     78590
     66978     76820     86240     95186    103610    111466    118710    125302    131207    136392    140828    144491    147361    149423    150664    151079    150664    149423    147361    144491    140828    136392    131207    125302    118710    111466    103610     95186     86240     76820
     65071     74632     83784     92476    100660    108292    115330    121735    127471    132508    136818    140377    143165    145168    146374    146777    146374    145168    143165    140377    136818    132508    127471    121735    115330    108292    100660     92476     83784     74632
     62816     72046     80880     89271     97172    104539    111333    117516    123054    127916    132076    135512    138204    140137    141301    141690    141301    140137    138204    135512    132076    127916    123054    117516    111333    104539     97172     89271     80880     72046
     60230     69080     77551     85597     93172    100236    106750    112679    117988    122651    126640    129934    132515    134369    135485    135858    135485    134369    132515    129934    126640    122651    117988    112679    106750    100236     93172     85597     77551     69080
     57335     65759     73823     81481     88693     95417    101618    107261    112316    116754    120551    123687    126144    127909    128971    129326    128971    127909    126144    123687    120551    116754    112316    107261    101618     95417     88693     81481     73823     65759
     54151     62108     69724     76957     83768     90119     95976    101306    106080    110271    113858    116820    119140    120807    121811    122146    121811    120807    119140    116820    113858    110271    106080    101306     95976     90119     83768     76957     69724     62108
     54676     62710     70400     77703     84580     90993     96907    102288    107108    111341    114962    117952    120296    121978    122992    123330    122992    121978    120296    117952    114962    111341    107108    102288     96907     90993     84580     77703     70400     62710
     58053     66583     74747     82502     89803     96612    102891    108605    113722    118216    122061    125236    127724    129511    130587    130946    130587    129511    127724    125236    122061    118216    113722    108605    102891     96612     89803     82502     74747     66583
     61148     70133     78733     86901     94592    101764    108377    114396    119786    124520    128570    131914    134535    136417    137550    137928    137550    136417    134535    131914    128570    124520    119786    114396    108377    101764     94592     86901     78733     70133
     63939     73334     82326     90867     98909    106408    113323    119617    125254    130203    134438    137935    140675    142643    143828    144223    143828    142643    140675    137935    134438    130203    125254    119617    113323    106408     98909     90867     82326     73334
     66403     76160     85499     94369    102721    110509    117691    124227    130081    135221    139619    143251    146097    148140    149371    149782    149371    148140    146097    143251    139619    135221    130081    124227    117691    110509    102721     94369     85499     76160
     68522     78590     88227     97380    105999    114035    121446    128191    134231    139536    144074    147822    150758    152867    154137    154561    154137    152867    150758    147822    144074    139536    134231    128191    121446    114035    105999     97380     88227     78590
     70279     80605     90489     99877    108716    116959    124560    131477    137672    143113    147767    151611    154623    156786    158088    158523    158088    156786    154623    151611    147767    143113    137672    131477    124560    116959    108716     99877     90489     80605
     71659     82189     92267    101839    110852    119256    127007    134060    140377    145924    150670    154589    157660    159866    161194    161638    161194    159866    157660    154589    150670    145924    140377    134060    127007    119256    110852    101839     92267     82189
     72653     83329     93547    103251    112389    120911    128768    135919    142324    147948    152760    156734    159847    162083    163430    163880    163430    162083    159847    156734    152760    147948    142324    135919    128768    120911    112389    103251     93547     83329
     73453     84246     94577    104388    113627    122242    130186    137416    143891    149577    154442    158459    161607    163868    165229    165684    165229    163868    161607    158459    154442    149577    143891    137416    130186    122242    113627    104388     94577     84246
     73253     84016     94319    104103    113317    121908    129831    137041    143499    149169    154021    158027    161166    163421    164778    165232    164778    163421    161166    158027    154021    149169    143499    137041    129831    121908    113317    104103     94319     84016
     72653     83329     93547    103251    112389    120911    128768    135919    142324    147948    152760    156734    159847    162083    163430    163880    163430    162083    159847    156734    152760    147948    142324    135919    128768    120911    112389    103251     93547     83329
     71659     82189     92267    101839    110852    119256    127007    134060    140377    145924    150670    154589    157660    159866    161194    161638    161194    159866    157660    154589    150670    145924    140377    134060    127007    119256    110852    101839     92267     82189
     70279     80605     90489     99877    108716    116959    124560    131477    137672    143113    147767    151611    154623    156786    158088    158523    158088    156786    154623    151611    147767    143113    137672    131477    124560    116959    108716     99877     90489     80605
     68522     78590     88227     97380    105999    114035    121446    128191    134231    139536    144074    147822    150758    152867    154137    154561    154137    152867    150758    147822    144074    139536    134231    128191    121446    114035    105999     97380     88227     78590
     66403     76160     85499     94369    102721    110509    117691    124227    130081    135221    139619    143251    146097    148140    149371    149782    149371    148140    146097    143251    139619    135221    130081    124227    117691    110509    102721     94369     85499     76160
     63939     73334     82326     90867     98909    106408    113323    119617    125254    130203    134438    137935    140675    142643    143828    144223    143828    142643    140675    137935    134438    130203    125254    119617    113323    106408     98909     90867     82326     73334
     61148     70133     78733     86901     94592    101764    108377    114396    119786    124520    128570    131914    134535    136417    137550    137928    137550    136417    134535    131914    128570    124520    119786    114396    108377    101764     94592     86901     78733     70133
     58053     66583     74747     82502     89803     96612    102891    108605    113722    118216    122061    125236    127724    129511    130587    130946    130587    129511    127724    125236    122061    118216    113722    108605    102891     96612     89803     82502     74747     66583
     54676     62710     70400     77703     84580     90993     96907    102288    107108    111341    114962    117952    120296    121978    122992    123330    122992    121978    120296    117952    114962    111341    107108    102288     96907     90993     84580     77703     70400     62710
     54852     62912     70626     77953     84852     91285     97218    102617    107452    111698    115331    118331    120682    122370    123387    123726    123387    122370    120682    118331    115331    111698    107452    102617     97218     91285     84852     77953     70626     62912
     58413     66996     75211     83014     90361     97212    103530    109279    114429    118950    122819    126014    128517    130315    131398    131759    131398    130315    128517    126014    122819    118950    114429    109279    103530     97212     90361     83014     75211     66996
     61702     70768     79446     87688     95448    102685    109358    115432    120871    125647    129734    133109    135753    137652    138795    139177    138795    137652    135753    133109    129734    125647    120871    115432    109358    102685     95448     87688     79446     70768
     64693     74198     83297     91938    100075    107663    114659    121027    126730    131738    136022    139561    142333    144324    145523    145924    145523    144324    142333    139561    136022    131738    126730    121027    114659    107663    100075     91938     83297     74198
     67363     77261     86735     95733    104205    112106    119391    126022    131960    137175    141636    145320    148207    150280    151529    151946    151529    150280    148207    145320    141636    137175    131960    126022    119391    112106    104205     95733     86735     77261
     69691     79931     89732     99041    107807    115980    123518    130377    136521    141916    146531    150343    153329    155474    156766    157197    156766    155474    153329    150343    146531    141916    136521    130377    123518    115980    107807     99041     89732     79931
     71659     82189     92267    101839    110852    119256    127007    134060    140377    145924    150670    154589    157660    159866    161194    161638    161194    159866    157660    154589    150670    145924    140377    134060    127007    119256    110852    101839     92267     82189
     74459     85399     95872    105817    115183    123916    131968    139297    145861    151625    156557    160629    163820    166111    167492    167952    167492    166111    163820    160629    156557    151625    145861    139297    131968    123916    115183    105817     95872     85399
     75268     86328     96914    106968    116434    125262    133403    140811    147447    153273    158258    162375    165600    167917    169312    169778    169312    167917    165600    162375    158258    153273    147447    140811    133403    125262    116434    106968     96914     86328
     75674     86794     97437    107545    117063    125938    134123    141571    148243    154100    159112    163251    166494    168823    170226    170694    170226    168823    166494    163251    159112    154100    148243    141571    134123    125938    117063    107545     97437     86794
     75674     86794     97437    107545    117063    125938    134123    141571    148243    154100    159112    163251    166494    168823    170226    170694    170226    168823    166494    163251    159112    154100    148243    141571    134123    125938    117063    107545     97437     86794
     75268     86328     96914    106968    116434    125262    133403    140811    147447    153273    158258    162375    165600    167917    169312    169778    169312    167917    165600    162375    158258    153273    147447    140811    133403    125262    116434    106968     96914     86328
     74459     85399     95872    105817    115183    123916    131968    139297    145861    151625    156557    160629    163820    166111    167492    167952    167492    166111    163820    160629    156557    151625    145861    139297    131968    123916    115183    105817     95872     85399
     71659     82189     92267    101839    110852    119256    127007    134060    140377    145924    150670    154589    157660    159866    161194    161638    161194    159866    157660    154589    150670    145924    140377    134060    127007    119256    110852    101839     92267     82189
     69691     79931     89732     99041    107807    115980    123518    130377    136521    141916    146531    150343    153329    155474    156766    157197    156766    155474    153329    150343    146531    141916    136521    130377    123518    115980    107807     99041     89732     79931
     67363     77261     86735     95733    104205    112106    119391    126022    131960    137175    141636    145320    148207    150280    151529    151946    151529    150280    148207    145320    141636    137175    131960    126022    119391    112106    104205     95733     86735     77261
     64693     74198     83297     91938    100075    107663    114659    121027    126730    131738    136022    139561    142333    144324    145523    145924    145523    144324    142333    139561    136022    131738    126730    121027    114659    107663    100075     91938     83297     74198
     61702     70768     79446     87688     95448    102685    109358    115432    120871    125647    129734    133109    135753    137652    138795    139177    138795    137652    135753    133109    129734    125647    120871    115432    109358    102685     95448     87688     79446     70768
     58413     66996     75211     83014     90361     97212    103530    109279    114429    118950    122819    126014    128517    130315    131398    131759    131398    130315    128517    126014    122819    118950    114429    109279    103530     97212     90361     83014     75211     66996
     54852     62912     70626     77953     84852     91285     97218    102617    107452    111698    115331    118331    120682    122370    123387    123726    123387    122370    120682    118331    115331    111698    107452    102617     97218     91285     84852     77953     70626     62912
     54676     62710     70400     77703     84580     90993     96907    102288    107108    111341    114962    117952    120296    121978    122992    123330    122992    121978    120296    117952    114962    111341    107108    102288     96907     90993     84580     77703     70400     62710
     58413     66996     75211     83014     90361     97212    103530    109279    114429    118950    122819    126014    128517    130315    131398    131759    131398    130315    128517    126014    122819    118950    114429    109279    103530     97212     90361     83014     75211     66996
     61887     70980     79684     87951     95735    102993    109686    115778    121234    126024    130123    133508    136160    138065    139212    139595    139212    138065    136160    133508    130123    126024    121234    115778    109686    102993     95735     87951     79684     70980
     65071     74632     83784     92476    100660    108292    115330    121735    127471    132508    136818    140377    143165    145168    146374    146777    146374    145168    143165    140377    136818    132508    127471    121735    115330    108292    100660     92476     83784     74632
     67941     77924     87480     96555    105100    113069    120417    127104    133094    138353    142853    146568    149480    151571    152830    153251    152830    151571    149480    146568    142853    138353    133094    127104    120417    113069    105100     96555     87480     77924
     70475     80830     90742    100156    109020    117286    124908    131844    138057    143513    148180    152035    155055    157224    158530    158966    158530    157224    155055    152035    148180    143513    138057    131844    124908    117286    109020    100156     90742     80830
     72653     83329     93547    103251    112389    120911    128768    135919    142324    147948    152760    156734    159847    162083    163430    163880    163430    162083    159847    156734    152760    147948    142324    135919    128768    120911    112389    103251     93547     83329
     74459     85399     95872    105817    115183    123916    131968    139297    145861    151625    156557    160629    163820    166111    167492    167952    167492    166111    163820    160629    156557    151625    145861    139297    131968    123916    115183    105817     95872     85399
     75878     87027     97699    107834    117378    126277    134484    141952    148641    154515    159540    163690    166942    169277    170684    171153    170684    169277    166942    163690    159540    154515    148641    141952    134484    126277    117378    107834     97699     87027
     76899     88199     99014    109286    118958    127977    136294    143863    150642    156595    161688    165894    169189    171556    172982    173458    172982    171556    169189    165894    161688    156595    150642    143863    136294    127977    118958    109286     99014     88199
     77516     88905     99807    110162    119911    129003    137386    145016    151849    157850    162984    167223    170545    172931    174368    174847    174368    172931    170545    167223    162984    157850    151849    145016    137386    129003    119911    110162     99807     88905
     77721     89142    100072    110454    120230    129345    137751    145401    152253    158269    163417    167667    170998    173390    174831    175312    174831    173390    170998    167667    163417    158269    152253    145401    137751    129345    120230    110454    100072     89142
     76899     88199     99014    109286    118958    127977    136294    143863    150642    156595    161688    165894    169189    171556    172982    173458    172982    171556    169189    165894    161688    156595    150642    143863    136294    127977    118958    109286     99014     88199
     75878     87027     97699    107834    117378    126277    134484    141952    148641    154515    159540    163690    166942    169277    170684    171153    170684    169277    166942    163690    159540    154515    148641    141952    134484    126277    117378    107834     97699     87027
     74459     85399     95872    105817    115183    123916    131968    139297    145861    151625    156557    160629    163820    166111    167492    167952    167492    166111    163820    160629    156557    151625    145861    139297    131968    123916    115183    105817     95872     85399
     72653     83329     93547    103251    112389    120911    128768    135919    142324    147948    152760    156734    159847    162083    163430    163880    163430    162083    159847    156734    152760    147948    142324    135919    128768    120911    112389    103251     93547     83329
     70475     80830     90742    100156    109020    117286    124908    131844    138057    143513    148180    152035    155055    157224    158530    158966    158530    157224    155055    152035    148180    143513    138057    131844    124908    117286    109020    100156     90742     80830
     67941     77924     87480     96555    105100    113069    120417    127104    133094    138353    142853    146568    149480    151571    152830    153251    152830    151571    149480    146568    142853    138353    133094    127104    120417    113069    105100     96555     87480     77924
     65071     74632     83784     92476    100660    108292    115330    121735    127471    132508    136818    140377    143165    145168    146374    146777    146374    145168    143165    140377    136818    132508    127471    121735    115330    108292    100660     92476     83784     74632
     61887     70980     79684     87951     95735    102993    109686    115778    121234    126024    130123    133508    136160    138065    139212    139595    139212    138065    136160    133508    130123    126024    121234    115778    109686    102993     95735     87951     79684     70980
     58413     66996     75211     83014     90361     97212    103530    109279    114429    118950    122819    126014    128517    130315    131398    131759    131398    130315    128517    126014    122819    118950    114429    109279    103530     97212     90361     83014     75211     66996
     54676     62710     70400     77703     84580     90993     96907    102288    107108    111341    114962    117952    120296    121978    122992    123330    122992    121978    120296    117952    114962    111341    107108    102288     96907     90993     84580     77703     70400     62710
     54151     62108     69724     76957     83768     90119     95976    101306    106080    110271    113858    116820    119140    120807    121811    122146    121811    120807    119140    116820    113858    110271    106080    101306     95976     90119     83768     76957     69724     62108
     58053     66583     74747     82502     89803     96612    102891    108605    113722    118216    122061    125236    127724    129511    130587    130946    130587    129511    127724    125236    122061    118216    113722    108605    102891     96612     89803     82502     74747     66583
     61702     70768     79446     87688     95448    102685    109358    115432    120871    125647    129734    133109    135753    137652    138795    139177    138795    137652    135753    133109    129734    125647    120871    115432    109358    102685     95448     87688     79446     70768
     65071     74632     83784     92476    100660    108292    115330    121735    127471    132508    136818    140377    143165    145168    146374    146777    146374    145168    143165    140377    136818    132508    127471    121735    115330    108292    100660     92476     83784     74632
     68134     78146     87729     96830    105399    113391    120760    127466    133472    138747    143259    146986    149905    152002    153265    153687    153265    152002    149905    146986    143259    138747    133472    127466    120760    113391    105399     96830     87729     78146
     70869     81282     91249    100715    109629    117941    125606    132581    138829    144314    149008    152884    155921    158102    159416    159854    159416    158102    155921    152884    149008    144314    138829    132581    125606    117941    109629    100715     91249     81282
     73253     84016     94319    104103    113317    121908    129831    137041    143499    149169    154021    158027    161166    163421    164778    165232    164778    163421    161166    158027    154021    149169    143499    137041    129831    121908    113317    104103     94319     84016
     75268     86328     96914    106968    116434    125262    133403    140811    147447    153273    158258    162375    165600    167917    169312    169778    169312    167917    165600    162375    158258    153273    147447    140811    133403    125262    116434    106968     96914     86328
     76899     88199     99014    109286    118958    127977    136294    143863    150642    156595    161688    165894    169189    171556    172982    173458    172982    171556    169189    165894    161688    156595    150642    143863    136294    127977    118958    109286     99014     88199
     78134     89615    100604    111041    120868    130032    138482    146173    153061    159109    164284    168558    171906    174311    175759    176243    175759    174311    171906    168558    164284    159109    153061    146173    138482    130032    120868    111041    100604     89615
     79378     91042    102206    112809    122793    132103    140688    148501    155499    161643    166900    171242    174643    177087    178558    179049    178558    177087    174643    171242    166900    161643    155499    148501    140688    132103    122793    112809    102206     91042
     79378     91042    102206    112809    122793    132103    140688    148501    155499    161643    166900    171242    174643    177087    178558    179049    178558    177087    174643    171242    166900    161643    155499    148501    140688    132103    122793    112809    102206     91042
     78962     90565    101670    112218    122149    131411    139951    147723    154684    160796    166026    170345    173729    176159    177622    178111    177622    176159    173729    170345    166026    160796    154684    147723    139951    131411    122149    112218    101670     90565
     78134     89615    100604    111041    120868    130032    138482    146173    153061    159109    164284    168558    171906    174311    175759    176243    175759    174311    171906    168558    164284    159109    153061    146173    138482    130032    120868    111041    100604     89615
     76899     88199     99014    109286    118958    127977    136294    143863    150642    156595    161688    165894    169189    171556    172982    173458    172982    171556    169189    165894    161688    156595    150642    143863    136294    127977    118958    109286     99014     88199
     75268     86328     96914    106968    116434    125262    133403    140811    147447    153273    158258    162375    165600    167917    169312    169778    169312    167917    165600    162375    158258    153273    147447    140811    133403    125262    116434    106968     96914     86328
     70869     81282     91249    100715    109629    117941    125606    132581    138829    144314    149008    152884    155921    158102    159416    159854    159416    158102    155921    152884    149008    144314    138829    132581    125606    117941    109629    100715     91249     81282
     68134     78146     87729     96830    105399    113391    120760    127466    133472    138747    143259    146986    149905    152002    153265    153687    153265    152002    149905    146986    143259    138747    133472    127466    120760    113391    105399     96830     87729     78146
     65071     74632     83784     92476    100660    108292    115330    121735    127471    132508    136818    140377    143165    145168    146374    146777    146374    145168    143165    140377    136818    132508    127471    121735    115330    108292    100660     92476     83784     74632
     61702     70768     79446     87688     95448    102685    109358    115432    120871    125647    129734    133109    135753    137652    138795    139177    138795    137652    135753    133109    129734    125647    120871    115432    109358    102685     95448     87688     79446     70768
     58053     66583     74747     82502     89803     96612    102891    108605    113722    118216    122061    125236    127724    129511    130587    130946    130587    129511    127724    125236    122061    118216    113722    108605    102891     96612     89803     82502     74747     66583
     54151     62108     69724     76957     83768     90119     95976    101306    106080    110271    113858    116820    119140    120807    121811    122146    121811    120807    119140    116820    113858    110271    106080    101306     95976     90119     83768     76957     69724     62108
     53281     61110     68603     75720     82422     88671     94433     99677    104374    108499    112028    114942    117225    118865    119852    120182    119852    118865    117225    114942    112028    108499    104374     99677     94433     88671     82422     75720     68603     61110
     57335     65759     73823     81481     88693     95417    101618    107261    112316    116754    120551    123687    126144    127909    128971    129326    128971    127909    126144    123687    120551    116754    112316    107261    101618     95417     88693     81481     73823     65759
     61148     70133     78733     86901     94592    101764    108377    114396    119786    124520    128570    131914    134535    136417    137550    137928    137550    136417    134535    131914    128570    124520    119786    114396    108377    101764     94592     86901     78733     70133
     64693     74198     83297     91938    100075    107663    114659    121027    126730    131738    136022    139561    142333    144324    145523    145924    145523    144324    142333    139561    136022    131738    126730    121027    114659    107663    100075     91938     83297     74198
     67941     77924     87480     96555    105100    113069    120417    127104    133094    138353    142853    146568    149480    151571    152830    153251    152830    151571    149480    146568    142853    138353    133094    127104    120417    113069    105100     96555     87480     77924
     70869     81282     91249    100715    109629    117941    125606    132581    138829    144314    149008    152884    155921    158102    159416    159854    159416    158102    155921    152884    149008    144314    138829    132581    125606    117941    109629    100715     91249     81282
     73453     84246     94577    104388    113627    122242    130186    137416    143891    149577    154442    158459    161607    163868    165229    165684    165229    163868    161607    158459    154442    149577    143891    137416    130186    122242    113627    104388     94577     84246
     75674     86794     97437    107545    117063    125938    134123    141571    148243    154100    159112    163251    166494    168823    170226    170694    170226    168823    166494    163251    159112    154100    148243    141571    134123    125938    117063    107545     97437     86794
     78962     90565    101670    112218    122149    131411    139951    147723    154684    160796    166026    170345    173729    176159    177622    178111    177622    176159    173729    170345    166026    160796    154684    147723    139951    131411    122149    112218    101670     90565
     80004     91760    103012    113698    123761    133144    141797    149671    156724    162917    168216    172592    176020    178483    179965    180461    179965    178483    176020    172592    168216    162917    156724    149671    141797    133144    123761    113698    103012     91760
     80632     92480    103820    114591    124732    134190    142910    150846    157955    164196    169537    173947    177402    179884    181379    181878    181379    179884    177402    173947    169537    164196    157955    150846    142910    134190    124732    114591    103820     92480
     80842     92721    104091    114889    125057    134539    143282    151239    158366    164624    169978    174400    177864    180352    181851    182351    181851    180352    177864    174400    169978    164624    158366    151239    143282    134539    125057    114889    104091     92721
     80632     92480    103820    114591    124732    134190    142910    150846    157955    164196    169537    173947    177402    179884    181379    181878    181379    179884    177402    173947    169537    164196    157955    150846    142910    134190    124732    114591    103820     92480
     80004     91760    103012    113698    123761    133144    141797    149671    156724    162917    168216    172592    176020    178483    179965    180461    179965    178483    176020    172592    168216    162917    156724    149671    141797    133144    123761    113698    103012     91760
     77516     88905     99807    110162    119911    129003    137386    145016    151849    157850    162984    167223    170545    172931    174368    174847    174368    172931    170545    167223    162984    157850    151849    145016    137386    129003    119911    110162     99807     88905
     75674     86794     97437    107545    117063    125938    134123    141571    148243    154100    159112    163251    166494    168823    170226    170694    170226    168823    166494    163251    159112    154100    148243    141571    134123    125938    117063    107545     97437     86794
     73453     84246     94577    104388    113627    122242    130186    137416    143891    149577    154442    158459    161607    163868    165229    165684    165229    163868    161607    158459    154442    149577    143891    137416    130186    122242    113627    104388     94577     84246
     70869     81282     91249    100715    109629    117941    125606    132581    138829    144314    149008    152884    155921    158102    159416    159854    159416    158102    155921    152884    149008    144314    138829    132581    125606    117941    109629    100715     91249     81282
     67941     77924     87480     96555    105100    113069    120417    127104    133094    138353    142853    146568    149480    151571    152830    153251    152830    151571    149480    146568    142853    138353    133094    127104    120417    113069    105100     96555     87480     77924
     64693     74198     83297     91938    100075    107663    114659    121027    126730    131738    136022    139561    142333    144324    145523    145924    145523    144324    142333    139561    136022    131738    126730    121027    114659    107663    100075     91938     83297     74198
     61148     70133     78733     86901     94592    101764    108377    114396    119786    124520    128570    131914    134535    136417    137550    137928    137550    136417    134535    131914    128570    124520    119786    114396    108377    101764     94592     86901     78733     70133
     57335     65759     73823     81481     88693     95417    101618    107261    112316    116754    120551    123687    126144    127909    128971    129326    128971    127909    126144    123687    120551    116754    112316    107261    101618     95417     88693     81481     73823     65759
     53281     61110     68603     75720     82422     88671     94433     99677    104374    108499    112028    114942    117225    118865    119852    120182    119852    118865    117225    114942    112028    108499    104374     99677     94433     88671     82422     75720     68603     61110
     52072     59723     67047     74002     80552     86659     92291     97416    102007    106038    109486    112334    114566    116169    117134    117456    117134    116169    114566    112334    109486    106038    102007     97416     92291     86659     80552     74002     67047     59723
     56265     64532     72445     79961     87038     93637     99722    105260    110220    114575    118302    121379    123790    125522    126565    126913    126565    125522    123790    121379    118302    114575    110220    105260     99722     93637     87038     79961     72445     64532
     60230     69080     77551     85597     93172    100236    106750    112679    117988    122651    126640    129934    132515    134369    135485    135858    135485    134369    132515    129934    126640    122651    117988    112679    106750    100236     93172     85597     77551     69080
     63939     73334     82326     90867     98909    106408    113323    119617    125254    130203    134438    137935    140675    142643    143828    144223    143828    142643    140675    137935    134438    130203    125254    119617    113323    106408     98909     90867     82326     73334
     67363     77261     86735     95733    104205    112106    119391    126022    131960    137175    141636    145320    148207    150280    151529    151946    151529    150280    148207    145320    141636    137175    131960    126022    119391    112106    104205     95733     86735     77261
     70475     80830     90742    100156    109020    117286    124908    131844    138057    143513    148180    152035    155055    157224    158530    158966    158530    157224    155055    152035    148180    143513    138057    131844    124908    117286    109020    100156     90742     80830
     75674     86794     97437    107545    117063    125938    134123    141571    148243    154100    159112    163251    166494    168823    170226    170694    170226    168823    166494    163251    159112    154100    148243    141571    134123    125938    117063    107545     97437     86794
     77721     89142    100072    110454    120230    129345    137751    145401    152253    158269    163417    167667    170998    173390    174831    175312    174831    173390    170998    167667    163417    158269    152253    145401    137751    129345    120230    110454    100072     89142
     79378     91042    102206    112809    122793    132103    140688    148501    155499    161643    166900    171242    174643    177087    178558    179049    178558    177087    174643    171242    166900    161643    155499    148501    140688    132103    122793    112809    102206     91042
     80632     92480    103820    114591    124732    134190    142910    150846    157955    164196    169537    173947    177402    179884    181379    181878    181379    179884    177402    173947    169537    164196    157955    150846    142910    134190    124732    114591    103820     92480
     81474     93445    104904    115787    126034    135590    144401    152420    159603    165910    171306    175762    179253    181761    183271    183775    183271    181761    179253    175762    171306    165910    159603    152420    144401    135590    126034    115787    104904     93445
     81896     93929    105447    116387    126687    136293    145150    153211    160430    166770    172194    176673    180182    182703    184221    184728    184221    182703    180182    176673    172194    166770    160430    153211    145150    136293    126687    116387    105447     93929
     81474     93445    104904    115787    126034    135590    144401    152420    159603    165910    171306    175762    179253    181761    183271    183775    183271    181761    179253    175762    171306    165910    159603    152420    144401    135590    126034    115787    104904     93445
     80632     92480    103820    114591    124732    134190    142910    150846    157955    164196    169537    173947    177402    179884    181379    181878    181379    179884    177402    173947    169537    164196    157955    150846    142910    134190    124732    114591    103820     92480
     79378     91042    102206    112809    122793    132103    140688    148501    155499    161643    166900    171242    174643    177087    178558    179049    178558    177087    174643    171242    166900    161643    155499    148501    140688    132103    122793    112809    102206     91042
     77721     89142    100072    110454    120230    129345    137751    145401    152253    158269    163417    167667    170998    173390    174831    175312    174831    173390    170998    167667    163417    158269    152253    145401    137751    129345    120230    110454    100072     89142
     75674     86794     97437    107545    117063    125938    134123    141571    148243    154100    159112    163251    166494    168823    170226    170694    170226    168823    166494    163251    159112    154100    148243    141571    134123    125938    117063    107545     97437     86794
     73253     84016     94319    104103    113317    121908    129831    137041    143499    149169    154021    158027    161166    163421    164778    165232    164778    163421    161166    158027    154021    149169    143499    137041    129831    121908    113317    104103     94319     84016
     70475     80830     90742    100156    109020    117286    124908    131844    138057    143513    148180    152035    155055    157224    158530    158966    158530    157224    155055    152035    148180    143513    138057    131844    124908    117286    109020    100156     90742     80830
     67363     77261     86735     95733    104205    112106    119391    126022    131960    137175    141636    145320    148207    150280    151529    151946    151529    150280    148207    145320    141636    137175    131960    126022    119391    112106    104205     95733     86735     77261
     63939     73334     82326     90867     98909    106408    113323    119617    125254    130203    134438    137935    140675    142643    143828    144223    143828    142643    140675    137935    134438    130203    125254    119617    113323    106408     98909     90867     82326     73334
     60230     69080     77551     85597     93172    100236    106750    112679    117988    122651    126640    129934    132515    134369    135485    135858    135485    134369    132515    129934    126640    122651    117988    112679    106750    100236     93172     85597     77551     69080
     56265     64532     72445     79961     87038     93637     99722    105260    110220    114575    118302    121379    123790    125522    126565    126913    126565    125522    123790    121379    118302    114575    110220    105260     99722     93637     87038     79961     72445     64532
     52072     59723     67047     74002     80552     86659     92291     97416    102007    106038    109486    112334    114566    116169    117134    117456    117134    116169    114566    112334    109486    106038    102007     97416     92291     86659     80552     74002     67047     59723
     54852     62912     70626     77953     84852     91285     97218    102617    107452    111698    115331    118331    120682    122370    123387    123726    123387    122370    120682    118331    115331    111698    107452    102617     97218     91285     84852     77953     70626     62912
     58956     67618     75910     83785     91200     98115    104491    110294    115492    120055    123960    127184    129711    131525    132618    132983    132618    131525    129711    127184    123960    120055    115492    110294    104491     98115     91200     83785     75910     67618
     62816     72046     80880     89271     97172    104539    111333    117516    123054    127916    132076    135512    138204    140137    141301    141690    141301    140137    138204    135512    132076    127916    123054    117516    111333    104539     97172     89271     80880     72046
     66403     76160     85499     94369    102721    110509    117691    124227    130081    135221    139619    143251    146097    148140    149371    149782    149371    148140    146097    143251    139619    135221    130081    124227    117691    110509    102721     94369     85499     76160
     69691     79931     89732     99041    107807    115980    123518    130377    136521    141916    146531    150343    153329    155474    156766    157197    156766    155474    153329    150343    146531    141916    136521    130377    123518    115980    107807     99041     89732     79931
     72653     83329     93547    103251    112389    120911    128768    135919    142324    147948    152760    156734    159847    162083    163430    163880    163430    162083    159847    156734    152760    147948    142324    135919    128768    120911    112389    103251     93547     83329
     75268     86328     96914    106968    116434    125262    133403    140811    147447    153273    158258    162375    165600    167917    169312    169778    169312    167917    165600    162375    158258    153273    147447    140811    133403    125262    116434    106968     96914     86328
     77516     88905     99807    110162    119911    129003    137386    145016    151849    157850    162984    167223    170545    172931    174368    174847    174368    172931    170545    167223    162984    157850    151849    145016    137386    129003    119911    110162     99807     88905
     79378     91042    102206    112809    122793    132103    140688    148501    155499    161643    166900    171242    174643    177087    178558    179049    178558    177087    174643    171242    166900    161643    155499    148501    140688    132103    122793    112809    102206     91042
     80842     92721    104091    114889    125057    134539    143282    151239    158366    164624    169978    174400    177864    180352    181851    182351    181851    180352    177864    174400    169978    164624    158366    151239    143282    134539    125057    114889    104091     92721
     82531     94658    106266    117290    127670    137350    146276    154399    161675    168064    173530    178044    181581    184121    185651    186161    185651    184121    181581    178044    173530    168064    161675    154399    146276    137350    127670    117290    106266     94658
     82744     94902    106539    117592    127999    137704    146653    154797    162091    168496    173977    178502    182048    184595    186128    186640    186128    184595    182048    178502    173977    168496    162091    154797    146653    137704    127999    117592    106539     94902
     82531     94658    106266    117290    127670    137350    146276    154399    161675    168064    173530    178044    181581    184121    185651    186161    185651    184121    181581    178044    173530    168064    161675    154399    146276    137350    127670    117290    106266     94658
     81896     93929    105447    116387    126687    136293    145150    153211    160430    166770    172194    176673    180182    182703    184221    184728    184221    182703    180182    176673    172194    166770    160430    153211    145150    136293    126687    116387    105447     93929
     80842     92721    104091    114889    125057    134539    143282    151239    158366    164624    169978    174400    177864    180352    181851    182351    181851    180352    177864    174400    169978    164624    158366    151239    143282    134539    125057    114889    104091     92721
     79378     91042    102206    112809    122793    132103    140688    148501    155499    161643    166900    171242    174643    177087    178558    179049    178558    177087    174643    171242    166900    161643    155499    148501    140688    132103    122793    112809    102206     91042
     75268     86328     96914    106968    116434    125262    133403    140811    147447    153273    158258    162375    165600    167917    169312    169778    169312    167917    165600    162375    158258    153273    147447    140811    133403    125262    116434    106968     96914     86328
     72653     83329     93547    103251    112389    120911    128768    135919    142324    147948    152760    156734    159847    162083    163430    163880    163430    162083    159847    156734    152760    147948    142324    135919    128768    120911    112389    103251     93547     83329
     69691     79931     89732     99041    107807    115980    123518    130377    136521    141916    146531    150343    153329    155474    156766    157197    156766    155474    153329    150343    146531    141916    136521    130377    123518    115980    107807     99041     89732     79931
     66403     76160     85499     94369    102721    110509    117691    124227    130081    135221    139619    143251    146097    148140    149371    149782    149371    148140    146097    143251    139619    135221    130081    124227    117691    110509    102721     94369     85499     76160
     62816     72046     80880     89271     97172    104539    111333    117516    123054    127916    132076    135512    138204    140137    141301    141690    141301    140137    138204    135512    132076    127916    123054    117516    111333    104539     97172     89271     80880     72046
     58956     67618     75910     83785     91200     98115    104491    110294    115492    120055    123960    127184    129711    131525    132618    132983    132618    131525    129711    127184    123960    120055    115492    110294    104491     98115     91200     83785     75910     67618
     54852     62912     70626     77953     84852     91285     97218    102617    107452    111698    115331    118331    120682    122370    123387    123726    123387    122370    120682    118331    115331    111698    107452    102617     97218     91285     84852     77953     70626     62912
     53107     60911     68380     75474     82153     88382     94126     99353    104035    108146    111663    114568    116844    118478    119462    119791    119462    118478    116844    114568    111663    108146    104035     99353     94126     88382     82153     75474     68380     60911
     57335     65759     73823     81481     88693     95417    101618    107261    112316    116754    120551    123687    126144    127909    128971    129326    128971    127909    126144    123687    120551    116754    112316    107261    101618     95417     88693     81481     73823     65759
     61332     70344     78970     87163     94877    102071    108704    114741    120148    124895    128957    132312    134940    136828    137965    138344    137965    136828    134940    132312    128957    124895    120148    114741    108704    102071     94877     87163     78970     70344
     65071     74632     83784     92476    100660    108292    115330    121735    127471    132508    136818    140377    143165    145168    146374    146777    146374    145168    143165    140377    136818    132508    127471    121735    115330    108292    100660     92476     83784     74632
     68522     78590     88227     97380    105999    114035    121446    128191    134231    139536    144074    147822    150758    152867    154137    154561    154137    152867    150758    147822    144074    139536    134231    128191    121446    114035    105999     97380     88227     78590
     71659     82189     92267    101839    110852    119256    127007    134060    140377    145924    150670    154589    157660    159866    161194    161638    161194    159866    157660    154589    150670    145924    140377    134060    127007    119256    110852    101839     92267     82189
     74459     85399     95872    105817    115183    123916    131968    139297    145861    151625    156557    160629    163820    166111    167492    167952    167492    166111    163820    160629    156557    151625    145861    139297    131968    123916    115183    105817     95872     85399
     76899     88199     99014    109286    118958    127977    136294    143863    150642    156595    161688    165894    169189    171556    172982    173458    172982    171556    169189    165894    161688    156595    150642    143863    136294    127977    118958    109286     99014     88199
     80632     92480    103820    114591    124732    134190    142910    150846    157955    164196    169537    173947    177402    179884    181379    181878    181379    179884    177402    173947    169537    164196    157955    150846    142910    134190    124732    114591    103820     92480
     81896     93929    105447    116387    126687    136293    145150    153211    160430    166770    172194    176673    180182    182703    184221    184728    184221    182703    180182    176673    172194    166770    160430    153211    145150    136293    126687    116387    105447     93929
     82744     94902    106539    117592    127999    137704    146653    154797    162091    168496    173977    178502    182048    184595    186128    186640    186128    184595    182048    178502    173977    168496    162091    154797    146653    137704    127999    117592    106539     94902
     83169     95390    107087    118196    128657    138412    147407    155593    162925    169363    174871    179420    182984    185544    187085    187600    187085    185544    182984    179420    174871    169363    162925    155593    147407    138412    128657    118196    107087     95390
     83169     95390    107087    118196    128657    138412    147407    155593    162925    169363    174871    179420    182984    185544    187085    187600    187085    185544    182984    179420    174871    169363    162925    155593    147407    138412    128657    118196    107087     95390
     82744     94902    106539    117592    127999    137704    146653    154797    162091    168496    173977    178502    182048    184595    186128    186640    186128    184595    182048    178502    173977    168496    162091    154797    146653    137704    127999    117592    106539     94902
     80632     92480    103820    114591    124732    134190    142910    150846    157955    164196    169537    173947    177402    179884    181379    181878    181379    179884    177402    173947    169537    164196    157955    150846    142910    134190    124732    114591    103820     92480
     78962     90565    101670    112218    122149    131411    139951    147723    154684    160796    166026    170345    173729    176159    177622    178111    177622    176159    173729    170345    166026    160796    154684    147723    139951    131411    122149    112218    101670     90565
     76899     88199     99014    109286    118958    127977    136294    143863    150642    156595    161688    165894    169189    171556    172982    173458    172982    171556    169189    165894    161688    156595    150642    143863    136294    127977    118958    109286     99014     88199
     74459     85399     95872    105817    115183    123916    131968    139297    145861    151625    156557    160629    163820    166111    167492    167952    167492    166111    163820    160629    156557    151625    145861    139297    131968    123916    115183    105817     95872     85399
     71659     82189     92267    101839    110852    119256    127007    134060    140377    145924    150670    154589    157660    159866    161194    161638    161194    159866    157660    154589    150670    145924    140377    134060    127007    119256    110852    101839     92267     82189
     68522     78590     88227     97380    105999    114035    121446    128191    134231    139536    144074    147822    150758    152867    154137    154561    154137    152867    150758    147822    144074    139536    134231    128191    121446    114035    105999     97380     88227     78590
     65071     74632     83784     92476    100660    108292    115330    121735    127471    132508    136818    140377    143165    145168    146374    146777    146374    145168    143165    140377    136818    132508    127471    121735    115330    108292    100660     92476     83784     74632
     61332     70344     78970     87163     94877    102071    108704    114741    120148    124895    128957    132312    134940    136828    137965    138344    137965    136828    134940    132312    128957    124895    120148    114741    108704    102071     94877     87163     78970     70344
     57335     65759     73823     81481     88693     95417    101618    107261    112316    116754    120551    123687    126144    127909    128971    129326    128971    127909    126144    123687    120551    116754    112316    107261    101618     95417     88693     81481     73823     65759
     53107     60911     68380     75474     82153     88382     94126     99353    104035    108146    111663    114568    116844    118478    119462    119791    119462    118478    116844    114568    111663    108146    104035     99353     94126     88382     82153     75474     68380     60911
     55380     63517     71306     78703     85669     92164     98154    103604    108487    112773    116441    119470    121843    123548    124574    124917    124574    123548    121843    119470    116441    112773    108487    103604     98154     92164     85669     78703     71306     63517
     59500     68243     76612     84559     92043     99022    105457    111313    116559    121165    125105    128360    130909    132741    133844    134212    133844    132741    130909    128360    125105    121165    116559    111313    105457     99022     92043     84559     76612     68243
     63376     72689     81602     90068     98039    105472    112326    118564    124151    129057    133255    136721    139437    141387    142562    142954    142562    141387    139437    136721    133255    129057    124151    118564    112326    105472     98039     90068     81602     72689
     66978     76820     86240     95186    103610    111466    118710    125302    131207    136392    140828    144491    147361    149423    150664    151079    150664    149423    147361    144491    140828    136392    131207    125302    118710    111466    103610     95186     86240     76820
     70279     80605     90489     99877    108716    116959    124560    131477    137672    143113    147767    151611    154623    156786    158088    158523    158088    156786    154623    151611    147767    143113    137672    131477    124560    116959    108716     99877     90489     80605
     75878     87027     97699    107834    117378    126277    134484    141952    148641    154515    159540    163690    166942    169277    170684    171153    170684    169277    166942    163690    159540    154515    148641    141952    134484    126277    117378    107834     97699     87027
     78134     89615    100604    111041    120868    130032    138482    146173    153061    159109    164284    168558    171906    174311    175759    176243    175759    174311    171906    168558    164284    159109    153061    146173    138482    130032    120868    111041    100604     89615
     80004     91760    103012    113698    123761    133144    141797    149671    156724    162917    168216    172592    176020    178483    179965    180461    179965    178483    176020    172592    168216    162917    156724    149671    141797    133144    123761    113698    103012     91760
     81474     93445    104904    115787    126034    135590    144401    152420    159603    165910    171306    175762    179253    181761    183271    183775    183271    181761    179253    175762    171306    165910    159603    152420    144401    135590    126034    115787    104904     93445
     82531     94658    106266    117290    127670    137350    146276    154399    161675    168064    173530    178044    181581    184121    185651    186161    185651    184121    181581    178044    173530    168064    161675    154399    146276    137350    127670    117290    106266     94658
     83169     95390    107087    118196    128657    138412    147407    155593    162925    169363    174871    179420    182984    185544    187085    187600    187085    185544    182984    179420    174871    169363    162925    155593    147407    138412    128657    118196    107087     95390
     83382     95634    107362    118499    128987    138767    147785    155992    163343    169797    175320    179880    183453    186020    187565    188081    187565    186020    183453    179880    175320    169797    163343    155992    147785    138767    128987    118499    107362     95634
     83169     95390    107087    118196    128657    138412    147407    155593    162925    169363    174871    179420    182984    185544    187085    187600    187085    185544    182984    179420    174871    169363    162925    155593    147407    138412    128657    118196    107087     95390
     82531     94658    106266    117290    127670    137350    146276    154399    161675    168064    173530    178044    181581    184121    185651    186161    185651    184121    181581    178044    173530    168064    161675    154399    146276    137350    127670    117290    106266     94658
     81474     93445    104904    115787    126034    135590    144401    152420    159603    165910    171306    175762    179253    181761    183271    183775    183271    181761    179253    175762    171306    165910    159603    152420    144401    135590    126034    115787    104904     93445
     80004     91760    103012    113698    123761    133144    141797    149671    156724    162917    168216    172592    176020    178483    179965    180461    179965    178483    176020    172592    168216    162917    156724    149671    141797    133144    123761    113698    103012     91760
     78134     89615    100604    111041    120868    130032    138482    146173    153061    159109    164284    168558    171906    174311    175759    176243    175759    174311    171906    168558    164284    159109    153061    146173    138482    130032    120868    111041    100604     89615
     73253     84016     94319    104103    113317    121908    129831    137041    143499    149169    154021    158027    161166    163421    164778    165232    164778    163421    161166    158027    154021    149169    143499    137041    129831    121908    113317    104103     94319     84016
     70279     80605     90489     99877    108716    116959    124560    131477    137672    143113    147767    151611    154623    156786    158088    158523    158088    156786    154623    151611    147767    143113    137672    131477    124560    116959    108716     99877     90489     80605
     66978     76820     86240     95186    103610    111466    118710    125302    131207    136392    140828    144491    147361    149423    150664    151079    150664    149423    147361    144491    140828    136392    131207    125302    118710    111466    103610     95186     86240     76820
     63376     72689     81602     90068     98039    105472    112326    118564    124151    129057    133255    136721    139437    141387    142562    142954    142562    141387    139437    136721    133255    129057    124151    118564    112326    105472     98039     90068     81602     72689
     59500     68243     76612     84559     92043     99022    105457    111313    116559    121165    125105    128360    130909    132741    133844    134212    133844    132741    130909    128360    125105    121165    116559    111313    105457     99022     92043     84559     76612     68243
     55380     63517     71306     78703     85669     92164     98154    103604    108487    112773    116441    119470    121843    123548    124574    124917    124574    123548    121843    119470    116441    112773    108487    103604     98154     92164     85669     78703     71306     63517
     53107     60911     68380     75474     82153     88382     94126     99353    104035    108146    111663    114568    116844    118478    119462    119791    119462    118478    116844    114568    111663    108146    104035     99353     94126     88382     82153     75474     68380     60911
     57335     65759     73823     81481     88693     95417    101618    107261    112316    116754    120551    123687    126144    127909    128971    129326    128971    127909    126144    123687    120551    116754    112316    107261    101618     95417     88693     81481     73823     65759
     61332     70344     78970     87163     94877    102071    108704    114741    120148    124895    128957    132312    134940    136828    137965    138344    137965    136828    134940    132312    128957    124895    120148    114741    108704    102071     94877     87163     78970     70344
     65071     74632     83784     92476    100660    108292    115330    121735    127471    132508    136818    140377    143165    145168    146374    146777    146374    145168    143165    140377    136818    132508    127471    121735    115330    108292    100660     92476     83784     74632
     68522     78590     88227     97380    105999    114035    121446    128191    134231    139536    144074    147822    150758    152867    154137    154561    154137    152867    150758    147822    144074    139536    134231    128191    121446    114035    105999     97380     88227     78590
     71659     82189     92267    101839    110852    119256    127007    134060    140377    145924    150670    154589    157660    159866    161194    161638    161194    159866    157660    154589    150670    145924    140377    134060    127007    119256    110852    101839     92267     82189
     74459     85399     95872    105817    115183    123916    131968    139297    145861    151625    156557    160629    163820    166111    167492    167952    167492    166111    163820    160629    156557    151625    145861    139297    131968    123916    115183    105817     95872     85399
     76899     88199     99014    109286    118958    127977    136294    143863    150642    156595    161688    165894    169189    171556    172982    173458    172982    171556    169189    165894    161688    156595    150642    143863    136294    127977    118958    109286     99014     88199
     78962     90565    101670    112218    122149    131411    139951    147723    154684    160796    166026    170345    173729    176159    177622    178111    177622    176159    173729    170345    166026    160796    154684    147723    139951    131411    122149    112218    101670     90565
     80632     92480    103820    114591    124732    134190    142910    150846    157955    164196    169537    173947    177402    179884    181379    181878    181379    179884    177402    173947    169537    164196    157955    150846    142910    134190    124732    114591    103820     92480
     82744     94902    106539    117592    127999    137704    146653    154797    162091    168496    173977    178502    182048    184595    186128    186640    186128    184595    182048    178502    173977    168496    162091    154797    146653    137704    127999    117592    106539     94902
     83169     95390    107087    118196    128657    138412    147407    155593    162925    169363    174871    179420    182984    185544    187085    187600    187085    185544    182984    179420    174871    169363    162925    155593    147407    138412    128657    118196    107087     95390
     83169     95390    107087    118196    128657    138412    147407    155593    162925    169363    174871    179420    182984    185544    187085    187600    187085    185544    182984    179420    174871    169363    162925    155593    147407    138412    128657    118196    107087     95390
     82744     94902    106539    117592    127999    137704    146653    154797    162091    168496    173977    178502    182048    184595    186128    186640    186128    184595    182048    178502    173977    168496    162091    154797    146653    137704    127999    117592    106539     94902
     81896     93929    105447    116387    126687    136293    145150    153211    160430    166770    172194    176673    180182    182703    184221    184728    184221    182703    180182    176673    172194    166770    160430    153211    145150    136293    126687    116387    105447     93929
     80632     92480    103820    114591    124732    134190    142910    150846    157955    164196    169537    173947    177402    179884    181379    181878    181379    179884    177402    173947    169537    164196    157955    150846    142910    134190    124732    114591    103820     92480
     76899     88199     99014    109286    118958    127977    136294    143863    150642    156595    161688    165894    169189    171556    172982    173458    172982    171556    169189    165894    161688    156595    150642    143863    136294    127977    118958    109286     99014     88199
     74459     85399     95872    105817    115183    123916    131968    139297    145861    151625    156557    160629    163820    166111    167492    167952    167492    166111    163820    160629    156557    151625    145861    139297    131968    123916    115183    105817     95872     85399
     71659     82189     92267    101839    110852    119256    127007    134060    140377    145924    150670    154589    157660    159866    161194    161638    161194    159866    157660    154589    150670    145924    140377    134060    127007    119256    110852    101839     92267     82189
     68522     78590     88227     97380    105999    114035    121446    128191    134231    139536    144074    147822    150758    152867    154137    154561    154137    152867    150758    147822    144074    139536    134231    128191    121446    114035    105999     97380     88227     78590
     65071     74632     83784     92476    100660    108292    115330    121735    127471    132508    136818    140377    143165    145168    146374    146777    146374    145168    143165    140377    136818    132508    127471    121735    115330    108292    100660     92476     83784     74632
     61332     70344     78970     87163     94877    102071    108704    114741    120148    124895    128957    132312    134940    136828    137965    138344    137965    136828    134940    132312    128957    124895    120148    114741    108704    102071     94877     87163     78970     70344
     57335     65759     73823     81481     88693     95417    101618    107261    112316    116754    120551    123687    126144    127909    128971    129326    128971    127909    126144    123687    120551    116754    112316    107261    101618     95417     88693     81481     73823     65759
     53107     60911     68380     75474     82153     88382     94126     99353    104035    108146    111663    114568    116844    118478    119462    119791    119462    118478    116844    114568    111663    108146    104035     99353     94126     88382     82153     75474     68380     60911
     54852     62912     70626     77953     84852     91285     97218    102617    107452    111698    115331    118331    120682    122370    123387    123726    123387    122370    120682    118331    115331    111698    107452    102617     97218     91285     84852     77953     70626     62912
     58956     67618     75910     83785     91200     98115    104491    110294    115492    120055    123960    127184    129711    131525    132618    132983    132618    131525    129711    127184    123960    120055    115492    110294    104491     98115     91200     83785     75910     67618
     62816     72046     80880     89271     97172    104539    111333    117516    123054    127916    132076    135512    138204    140137    141301    141690    141301    140137    138204    135512    132076    127916    123054    117516    111333    104539     97172     89271     80880     72046
     66403     76160     85499     94369    102721    110509    117691    124227    130081    135221    139619    143251    146097    148140    149371    149782    149371    148140    146097    143251    139619    135221    130081    124227    117691    110509    102721     94369     85499     76160
     69691     79931     89732     99041    107807    115980    123518    130377    136521    141916    146531    150343    153329    155474    156766    157197    156766    155474    153329    150343    146531    141916    136521    130377    123518    115980    107807     99041     89732     79931
     72653     83329     93547    103251    112389    120911    128768    135919    142324    147948    152760    156734    159847    162083    163430    163880    163430    162083    159847    156734    152760    147948    142324    135919    128768    120911    112389    103251     93547     83329
     75268     86328     96914    106968    116434    125262    133403    140811    147447    153273    158258    162375    165600    167917    169312    169778    169312    167917    165600    162375    158258    153273    147447    140811    133403    125262    116434    106968     96914     86328
     79378     91042    102206    112809    122793    132103    140688    148501    155499    161643    166900    171242    174643    177087    178558    179049    178558    177087    174643    171242    166900    161643    155499    148501    140688    132103    122793    112809    102206     91042
     80842     92721    104091    114889    125057    134539    143282    151239    158366    164624    169978    174400    177864    180352    181851    182351    181851    180352    177864    174400    169978    164624    158366    151239    143282    134539    125057    114889    104091     92721
     81896     93929    105447    116387    126687    136293    145150    153211    160430    166770    172194    176673    180182    182703    184221    184728    184221    182703    180182    176673    172194    166770    160430    153211    145150    136293    126687    116387    105447     93929
     82531     94658    106266    117290    127670    137350    146276    154399    161675    168064    173530    178044    181581    184121    185651    186161    185651    184121    181581    178044    173530    168064    161675    154399    146276    137350    127670    117290    106266     94658
     82744     94902    106539    117592    127999    137704    146653    154797    162091    168496    173977    178502    182048    184595    186128    186640    186128    184595    182048    178502    173977    168496    162091    154797    146653    137704    127999    117592    106539     94902
     82531     94658    106266    117290    127670    137350    146276    154399    161675    168064    173530    178044    181581    184121    185651    186161    185651    184121    181581    178044    173530    168064    161675    154399    146276    137350    127670    117290    106266     94658
     80842     92721    104091    114889    125057    134539    143282    151239    158366    164624    169978    174400    177864    180352    181851    182351    181851    180352    177864    174400    169978    164624    158366    151239    143282    134539    125057    114889    104091     92721
     79378     91042    102206    112809    122793    132103    140688    148501    155499    161643    166900    171242    174643    177087    178558    179049    178558    177087    174643    171242    166900    161643    155499    148501    140688    132103    122793    112809    102206     91042
     77516     88905     99807    110162    119911    129003    137386    145016    151849    157850    162984    167223    170545    172931    174368    174847    174368    172931    170545    167223    162984    157850    151849    145016    137386    129003    119911    110162     99807     88905
     75268     86328     96914    106968    116434    125262    133403    140811    147447    153273    158258    162375    165600    167917    169312    169778    169312    167917    165600    162375    158258    153273    147447    140811    133403    125262    116434    106968     96914     86328
     72653     83329     93547    103251    112389    120911    128768    135919    142324    147948    152760    156734    159847    162083    163430    163880    163430    162083    159847    156734    152760    147948    142324    135919    128768    120911    112389    103251     93547     83329
     69691     79931     89732     99041    107807    115980    123518    130377    136521    141916    146531    150343    153329    155474    156766    157197    156766    155474    153329    150343    146531    141916    136521    130377    123518    115980    107807     99041     89732     79931
     66403     76160     85499     94369    102721    110509    117691    124227    130081    135221    139619    143251    146097    148140    149371    149782    149371    148140    146097    143251    139619    135221    130081    124227    117691    110509    102721     94369     85499     76160
     62816     72046     80880     89271     97172    104539    111333    117516    123054    127916    132076    135512    138204    140137    141301    141690    141301    140137    138204    135512    132076    127916    123054    117516    111333    104539     97172     89271     80880     72046
     58956     67618     75910     83785     91200     98115    104491    110294    115492    120055    123960    127184    129711    131525    132618    132983    132618    131525    129711    127184    123960    120055    115492    110294    104491     98115     91200     83785     75910     67618
     54852     62912     70626     77953     84852     91285     97218    102617    107452    111698    115331    118331    120682    122370    123387    123726    123387    122370    120682    118331    115331    111698    107452    102617     97218     91285     84852     77953     70626     62912
     52072     59723     67047     74002     80552     86659     92291     97416    102007    106038    109486    112334    114566    116169    117134    117456    117134    116169    114566    112334    109486    106038    102007     97416     92291     86659     80552     74002     67047     59723
     56265     64532     72445     79961     87038     93637     99722    105260    110220    114575    118302    121379    123790    125522    126565    126913    126565    125522    123790    121379    118302    114575    110220    105260     99722     93637     87038     79961     72445     64532
     60230     69080     77551     85597     93172    100236    106750    112679    117988    122651    126640    129934    132515    134369    135485    135858    135485    134369    132515    129934    126640    122651    117988    112679    106750    100236     93172     85597     77551     69080
     63939     73334     82326     90867     98909    106408    113323    119617    125254    130203    134438    137935    140675    142643    143828    144223    143828    142643    140675    137935    134438    130203    125254    119617    113323    106408     98909     90867     82326     73334
     67363     77261     86735     95733    104205    112106    119391    126022    131960    137175    141636    145320    148207    150280    151529    151946    151529    150280    148207    145320    141636    137175    131960    126022    119391    112106    104205     95733     86735     77261
     70475     80830     90742    100156    109020    117286    124908    131844    138057    143513    148180    152035    155055    157224    158530    158966    158530    157224    155055    152035    148180    143513    138057    131844    124908    117286    109020    100156     90742     80830
     73253     84016     94319    104103    113317    121908    129831    137041    143499    149169    154021    158027    161166    163421    164778    165232    164778    163421    161166    158027    154021    149169    143499    137041    129831    121908    113317    104103     94319     84016
     75674     86794     97437    107545    117063    125938    134123    141571    148243    154100    159112    163251    166494    168823    170226    170694    170226    168823    166494    163251    159112    154100    148243    141571    134123    125938    117063    107545     97437     86794
     77721     89142    100072    110454    120230    129345    137751    145401    152253    158269    163417    167667    170998    173390    174831    175312    174831    173390    170998    167667    163417    158269    152253    145401    137751    129345    120230    110454    100072     89142
     79378     91042    102206    112809    122793    132103    140688    148501    155499    161643    166900    171242    174643    177087    178558    179049    178558    177087    174643    171242    166900    161643    155499    148501    140688    132103    122793    112809    102206     91042
     80632     92480    103820    114591    124732    134190    142910    150846    157955    164196    169537    173947    177402    179884    181379    181878    181379    179884    177402    173947    169537    164196    157955    150846    142910    134190    124732    114591    103820     92480
     81474     93445    104904    115787    126034    135590    144401    152420    159603    165910    171306    175762    179253    181761    183271    183775    183271    181761    179253    175762    171306    165910    159603    152420    144401    135590    126034    115787    104904     93445
     81896     93929    105447    116387    126687    136293    145150    153211    160430    166770    172194    176673    180182    182703    184221    184728    184221    182703    180182    176673    172194    166770    160430    153211    145150    136293    126687    116387    105447     93929
     81474     93445    104904    115787    126034    135590    144401    152420    159603    165910    171306    175762    179253    181761    183271    183775    183271    181761    179253    175762    171306    165910    159603    152420    144401    135590    126034    115787    104904     93445
     80632     92480    103820    114591    124732    134190    142910    150846    157955    164196    169537    173947    177402    179884    181379    181878    181379    179884    177402    173947    169537    164196    157955    150846    142910    134190    124732    114591    103820     92480
     79378     91042    102206    112809    122793    132103    140688    148501    155499    161643    166900    171242    174643    177087    178558    179049    178558    177087    174643    171242    166900    161643    155499    148501    140688    132103    122793    112809    102206     91042
     77721     89142    100072    110454    120230    129345    137751    145401    152253    158269    163417    167667    170998    173390    174831    175312    174831    173390    170998    167667    163417    158269    152253    145401    137751    129345    120230    110454    100072     89142
     75674     86794     97437    107545    117063    125938    134123    141571    148243    154100    159112    163251    166494    168823    170226    170694    170226    168823    166494    163251    159112    154100    148243    141571    134123    125938    117063    107545     97437     86794
     70475     80830     90742    100156    109020    117286    124908    131844    138057    143513    148180    152035    155055    157224    158530    158966    158530    157224    155055    152035    148180    143513    138057    131844    124908    117286    109020    100156     90742     80830
     67363     77261     86735     95733    104205    112106    119391    126022    131960    137175    141636    145320    148207    150280    151529    151946    151529    150280    148207    145320    141636    137175    131960    126022    119391    112106    104205     95733     86735     77261
     63939     73334     82326     90867     98909    106408    113323    119617    125254    130203    134438    137935    140675    142643    143828    144223    143828    142643    140675    137935    134438    130203    125254    119617    113323    106408     98909     90867     82326     73334
     60230     69080     77551     85597     93172    100236    106750    112679    117988    122651    126640    129934    132515    134369    135485    135858    135485    134369    132515    129934    126640    122651    117988    112679    106750    100236     93172     85597     77551     69080
     56265     64532     72445     79961     87038     93637     99722    105260    110220    114575    118302    121379    123790    125522    126565    126913    126565    125522    123790    121379    118302    114575    110220    105260     99722     93637     87038     79961     72445     64532
     52072     59723     67047     74002     80552     86659     92291     97416    102007    106038    109486    112334    114566    116169    117134    117456    117134    116169    114566    112334    109486    106038    102007     97416     92291     86659     80552     74002     67047     59723
     53281     61110     68603     75720     82422     88671     94433     99677    104374    108499    112028    114942    117225    118865    119852    120182    119852    118865    117225    114942    112028    108499    104374     99677     94433     88671     82422     75720     68603     61110
     57335     65759     73823     81481     88693     95417    101618    107261    112316    116754    120551    123687    126144    127909    128971    129326    128971    127909    126144    123687    120551    116754    112316    107261    101618     95417     88693     81481     73823     65759
     61148     70133     78733     86901     94592    101764    108377    114396    119786    124520    128570    131914    134535    136417    137550    137928    137550    136417    134535    131914    128570    124520    119786    114396    108377    101764     94592     86901     78733     70133
     64693     74198     83297     91938    100075    107663    114659    121027    126730    131738    136022    139561    142333    144324    145523    145924    145523    144324    142333    139561    136022    131738    126730    121027    114659    107663    100075     91938     83297     74198
     67941     77924     87480     96555    105100    113069    120417    127104    133094    138353    142853    146568    149480    151571    152830    153251    152830    151571    149480    146568    142853    138353    133094    127104    120417    113069    105100     96555     87480     77924
     70869     81282     91249    100715    109629    117941    125606    132581    138829    144314    149008    152884    155921    158102    159416    159854    159416    158102    155921    152884    149008    144314    138829    132581    125606    117941    109629    100715     91249     81282
     73453     84246     94577    104388    113627    122242    130186    137416    143891    149577    154442    158459    161607    163868    165229    165684    165229    163868    161607    158459    154442    149577    143891    137416    130186    122242    113627    104388     94577     84246
     75674     86794     97437    107545    117063    125938    134123    141571    148243    154100    159112    163251    166494    168823    170226    170694    170226    168823    166494    163251    159112    154100    148243    141571    134123    125938    117063    107545     97437     86794
     77516     88905     99807    110162    119911    129003    137386    145016    151849    157850    162984    167223    170545    172931    174368    174847    174368    172931    170545    167223    162984    157850    151849    145016    137386    129003    119911    110162     99807     88905
     80004     91760    103012    113698    123761    133144    141797    149671    156724    162917    168216    172592    176020    178483    179965    180461    179965    178483    176020    172592    168216    162917    156724    149671    141797    133144    123761    113698    103012     91760
     80632     92480    103820    114591    124732    134190    142910    150846    157955    164196    169537    173947    177402    179884    181379    181878    181379    179884    177402    173947    169537    164196    157955    150846    142910    134190    124732    114591    103820     92480
     80842     92721    104091    114889    125057    134539    143282    151239    158366    164624    169978    174400    177864    180352    181851    182351    181851    180352    177864    174400    169978    164624    158366    151239    143282    134539    125057    114889    104091     92721
     80632     92480    103820    114591    124732    134190    142910    150846    157955    164196    169537    173947    177402    179884    181379    181878    181379    179884    177402    173947    169537    164196    157955    150846    142910    134190    124732    114591    103820     92480
     80004     91760    103012    113698    123761    133144    141797    149671    156724    162917    168216    172592    176020    178483    179965    180461    179965    178483    176020    172592    168216    162917    156724    149671    141797    133144    123761    113698    103012     91760
     78962     90565    101670    112218    122149    131411    139951    147723    154684    160796    166026    170345    173729    176159    177622    178111    177622    176159    173729    170345    166026    160796    154684    147723    139951    131411    122149    112218    101670     90565
     77516     88905     99807    110162    119911    129003    137386    145016    151849    157850    162984    167223    170545    172931    174368    174847    174368    172931    170545    167223    162984    157850    151849    145016    137386    129003    119911    110162     99807     88905
     73453     84246     94577    104388    113627    122242    130186    137416    143891    149577    154442    158459    161607    163868    165229    165684    165229    163868    161607    158459    154442    149577    143891    137416    130186    122242    113627    104388     94577     84246
     70869     81282     91249    100715    109629    117941    125606    132581    138829    144314    149008    152884    155921    158102    159416    159854    159416    158102    155921    152884    149008    144314    138829    132581    125606    117941    109629    100715     91249     81282
     67941     77924     87480     96555    105100    113069    120417    127104    133094    138353    142853    146568    149480    151571    152830    153251    152830    151571    149480    146568    142853    138353    133094    127104    120417    113069    105100     96555     87480     77924
     64693     74198     83297     91938    100075    107663    114659    121027    126730    131738    136022    139561    142333    144324    145523    145924    145523    144324    142333    139561    136022    131738    126730    121027    114659    107663    100075     91938     83297     74198
     61148     70133     78733     86901     94592    101764    108377    114396    119786    124520    128570    131914    134535    136417    137550    137928    137550    136417    134535    131914    128570    124520    119786    114396    108377    101764     94592     86901     78733     70133
     57335     65759     73823     81481     88693     95417    101618    107261    112316    116754    120551    123687    126144    127909    128971    129326    128971    127909    126144    123687    120551    116754    112316    107261    101618     95417     88693     81481     73823     65759
     53281     61110     68603     75720     82422     88671     94433     99677    104374    108499    112028    114942    117225    118865    119852    120182    119852    118865    117225    114942    112028    108499    104374     99677     94433     88671     82422     75720     68603     61110
     54151     62108     69724     76957     83768     90119     95976    101306    106080    110271    113858    116820    119140    120807    121811    122146    121811    120807    119140    116820    113858    110271    106080    101306     95976     90119     83768     76957     69724     62108
     58053     66583     74747     82502     89803     96612    102891    108605    113722    118216    122061    125236    127724    129511    130587    130946    130587    129511    127724    125236    122061    118216    113722    108605    102891     96612     89803     82502     74747     66583
     61702     70768     79446     87688     95448    102685    109358    115432    120871    125647    129734    133109    135753    137652    138795    139177    138795    137652    135753    133109    129734    125647    120871    115432    109358    102685     95448     87688     79446     70768
     65071     74632     83784     92476    100660    108292    115330    121735    127471    132508    136818    140377    143165    145168    146374    146777    146374    145168    143165    140377    136818    132508    127471    121735    115330    108292    100660     92476     83784     74632
     68134     78146     87729     96830    105399    113391    120760    127466    133472    138747    143259    146986    149905    152002    153265    153687    153265    152002    149905    146986    143259    138747    133472    127466    120760    113391    105399     96830     87729     78146
     70869     81282     91249    100715    109629    117941    125606    132581    138829    144314    149008    152884    155921    158102    159416    159854    159416    158102    155921    152884    149008    144314    138829    132581    125606    117941    109629    100715     91249     81282
     75268     86328     96914    106968    116434    125262    133403    140811    147447    153273    158258    162375    165600    167917    169312    169778    169312    167917    165600    162375    158258    153273    147447    140811    133403    125262    116434    106968     96914     86328
     76899     88199     99014    109286    118958    127977    136294    143863    150642    156595    161688    165894    169189    171556    172982    173458    172982    171556    169189    165894    161688    156595    150642    143863    136294    127977    118958    109286     99014     88199
     78134     89615    100604    111041    120868    130032    138482    146173    153061    159109    164284    168558    171906    174311    175759    176243    175759    174311    171906    168558    164284    159109    153061    146173    138482    130032    120868    111041    100604     89615
     78962     90565    101670    112218    122149    131411    139951    147723    154684    160796    166026    170345    173729    176159    177622    178111    177622    176159    173729    170345    166026    160796    154684    147723    139951    131411    122149    112218    101670     90565
     79378     91042    102206    112809    122793    132103    140688    148501    155499    161643    166900    171242    174643    177087    178558    179049    178558    177087    174643    171242    166900    161643    155499    148501    140688    132103    122793    112809    102206     91042
     79378     91042    102206    112809    122793    132103    140688    148501    155499    161643    166900    171242    174643    177087    178558    179049    178558    177087    174643    171242    166900    161643    155499    148501    140688    132103    122793    112809    102206     91042
     78134     89615    100604    111041    120868    130032    138482    146173    153061    159109    164284    168558    171906    174311    175759    176243    175759    174311    171906    168558    164284    159109    153061    146173    138482    130032    120868    111041    100604     89615
     76899     88199     99014    109286    118958    127977    136294    143863    150642    156595    161688    165894    169189    171556    172982    173458    172982    171556    169189    165894    161688    156595    150642    143863    136294    127977    118958    109286     99014     88199
     75268     86328     96914    106968    116434    125262    133403    140811    147447    153273    158258    162375    165600    167917    169312    169778    169312    167917    165600    162375    158258    153273    147447    140811    133403    125262    116434    106968     96914     86328
     73253     84016     94319    104103    113317    121908    129831    137041    143499    149169    154021    158027    161166    163421    164778    165232    164778    163421    161166    158027    154021    149169    143499    137041    129831    121908    113317    104103     94319     84016
     70869     81282     91249    100715    109629    117941    125606    132581    138829    144314    149008    152884    155921    158102    159416    159854    159416    158102    155921    152884    149008    144314    138829    132581    125606    117941    109629    100715     91249     81282
     68134     78146     87729     96830    105399    113391    120760    127466    133472    138747    143259    146986    149905    152002    153265    153687    153265    152002    149905    146986    143259    138747    133472    127466    120760    113391    105399     96830     87729     78146
     65071     74632     83784     92476    100660    108292    115330    121735    127471    132508    136818    140377    143165    145168    146374    146777    146374    145168    143165    140377    136818    132508    127471    121735    115330    108292    100660     92476     83784     74632
     61702     70768     79446     87688     95448    102685    109358    115432    120871    125647    129734    133109    135753    137652    138795    139177    138795    137652    135753    133109    129734    125647    120871    115432    109358    102685     95448     87688     79446     70768
     58053     66583     74747     82502     89803     96612    102891    108605    113722    118216    122061    125236    127724    129511    130587    130946    130587    129511    127724    125236    122061    118216    113722    108605    102891     96612     89803     82502     74747     66583
     54151     62108     69724     76957     83768     90119     95976    101306    106080    110271    113858    116820    119140    120807    121811    122146    121811    120807    119140    116820    113858    110271    106080    101306     95976     90119     83768     76957     69724     62108
     54676     62710     70400     77703     84580     90993     96907    102288    107108    111341    114962    117952    120296    121978    122992    123330    122992    121978    120296    117952    114962    111341    107108    102288     96907     90993     84580     77703     70400     62710
     58413     66996     75211     83014     90361     97212    103530    109279    114429    118950    122819    126014    128517    130315    131398    131759    131398    130315    128517    126014    122819    118950    114429    109279    103530     97212     90361     83014     75211     66996
     61887     70980     79684     87951     95735    102993    109686    115778    121234    126024    130123    133508    136160    138065    139212    139595    139212    138065    136160    133508    130123    126024    121234    115778    109686    102993     95735     87951     79684     70980
     65071     74632     83784     92476    100660    108292    115330    121735    127471    132508    136818    140377    143165    145168    146374    146777    146374    145168    143165    140377    136818    132508    127471    121735    115330    108292    100660     92476     83784     74632
     67941     77924     87480     96555    105100    113069    120417    127104    133094    138353    142853    146568    149480    151571    152830    153251    152830    151571    149480    146568    142853    138353    133094    127104    120417    113069    105100     96555     87480     77924
     70475     80830     90742    100156    109020    117286    124908    131844    138057    143513    148180    152035    155055    157224    158530    158966    158530    157224    155055    152035    148180    143513    138057    131844    124908    117286    109020    100156     90742     80830
     72653     83329     93547    103251    112389    120911    128768    135919    142324    147948    152760    156734    159847    162083    163430    163880    163430    162083    159847    156734    152760    147948    142324    135919    128768    120911    112389    103251     93547     83329
     74459     85399     95872    105817    115183    123916    131968    139297    145861    151625    156557    160629    163820    166111    167492    167952    167492    166111    163820    160629    156557    151625    145861    139297    131968    123916    115183    105817     95872     85399
     75878     87027     97699    107834    117378    126277    134484    141952    148641    154515    159540    163690    166942    169277    170684    171153    170684    169277    166942    163690    159540    154515    148641    141952    134484    126277    117378    107834     97699     87027
     76899     88199     99014    109286    118958    127977    136294    143863    150642    156595    161688    165894    169189    171556    172982    173458    172982    171556    169189    165894    161688    156595    150642    143863    136294    127977    118958    109286     99014     88199
     77721     89142    100072    110454    120230    129345    137751    145401    152253    158269    163417    167667    170998    173390    174831    175312    174831    173390    170998    167667    163417    158269    152253    145401    137751    129345    120230    110454    100072     89142
     77516     88905     99807    110162    119911    129003    137386    145016    151849    157850    162984    167223    170545    172931    174368    174847    174368    172931    170545    167223    162984    157850    151849    145016    137386    129003    119911    110162     99807     88905
     76899     88199     99014    109286    118958    127977    136294    143863    150642    156595    161688    165894    169189    171556    172982    173458    172982    171556    169189    165894    161688    156595    150642    143863    136294    127977    118958    109286     99014     88199
     75878     87027     97699    107834    117378    126277    134484    141952    148641    154515    159540    163690    166942    169277    170684    171153    170684    169277    166942    163690    159540    154515    148641    141952    134484    126277    117378    107834     97699     87027
     74459     85399     95872    105817    115183    123916    131968    139297    145861    151625    156557    160629    163820    166111    167492    167952    167492    166111    163820    160629    156557    151625    145861    139297    131968    123916    115183    105817     95872     85399
     72653     83329     93547    103251    112389    120911    128768    135919    142324    147948    152760    156734    159847    162083    163430    163880    163430    162083    159847    156734    152760    147948    142324    135919    128768    120911    112389    103251     93547     83329
     70475     80830     90742    100156    109020    117286    124908    131844    138057    143513    148180    152035    155055    157224    158530    158966    158530    157224    155055    152035    148180    143513    138057    131844    124908    117286    109020    100156     90742     80830
     67941     77924     87480     96555    105100    113069    120417    127104    133094    138353    142853    146568    149480    151571    152830    153251    152830    151571    149480    146568    142853    138353    133094    127104    120417    113069    105100     96555     87480     77924
     65071     74632     83784     92476    100660    108292    115330    121735    127471    132508    136818    140377    143165    145168    146374    146777    146374    145168    143165    140377    136818    132508    127471    121735    115330    108292    100660     92476     83784     74632
     61887     70980     79684     87951     95735    102993    109686    115778    121234    126024    130123    133508    136160    138065    139212    139595    139212    138065    136160    133508    130123    126024    121234    115778    109686    102993     95735     87951     79684     70980
     58413     66996     75211     83014     90361     97212    103530    109279    114429    118950    122819    126014    128517    130315    131398    131759    131398    130315    128517    126014    122819    118950    114429    109279    103530     97212     90361     83014     75211     66996
     54676     62710     70400     77703     84580     90993     96907    102288    107108    111341    114962    117952    120296    121978    122992    123330    122992    121978    120296    117952    114962    111341    107108    102288     96907     90993     84580     77703     70400     62710
     54852     62912     70626     77953     84852     91285     97218    102617    107452    111698    115331    118331    120682    122370    123387    123726    123387    122370    120682    118331    115331    111698    107452    102617     97218     91285     84852     77953     70626     62912
     58413     66996     75211     83014     90361     97212    103530    109279    114429    118950    122819    126014    128517    130315    131398    131759    131398    130315    128517    126014    122819    118950    114429    109279    103530     97212     90361     83014     75211     66996
     61702     70768     79446     87688     95448    102685    109358    115432    120871    125647    129734    133109    135753    137652    138795    139177    138795    137652    135753    133109    129734    125647    120871    115432    109358    102685     95448     87688     79446     70768
     64693     74198     83297     91938    100075    107663    114659    121027    126730    131738    136022    139561    142333    144324    145523    145924    145523    144324    142333    139561    136022    131738    126730    121027    114659    107663    100075     91938     83297     74198
     67363     77261     86735     95733    104205    112106    119391    126022    131960    137175    141636    145320    148207    150280    151529    151946    151529    150280    148207    145320    141636    137175    131960    126022    119391    112106    104205     95733     86735     77261
     69691     79931     89732     99041    107807    115980    123518    130377    136521    141916    146531    150343    153329    155474    156766    157197    156766    155474    153329    150343    146531    141916    136521    130377    123518    115980    107807     99041     89732     79931
     71659     82189     92267    101839    110852    119256    127007    134060    140377    145924    150670    154589    157660    159866    161194    161638    161194    159866    157660    154589    150670    145924    140377    134060    127007    119256    110852    101839     92267     82189
     74459     85399     95872    105817    115183    123916    131968    139297    145861    151625    156557    160629    163820    166111    167492    167952    167492    166111    163820    160629    156557    151625    145861    139297    131968    123916    115183    105817     95872     85399
     75268     86328     96914    106968    116434    125262    133403    140811    147447    153273    158258    162375    165600    167917    169312    169778    169312    167917    165600    162375    158258    153273    147447    140811    133403    125262    116434    106968     96914     86328
     75674     86794     97437    107545    117063    125938    134123    141571    148243    154100    159112    163251    166494    168823    170226    170694    170226    168823    166494    163251    159112    154100    148243    141571    134123    125938    117063    107545     97437     86794
     75674     86794     97437    107545    117063    125938    134123    141571    148243    154100    159112    163251    166494    168823    170226    170694    170226    168823    166494    163251    159112    154100    148243    141571    134123    125938    117063    107545     97437     86794
     75268     86328     96914    106968    116434    125262    133403    140811    147447    153273    158258    162375    165600    167917    169312    169778    169312    167917    165600    162375    158258    153273    147447    140811    133403    125262    116434    106968     96914     86328
     74459     85399     95872    105817    115183    123916    131968    139297    145861    151625    156557    160629    163820    166111    167492    167952    167492    166111    163820    160629    156557    151625    145861    139297    131968    123916    115183    105817     95872     85399
     73253     84016     94319    104103    113317    121908    129831    137041    143499    149169    154021    158027    161166    163421    164778    165232    164778    163421    161166    158027    154021    149169    143499    137041    129831    121908    113317    104103     94319     84016
     69691     79931     89732     99041    107807    115980    123518    130377    136521    141916    146531    150343    153329    155474    156766    157197    156766    155474    153329    150343    146531    141916    136521    130377    123518    115980    107807     99041     89732     79931
     67363     77261     86735     95733    104205    112106    119391    126022    131960    137175    141636    145320    148207    150280    151529    151946    151529    150280    148207    145320    141636    137175    131960    126022    119391    112106    104205     95733     86735     77261
     64693     74198     83297     91938    100075    107663    114659    121027    126730    131738    136022    139561    142333    144324    145523    145924    145523    144324    142333    139561    136022    131738    126730    121027    114659    107663    100075     91938     83297     74198
     61702     70768     79446     87688     95448    102685    109358    115432    120871    125647    129734    133109    135753    137652    138795    139177    138795    137652    135753    133109    129734    125647    120871    115432    109358    102685     95448     87688     79446     70768
     58413     66996     75211     83014     90361     97212    103530    109279    114429    118950    122819    126014    128517    130315    131398    131759    131398    130315    128517    126014    122819    118950    114429    109279    103530     97212     90361     83014     75211     66996
     54852     62912     70626     77953     84852     91285     97218    102617    107452    111698    115331    118331    120682    122370    123387    123726    123387    122370    120682    118331    115331    111698    107452    102617     97218     91285     84852     77953     70626     62912
     54676     62710     70400     77703     84580     90993     96907    102288    107108    111341    114962    117952    120296    121978    122992    123330    122992    121978    120296    117952    114962    111341    107108    102288     96907     90993     84580     77703     70400     62710
     58053     66583     74747     82502     89803     96612    102891    108605    113722    118216    122061    125236    127724    129511    130587    130946    130587    129511    127724    125236    122061    118216    113722    108605    102891     96612     89803     82502     74747     66583
     61148     70133     78733     86901     94592    101764    108377    114396    119786    124520    128570    131914    134535    136417    137550    137928    137550    136417    134535    131914    128570    124520    119786    114396    108377    101764     94592     86901     78733     70133
     63939     73334     82326     90867     98909    106408    113323    119617    125254    130203    134438    137935    140675    142643    143828    144223    143828    142643    140675    137935    134438    130203    125254    119617    113323    106408     98909     90867     82326     73334
     66403     76160     85499     94369    102721    110509    117691    124227    130081    135221    139619    143251    146097    148140    149371    149782    149371    148140    146097    143251    139619    135221    130081    124227    117691    110509    102721     94369     85499     76160
     68522     78590     88227     97380    105999    114035    121446    128191    134231    139536    144074    147822    150758    152867    154137    154561    154137    152867    150758    147822    144074    139536    134231    128191    121446    114035    105999     97380     88227     78590
     70279     80605     90489     99877    108716    116959    124560    131477    137672    143113    147767    151611    154623    156786    158088    158523    158088    156786    154623    151611    147767    143113    137672    131477    124560    116959    108716     99877     90489     80605
     71659     82189     92267    101839    110852    119256    127007    134060    140377    145924    150670    154589    157660    159866    161194    161638    161194    159866    157660    154589    150670    145924    140377    134060    127007    119256    110852    101839     92267     82189
     72653     83329     93547    103251    112389    120911    128768    135919    142324    147948    152760    156734    159847    162083    163430    163880    163430    162083    159847    156734    152760    147948    142324    135919    128768    120911    112389    103251     93547     83329
     73253     84016     94319    104103    113317    121908    129831    137041    143499    149169    154021    158027    161166    163421    164778    165232    164778    163421    161166    158027    154021    149169    143499    137041    129831    121908    113317    104103     94319     84016
     73453     84246     94577    104388    113627    122242    130186    137416    143891    149577    154442    158459    161607    163868    165229    165684    165229    163868    161607    158459    154442    149577    143891    137416    130186    122242    113627    104388     94577     84246
     72653     83329     93547    103251    112389    120911    128768    135919    142324    147948    152760    156734    159847    162083    163430    163880    163430    162083    159847    156734    152760    147948    142324    135919    128768    120911    112389    103251     93547     83329
     71659     82189     92267    101839    110852    119256    127007    134060    140377    145924    150670    154589    157660    159866    161194    161638    161194    159866    157660    154589    150670    145924    140377    134060    127007    119256    110852    101839     92267     82189
     70279     80605     90489     99877    108716    116959    124560    131477    137672    143113    147767    151611    154623    156786    158088    158523    158088    156786    154623    151611    147767    143113    137672    131477    124560    116959    108716     99877     90489     80605
     68522     78590     88227     97380    105999    114035    121446    128191    134231    139536    144074    147822    150758    152867    154137    154561    154137    152867    150758    147822    144074    139536    134231    128191    121446    114035    105999     97380     88227     78590
     66403     76160     85499     94369    102721    110509    117691    124227    130081    135221    139619    143251    146097    148140    149371    149782    149371    148140    146097    143251    139619    135221    130081    124227    117691    110509    102721     94369     85499     76160
     63939     73334     82326     90867     98909    106408    113323    119617    125254    130203    134438    137935    140675    142643    143828    144223    143828    142643    140675    137935    134438    130203    125254    119617    113323    106408     98909     90867     82326     73334
     61148     70133     78733     86901     94592    101764    108377    114396    119786    124520    128570    131914    134535    136417    137550    137928    137550    136417    134535    131914    128570    124520    119786    114396    108377    101764     94592     86901     78733     70133
     58053     66583     74747     82502     89803     96612    102891    108605    113722    118216    122061    125236    127724    129511    130587    130946    130587    129511    127724    125236    122061    118216    113722    108605    102891     96612     89803     82502     74747     66583
     54676     62710     70400     77703     84580     90993     96907    102288    107108    111341    114962    117952    120296    121978    122992    123330    122992    121978    120296    117952    114962    111341    107108    102288     96907     90993     84580     77703     70400     62710
     54151     62108     69724     76957     83768     90119     95976    101306    106080    110271    113858    116820    119140    120807    121811    122146    121811    120807    119140    116820    113858    110271    106080    101306     95976     90119     83768     76957     69724     62108
     57335     65759     73823     81481     88693     95417    101618    107261    112316    116754    120551    123687    126144    127909    128971    129326    128971    127909    126144    123687    120551    116754    112316    107261    101618     95417     88693     81481     73823     65759
     60230     69080     77551     85597     93172    100236    106750    112679    117988    122651    126640    129934    132515    134369    135485    135858    135485    134369    132515    129934    126640    122651    117988    112679    106750    100236     93172     85597     77551     69080
     62816     72046     80880     89271     97172    104539    111333    117516    123054    127916    132076    135512    138204    140137    141301    141690    141301    140137    138204    135512    132076    127916    123054    117516    111333    104539     97172     89271     80880     72046
     65071     74632     83784     92476    100660    108292    115330    121735    127471    132508    136818    140377    143165    145168    146374    146777    146374    145168    143165    140377    136818    132508    127471    121735    115330    108292    100660     92476     83784     74632
     66978     76820     86240     95186    103610    111466    118710    125302    131207    136392    140828    144491    147361    149423    150664    151079    150664    149423    147361    144491    140828    136392    131207    125302    118710    111466    103610     95186     86240     76820
     68522     78590     88227     97380    105999    114035    121446    128191    134231    139536    144074    147822    150758    152867    154137    154561    154137    152867    150758    147822    144074    139536    134231    128191    121446    114035    105999     97380     88227     78590
     69691     79931     89732     99041    107807    115980    123518    130377    136521    141916    146531    150343    153329    155474    156766    157197    156766    155474    153329    150343    146531    141916    136521    130377    123518    115980    107807     99041     89732     79931
     70475     80830     90742    100156    109020    117286    124908    131844    138057    143513    148180    152035    155055    157224    158530    158966    158530    157224    155055    152035    148180    143513    138057    131844    124908    117286    109020    100156     90742     80830
     70869     81282     91249    100715    109629    117941    125606    132581    138829    144314    149008    152884    155921    158102    159416    159854    159416    158102    155921    152884    149008    144314    138829    132581    125606    117941    109629    100715     91249     81282
     70869     81282     91249    100715    109629    117941    125606    132581    138829    144314    149008    152884    155921    158102    159416    159854    159416    158102    155921    152884    149008    144314    138829    132581    125606    117941    109629    100715     91249     81282
     70475     80830     90742    100156    109020    117286    124908    131844    138057    143513    148180    152035    155055    157224    158530    158966    158530    157224    155055    152035    148180    143513    138057    131844    124908    117286    109020    100156     90742     80830
     69691     79931     89732     99041    107807    115980    123518    130377    136521    141916    146531    150343    153329    155474    156766    157197    156766    155474    153329    150343    146531    141916    136521    130377    123518    115980    107807     99041     89732     79931
     68522     78590     88227     97380    105999    114035    121446    128191    134231    139536    144074    147822    150758    152867    154137    154561    154137    152867    150758    147822    144074    139536    134231    128191    121446    114035    105999     97380     88227     78590
     66978     76820     86240     95186    103610    111466    118710    125302    131207    136392    140828    144491    147361    149423    150664    151079    150664    149423    147361    144491    140828    136392    131207    125302    118710    111466    103610     95186     86240     76820
     65071     74632     83784     92476    100660    108292    115330    121735    127471    132508    136818    140377    143165    145168    146374    146777    146374    145168    143165    140377    136818    132508    127471    121735    115330    108292    100660     92476     83784     74632
     62816     72046     80880     89271     97172    104539    111333    117516    123054    127916    132076    135512    138204    140137    141301    141690    141301    140137    138204    135512    132076    127916    123054    117516    111333    104539     97172     89271     80880     72046
     60230     69080     77551     85597     93172    100236    106750    112679    117988    122651    126640    129934    132515    134369    135485    135858    135485    134369    132515    129934    126640    122651    117988    112679    106750    100236     93172     85597     77551     69080
     57335     65759     73823     81481     88693     95417    101618    107261    112316    116754    120551    123687    126144    127909    128971    129326    128971    127909    126144    123687    120551    116754    112316    107261    101618     95417     88693     81481     73823     65759
     54151     62108     69724     76957     83768     90119     95976    101306    106080    110271    113858    116820    119140    120807    121811    122146    121811    120807    119140    116820    113858    110271    106080    101306     95976     90119     83768     76957     69724     62108
     53281     61110     68603     75720     82422     88671     94433     99677    104374    108499    112028    114942    117225    118865    119852    120182    119852    118865    117225    114942    112028    108499    104374     99677     94433     88671     82422     75720     68603     61110
     56265     64532     72445     79961     87038     93637     99722    105260    110220    114575    118302    121379    123790    125522    126565    126913    126565    125522    123790    121379    118302    114575    110220    105260     99722     93637     87038     79961     72445     64532
     58956     67618     75910     83785     91200     98115    104491    110294    115492    120055    123960    127184    129711    131525    132618    132983    132618    131525    129711    127184    123960    120055    115492    110294    104491     98115     91200     83785     75910     67618
     61332     70344     78970     87163     94877    102071    108704    114741    120148    124895    128957    132312    134940    136828    137965    138344    137965    136828    134940    132312    128957    124895    120148    114741    108704    102071     94877     87163     78970     70344
     63376     72689     81602     90068     98039    105472    112326    118564    124151    129057    133255    136721    139437    141387    142562    142954    142562    141387    139437    136721    133255    129057    124151    118564    112326    105472     98039     90068     81602     72689
     65071     74632     83784     92476    100660    108292    115330    121735    127471    132508    136818    140377    143165    145168    146374    146777    146374    145168    143165    140377    136818    132508    127471    121735    115330    108292    100660     92476     83784     74632
     66403     76160     85499     94369    102721    110509    117691    124227    130081    135221    139619    143251    146097    148140    149371    149782    149371    148140    146097    143251    139619    135221    130081    124227    117691    110509    102721     94369     85499     76160
     67363     77261     86735     95733    104205    112106    119391    126022    131960    137175    141636    145320    148207    150280    151529    151946    151529    150280    148207    145320    141636    137175    131960    126022    119391    112106    104205     95733     86735     77261
     67941     77924     87480     96555    105100    113069    120417    127104    133094    138353    142853    146568    149480    151571    152830    153251    152830    151571    149480    146568    142853    138353    133094    127104    120417    113069    105100     96555     87480     77924
     68134     78146     87729     96830    105399    113391    120760    127466    133472    138747    143259    146986    149905    152002    153265    153687    153265    152002    149905    146986    143259    138747    133472    127466    120760    113391    105399     96830     87729     78146
     67941     77924     87480     96555    105100    113069    120417    127104    133094    138353    142853    146568    149480    151571    152830    153251    152830    151571    149480    146568    142853    138353    133094    127104    120417    113069    105100     96555     87480     77924
     67363     77261     86735     95733    104205    112106    119391    126022    131960    137175    141636    145320    148207    150280    151529    151946    151529    150280    148207    145320    141636    137175    131960    126022    119391    112106    104205     95733     86735     77261
     66403     76160     85499     94369    102721    110509    117691    124227    130081    135221    139619    143251    146097    148140    149371    149782    149371    148140    146097    143251    139619    135221    130081    124227    117691    110509    102721     94369     85499     76160
     65071     74632     83784     92476    100660    108292    115330    121735    127471    132508    136818    140377    143165    145168    146374    146777    146374    145168    143165    140377    136818    132508    127471    121735    115330    108292    100660     92476     83784     74632
     63376     72689     81602     90068     98039    105472    112326    118564    124151    129057    133255    136721    139437    141387    142562    142954    142562    141387    139437    136721    133255    129057    124151    118564    112326    105472     98039     90068     81602     72689
     61332     70344     78970     87163     94877    102071    108704    114741    120148    124895    128957    132312    134940    136828    137965    138344    137965    136828    134940    132312    128957    124895    120148    114741    108704    102071     94877     87163     78970     70344
     58956     67618     75910     83785     91200     98115    104491    110294    115492    120055    123960    127184    129711    131525    132618    132983    132618    131525    129711    127184    123960    120055    115492    110294    104491     98115     91200     83785     75910     67618
     56265     64532     72445     79961     87038     93637     99722    105260    110220    114575    118302    121379    123790    125522    126565    126913    126565    125522    123790    121379    118302    114575    110220    105260     99722     93637     87038     79961     72445     64532
     53281     61110     68603     75720     82422     88671     94433     99677    104374    108499    112028    114942    117225    118865    119852    120182    119852    118865    117225    114942    112028    108499    104374     99677     94433     88671     82422     75720     68603     61110
     52072     59723     67047     74002     80552     86659     92291     97416    102007    106038    109486    112334    114566    116169    117134    117456    117134    116169    114566    112334    109486    106038    102007     97416     92291     86659     80552     74002     67047     59723
     54852     62912     70626     77953     84852     91285     97218    102617    107452    111698    115331    118331    120682    122370    123387    123726    123387    122370    120682    118331    115331    111698    107452    102617     97218     91285     84852     77953     70626     62912
     57335     65759     73823     81481     88693     95417    101618    107261    112316    116754    120551    123687    126144    127909    128971    129326    128971    127909    126144    123687    120551    116754    112316    107261    101618     95417     88693     81481     73823     65759
     59500     68243     76612     84559     92043     99022    105457    111313    116559    121165    125105    128360    130909    132741    133844    134212    133844    132741    130909    128360    125105    121165    116559    111313    105457     99022     92043     84559     76612     68243
     61332     70344     78970     87163     94877    102071    108704    114741    120148    124895    128957    132312    134940    136828    137965    138344    137965    136828    134940    132312    128957    124895    120148    114741    108704    102071     94877     87163     78970     70344
     62816     72046     80880     89271     97172    104539    111333    117516    123054    127916    132076    135512    138204    140137    141301    141690    141301    140137    138204    135512    132076    127916    123054    117516    111333    104539     97172     89271     80880     72046
     63939     73334     82326     90867     98909    106408    113323    119617    125254    130203    134438    137935    140675    142643    143828    144223    143828    142643    140675    137935    134438    130203    125254    119617    113323    106408     98909     90867     82326     73334
     64693     74198     83297     91938    100075    107663    114659    121027    126730    131738    136022    139561    142333    144324    145523    145924    145523    144324    142333    139561    136022    131738    126730    121027    114659    107663    100075     91938     83297     74198
     65071     74632     83784     92476    100660    108292    115330    121735    127471    132508    136818    140377    143165    145168    146374    146777    146374    145168    143165    140377    136818    132508    127471    121735    115330    108292    100660     92476     83784     74632
     65071     74632     83784     92476    100660    108292    115330    121735    127471    132508    136818    140377    143165    145168    146374    146777    146374    145168    143165    140377    136818    132508    127471    121735    115330    108292    100660     92476     83784     74632
     64693     74198     83297     91938    100075    107663    114659    121027    126730    131738    136022    139561    142333    144324    145523    145924    145523    144324    142333    139561    136022    131738    126730    121027    114659    107663    100075     91938     83297     74198
     63939     73334     82326     90867     98909    106408    113323    119617    125254    130203    134438    137935    140675    142643    143828    144223    143828    142643    140675    137935    134438    130203    125254    119617    113323    106408     98909     90867     82326     73334
     62816     72046     80880     89271     97172    104539    111333    117516    123054    127916    132076    135512    138204    140137    141301    141690    141301    140137    138204    135512    132076    127916    123054    117516    111333    104539     97172     89271     80880     72046
     61332     70344     78970     87163     94877    102071    108704    114741    120148    124895    128957    132312    134940    136828    137965    138344    137965    136828    134940    132312    128957    124895    120148    114741    108704    102071     94877     87163     78970     70344
     59500     68243     76612     84559     92043     99022    105457    111313    116559    121165    125105    128360    130909    132741    133844    134212    133844    132741    130909    128360    125105    121165    116559    111313    105457     99022     92043     84559     76612     68243
     57335     65759     73823     81481     88693     95417    101618    107261    112316    116754    120551    123687    126144    127909    128971    129326    128971    127909    126144    123687    120551    116754    112316    107261    101618     95417     88693     81481     73823     65759
     54852     62912     70626     77953     84852     91285     97218    102617    107452    111698    115331    118331    120682    122370    123387    123726    123387    122370    120682    118331    115331    111698    107452    102617     97218     91285     84852     77953     70626     62912
     52072     59723     67047     74002     80552     86659     92291     97416    102007    106038    109486    112334    114566    116169    117134    117456    117134    116169    114566    112334    109486    106038    102007     97416     92291     86659     80552     74002     67047     59723
     53107     60911     68380     75474     82153     88382     94126     99353    104035    108146    111663    114568    116844    118478    119462    119791    119462    118478    116844    114568    111663    108146    104035     99353     94126     88382     82153     75474     68380     60911
     55380     63517     71306     78703     85669     92164     98154    103604    108487    112773    116441    119470    121843    123548    124574    124917    124574    123548    121843    119470    116441    112773    108487    103604     98154     92164     85669     78703     71306     63517
     57335     65759     73823     81481     88693     95417    101618    107261    112316    116754    120551    123687    126144    127909    128971    129326    128971    127909    126144    123687    120551    116754    112316    107261    101618     95417     88693     81481     73823     65759
     58956     67618     75910     83785     91200     98115    104491    110294    115492    120055    123960    127184    129711    131525    132618    132983    132618    131525    129711    127184    123960    120055    115492    110294    104491     98115     91200     83785     75910     67618
     60230     69080     77551     85597     93172    100236    106750    112679    117988    122651    126640    129934    132515    134369    135485    135858    135485    134369    132515    129934    126640    122651    117988    112679    106750    100236     93172     85597     77551     69080
     61148     70133     78733     86901     94592    101764    108377    114396    119786    124520    128570    131914    134535    136417    137550    137928    137550    136417    134535    131914    128570    124520    119786    114396    108377    101764     94592     86901     78733     70133
     61702     70768     79446     87688     95448    102685    109358    115432    120871    125647    129734    133109    135753    137652    138795    139177    138795    137652    135753    133109    129734    125647    120871    115432    109358    102685     95448     87688     79446     70768
     61887     70980     79684     87951     95735    102993    109686    115778    121234    126024    130123    133508    136160    138065    139212    139595    139212    138065    136160    133508    130123    126024    121234    115778    109686    102993     95735     87951     79684     70980
     61702     70768     79446     87688     95448    102685    109358    115432    120871    125647    129734    133109    135753    137652    138795    139177    138795    137652    135753    133109    129734    125647    120871    115432    109358    102685     95448     87688     79446     70768
     61148     70133     78733     86901     94592    101764    108377    114396    119786    124520    128570    131914    134535    136417    137550    137928    137550    136417    134535    131914    128570    124520    119786    114396    108377    101764     94592     86901     78733     70133
     60230     69080     77551     85597     93172    100236    106750    112679    117988    122651    126640    129934    132515    134369    135485    135858    135485    134369    132515    129934    126640    122651    117988    112679    106750    100236     93172     85597     77551     69080
     58956     67618     75910     83785     91200     98115    104491    110294    115492    120055    123960    127184    129711    131525    132618    132983    132618    131525    129711    127184    123960    120055    115492    110294    104491     98115     91200     83785     75910     67618
     57335     65759     73823     81481     88693     95417    101618    107261    112316    116754    120551    123687    126144    127909    128971    129326    128971    127909    126144    123687    120551    116754    112316    107261    101618     95417     88693     81481     73823     65759
     55380     63517     71306     78703     85669     92164     98154    103604    108487    112773    116441    119470    121843    123548    124574    124917    124574    123548    121843    119470    116441    112773    108487    103604     98154     92164     85669     78703     71306     63517
     53107     60911     68380     75474     82153     88382     94126     99353    104035    108146    111663    114568    116844    118478    119462    119791    119462    118478    116844    114568    111663    108146    104035     99353     94126     88382     82153     75474     68380     60911
     53107     60911     68380     75474     82153     88382     94126     99353    104035    108146    111663    114568    116844    118478    119462    119791    119462    118478    116844    114568    111663    108146    104035     99353     94126     88382     82153     75474     68380     60911
     54852     62912     70626     77953     84852     91285     97218    102617    107452    111698    115331    118331    120682    122370    123387    123726    123387    122370    120682    118331    115331    111698    107452    102617     97218     91285     84852     77953     70626     62912
     56265     64532     72445     79961     87038     93637     99722    105260    110220    114575    118302    121379    123790    125522    126565    126913    126565    125522    123790    121379    118302    114575    110220    105260     99722     93637     87038     79961     72445     64532
     57335     65759     73823     81481     88693     95417    101618    107261    112316    116754    120551    123687    126144    127909    128971    129326    128971    127909    126144    123687    120551    116754    112316    107261    101618     95417     88693     81481     73823     65759
     58053     66583     74747     82502     89803     96612    102891    108605    113722    118216    122061    125236    127724    129511    130587    130946    130587    129511    127724    125236    122061    118216    113722    108605    102891     96612     89803     82502     74747     66583
     58413     66996     75211     83014     90361     97212    103530    109279    114429    118950    122819    126014    128517    130315    131398    131759    131398    130315    128517    126014    122819    118950    114429    109279    103530     97212     90361     83014     75211     66996
     58413     66996     75211     83014     90361     97212    103530    109279    114429    118950    122819    126014    128517    130315    131398    131759    131398    130315    128517    126014    122819    118950    114429    109279    103530     97212     90361     83014     75211     66996
     58053     66583     74747     82502     89803     96612    102891    108605    113722    118216    122061    125236    127724    129511    130587    130946    130587    129511    127724    125236    122061    118216    113722    108605    102891     96612     89803     82502     74747     66583
     57335     65759     73823     81481     88693     95417    101618    107261    112316    116754    120551    123687    126144    127909    128971    129326    128971    127909    126144    123687    120551    116754    112316    107261    101618     95417     88693     81481     73823     65759
     56265     64532     72445     79961     87038     93637     99722    105260    110220    114575    118302    121379    123790    125522    126565    126913    126565    125522    123790    121379    118302    114575    110220    105260     99722     93637     87038     79961     72445     64532
     54852     62912     70626     77953     84852     91285     97218    102617    107452    111698    115331    118331    120682    122370    123387    123726    123387    122370    120682    118331    115331    111698    107452    102617     97218     91285     84852     77953     70626     62912
     53107     60911     68380     75474     82153     88382     94126     99353    104035    108146    111663    114568    116844    118478    119462    119791    119462    118478    116844    114568    111663    108146    104035     99353     94126     88382     82153     75474     68380     60911
     52072     59723     67047     74002     80552     86659     92291     97416    102007    106038    109486    112334    114566    116169    117134    117456    117134    116169    114566    112334    109486    106038    102007     97416     92291     86659     80552     74002     67047     59723
     53281     61110     68603     75720     82422     88671     94433     99677    104374    108499    112028    114942    117225    118865    119852    120182    119852    118865    117225    114942    112028    108499    104374     99677     94433     88671     82422     75720     68603     61110
     54151     62108     69724     76957     83768     90119     95976    101306    106080    110271    113858    116820    119140    120807    121811    122146    121811    120807    119140    116820    113858    110271    106080    101306     95976     90119     83768     76957     69724     62108
     54676     62710     70400     77703     84580     90993     96907    102288    107108    111341    114962    117952    120296    121978    122992    123330    122992    121978    120296    117952    114962    111341    107108    102288     96907     90993     84580     77703     70400     62710
     54852     62912     70626     77953     84852     91285     97218    102617    107452    111698    115331    118331    120682    122370    123387    123726    123387    122370    120682    118331    115331    111698    107452    102617     97218     91285     84852     77953     70626     62912
     54676     62710     70400     77703     84580     90993     96907    102288    107108    111341    114962    117952    120296    121978    122992    123330    122992    121978    120296    117952    114962    111341    107108    102288     96907     90993     84580     77703     70400     62710
     54151     62108     69724     76957     83768     90119     95976    101306    106080    110271    113858    116820    119140    120807    121811    122146    121811    120807    119140    116820    113858    110271    106080    101306     95976     90119     83768     76957     69724     62108
     53281     61110     68603     75720     82422     88671     94433     99677    104374    108499    112028    114942    117225    118865    119852    120182    119852    118865    117225    114942    112028    108499    104374     99677     94433     88671     82422     75720     68603     61110
     52072     59723     67047     74002     80552     86659     92291     97416    102007    106038    109486    112334    114566    116169    117134    117456    117134    116169    114566    112334    109486    106038    102007     97416     92291     86659     80552     74002     67047     59723
