  141148  159229  176498  192869  208256  222582  235774  247765  258493  267903  275949  282588  287788  291521  293768  294518  293768  291521  287788  282588  275949  267903  258493  247765  235774  222582  208256  192869  176498  159229
  143287  161642  179174  195792  211413  225956  239348  251520  262411  271964  280132  286872  292150  295940  298221  298983  298221  295940  292150  286872  280132  271964  262411  251520  239348  225956  211413  195792  179174  161642
  144825  163377  181097  197894  213682  228382  241917  254220  265228  274884  283139  289951  295286  299116  301422  302192  301422  299116  295286  289951  283139  274884  265228  254220  241917  228382  213682  197894  181097  163377
  145752  164423  182256  199160  215050  229843  243465  255847  266925  276643  284951  291807  297176  301030  303351  304126  303351  301030  297176  291807  284951  276643  266925  255847  243465  229843  215050  199160  182256  164423
  146062  164772  182643  199583  215506  230331  243983  256391  267492  277230  285556  292427  297807  301670  303995  304772  303995  301670  297807  292427  285556  277230  267492  256391  243983  230331  215506  199583  182643  164772
  145752  164423  182256  199160  215050  229843  243465  255847  266925  276643  284951  291807  297176  301030  303351  304126  303351  301030  297176  291807  284951  276643  266925  255847  243465  229843  215050  199160  182256  164423
  144825  163377  181097  197894  213682  228382  241917  254220  265228  274884  283139  289951  295286  299116  301422  302192  301422  299116  295286  289951  283139  274884  265228  254220  241917  228382  213682  197894  181097  163377
  143287  161642  179174  195792  211413  225956  239348  251520  262411  271964  280132  286872  292150  295940  298221  298983  298221  295940  292150  286872  280132  271964  262411  251520  239348  225956  211413  195792  179174  161642
  141148  159229  176498  192869  208256  222582  235774  247765  258493  267903  275949  282588  287788  291521  293768  294518  293768  291521  287788  282588  275949  267903  258493  247765  235774  222582  208256  192869  176498  159229
  138094  155784  172680  188696  203750  217766  230673  242404  252900  262107  269978  276474  281561  285213  287412  288146  287412  285213  281561  276474  269978  262107  252900  242404  230673  217766  203750  188696  172680  155784
  140703  158727  175943  192261  207600  221881  235032  246985  257679  267060  275080  281699  286882  290603  292843  293591  292843  290603  286882  281699  275080  267060  257679  246985  235032  221881  207600  192261  175943  158727
  142808  161102  178575  195138  210706  225201  238548  250680  261534  271055  279196  285913  291174  294950  297224  297984  297224  294950  291174  285913  279196  271055  261534  250680  238548  225201  210706  195138  178575  161102
  144397  162895  180562  197309  213051  227707  241202  253469  264444  274071  282302  289094  294413  298232  300531  301299  300531  298232  294413  289094  282302  274071  264444  253469  241202  227707  213051  197309  180562  162895
  145461  164095  181892  198763  214621  229385  242980  255337  266393  276091  284382  291225  296583  300430  302746  303519  302746  300430  296583  291225  284382  276091  266393  255337  242980  229385  214621  198763  181892  164095
  145995  164697  182560  199492  215408  230226  243871  256273  267370  277104  285426  292293  297671  301532  303857  304633  303857  301532  297671  292293  285426  277104  267370  256273  243871  230226  215408  199492  182560  164697
  145995  164697  182560  199492  215408  230226  243871  256273  267370  277104  285426  292293  297671  301532  303857  304633  303857  301532  297671  292293  285426  277104  267370  256273  243871  230226  215408  199492  182560  164697
  145461  164095  181892  198763  214621  229385  242980  255337  266393  276091  284382  291225  296583  300430  302746  303519  302746  300430  296583  291225  284382  276091  266393  255337  242980  229385  214621  198763  181892  164095
  144397  162895  180562  197309  213051  227707  241202  253469  264444  274071  282302  289094  294413  298232  300531  301299  300531  298232  294413  289094  282302  274071  264444  253469  241202  227707  213051  197309  180562  162895
  142808  161102  178575  195138  210706  225201  238548  250680  261534  271055  279196  285913  291174  294950  297224  297984  297224  294950  291174  285913  279196  271055  261534  250680  238548  225201  210706  195138  178575  161102
  140703  158727  175943  192261  207600  221881  235032  246985  257679  267060  275080  281699  286882  290603  292843  293591  292843  290603  286882  281699  275080  267060  257679  246985  235032  221881  207600  192261  175943  158727
  138094  155784  172680  188696  203750  217766  230673  242404  252900  262107  269978  276474  281561  285213  287412  288146  287412  285213  281561  276474  269978  262107  252900  242404  230673  217766  203750  188696  172680  155784
  135122  152431  168963  184635  199365  213080  225709  237187  247457  256466  264169  270524  275502  279075  281227  281945  281227  279075  275502  270524  264169  256466  247457  237187  225709  213080  199365  184635  168963  152431
  137983  155659  172542  188545  203587  217592  230489  242210  252698  261898  269763  276253  281336  284985  287182  287916  287182  284985  281336  276253  269763  261898  252698  242210  230489  217592  203587  188545  172542  155659
  140428  158416  175598  191885  207194  221447  234572  246501  257174  266537  274541  281147  286320  290034  292270  293016  292270  290034  286320  281147  274541  266537  257174  246501  234572  221447  207194  191885  175598  158416
  142443  160690  178118  194639  210168  224625  237938  250039  260865  270362  278482  285182  290429  294197  296465  297222  296465  294197  290429  285182  278482  270362  260865  250039  237938  224625  210168  194639  178118  160690
  144021  162470  180091  196794  212495  227113  240573  252808  263754  273357  281566  288341  293646  297455  299748  300513  299748  297455  293646  288341  281566  273357  263754  252808  240573  227113  212495  196794  180091  162470
  145153  163747  181507  198341  214165  228898  242464  254795  265828  275505  283779  290607  295954  299793  302104  302876  302104  299793  295954  290607  283779  275505  265828  254795  242464  228898  214165  198341  181507  163747
  145834  164516  182359  199272  215171  229973  243603  255991  267075  276799  285111  291971  297343  301200  303522  304297  303522  301200  297343  291971  285111  276799  267075  255991  243603  229973  215171  199272  182359  164516
  146062  164772  182643  199583  215506  230331  243983  256391  267492  277230  285556  292427  297807  301670  303995  304772  303995  301670  297807  292427  285556  277230  267492  256391  243983  230331  215506  199583  182643  164772
  145834  164516  182359  199272  215171  229973  243603  255991  267075  276799  285111  291971  297343  301200  303522  304297  303522  301200  297343  291971  285111  276799  267075  255991  243603  229973  215171  199272  182359  164516
  145153  163747  181507  198341  214165  228898  242464  254795  265828  275505  283779  290607  295954  299793  302104  302876  302104  299793  295954  290607  283779  275505  265828  254795  242464  228898  214165  198341  181507  163747
  144021  162470  180091  196794  212495  227113  240573  252808  263754  273357  281566  288341  293646  297455  299748  300513  299748  297455  293646  288341  281566  273357  263754  252808  240573  227113  212495  196794  180091  162470
  142443  160690  178118  194639  210168  224625  237938  250039  260865  270362  278482  285182  290429  294197  296465  297222  296465  294197  290429  285182  278482  270362  260865  250039  237938  224625  210168  194639  178118  160690
  140428  158416  175598  191885  207194  221447  234572  246501  257174  266537  274541  281147  286320  290034  292270  293016  292270  290034  286320  281147  274541  266537  257174  246501  234572  221447  207194  191885  175598  158416
  137983  155659  172542  188545  203587  217592  230489  242210  252698  261898  269763  276253  281336  284985  287182  287916  287182  284985  281336  276253  269763  261898  252698  242210  230489  217592  203587  188545  172542  155659
  135122  152431  168963  184635  199365  213080  225709  237187  247457  256466  264169  270524  275502  279075  281227  281945  281227  279075  275502  270524  264169  256466  247457  237187  225709  213080  199365  184635  168963  152431
  132569  149552  165772  181147  195599  209055  221445  232707  242783  251622  259178  265414  270297  273804  275914  276619  275914  273804  270297  265414  259178  251622  242783  232707  221445  209055  195599  181147  165772  149552
  135502  152860  169439  185154  199926  213679  226344  237855  248153  257188  264912  271285  276277  279860  282018  282738  282018  279860  276277  271285  264912  257188  248153  237855  226344  213679  199926  185154  169439  152860
  138094  155784  172680  188696  203750  217766  230673  242404  252900  262107  269978  276474  281561  285213  287412  288146  287412  285213  281561  276474  269978  262107  252900  242404  230673  217766  203750  188696  172680  155784
  140334  158311  175481  191757  207056  221300  234416  246337  257003  266360  274359  280960  286129  289841  292075  292821  292075  289841  286129  280960  274359  266360  257003  246337  234416  221300  207056  191757  175481  158311
  142215  160433  177833  194327  209831  224265  237557  249638  260447  269929  278036  284725  289964  293725  295990  296746  295990  293725  289964  284725  278036  269929  260447  249638  237557  224265  209831  194327  177833  160433
  143729  162140  179726  196395  212064  226652  240085  252295  263219  272802  280995  287756  293050  296851  299140  299904  299140  296851  293050  287756  280995  272802  263219  252295  240085  226652  212064  196395  179726  162140
  144869  163427  181152  197954  213747  228451  241990  254297  265308  274967  283224  290039  295375  299207  301513  302283  301513  299207  295375  290039  283224  274967  265308  254297  241990  228451  213747  197954  181152  163427
  145632  164287  182105  198996  214872  229653  243264  255636  266705  276414  284716  291566  296930  300782  303101  303875  303101  300782  296930  291566  284716  276414  266705  255636  243264  229653  214872  198996  182105  164287
  146014  164718  182583  199518  215436  230256  243903  256307  267404  277140  285463  292331  297710  301571  303896  304672  303896  301571  297710  292331  285463  277140  267404  256307  243903  230256  215436  199518  182583  164718
  146014  164718  182583  199518  215436  230256  243903  256307  267404  277140  285463  292331  297710  301571  303896  304672  303896  301571  297710  292331  285463  277140  267404  256307  243903  230256  215436  199518  182583  164718
  145632  164287  182105  198996  214872  229653  243264  255636  266705  276414  284716  291566  296930  300782  303101  303875  303101  300782  296930  291566  284716  276414  266705  255636  243264  229653  214872  198996  182105  164287
  144869  163427  181152  197954  213747  228451  241990  254297  265308  274967  283224  290039  295375  299207  301513  302283  301513  299207  295375  290039  283224  274967  265308  254297  241990  228451  213747  197954  181152  163427
  143729  162140  179726  196395  212064  226652  240085  252295  263219  272802  280995  287756  293050  296851  299140  299904  299140  296851  293050  287756  280995  272802  263219  252295  240085  226652  212064  196395  179726  162140
  142215  160433  177833  194327  209831  224265  237557  249638  260447  269929  278036  284725  289964  293725  295990  296746  295990  293725  289964  284725  278036  269929  260447  249638  237557  224265  209831  194327  177833  160433
  140334  158311  175481  191757  207056  221300  234416  246337  257003  266360  274359  280960  286129  289841  292075  292821  292075  289841  286129  280960  274359  266360  257003  246337  234416  221300  207056  191757  175481  158311
  138094  155784  172680  188696  203750  217766  230673  242404  252900  262107  269978  276474  281561  285213  287412  288146  287412  285213  281561  276474  269978  262107  252900  242404  230673  217766  203750  188696  172680  155784
  135502  152860  169439  185154  199926  213679  226344  237855  248153  257188  264912  271285  276277  279860  282018  282738  282018  279860  276277  271285  264912  257188  248153  237855  226344  213679  199926  185154  169439  152860
  132569  149552  165772  181147  195599  209055  221445  232707  242783  251622  259178  265414  270297  273804  275914  276619  275914  273804  270297  265414  259178  251622  242783  232707  221445  209055  195599  181147  165772  149552
  133539  150645  166984  182472  197030  210583  223064  234408  244558  253462  261073  267355  272274  275806  277932  278642  277932  275806  272274  267355  261073  253462  244558  234408  223064  210583  197030  182472  166984  150645
  136121  153559  170213  186001  200840  214656  227378  238942  249288  258363  266122  272525  277540  281140  283307  284031  283307  281140  277540  272525  266122  258363  249288  238942  227378  214656  200840  186001  170213  153559
  138420  156152  173088  189142  204232  218281  231218  242977  253498  262726  270617  277128  282227  285887  288091  288827  288091  285887  282227  277128  270617  262726  253498  242977  231218  218281  204232  189142  173088  156152
  140428  158416  175598  191885  207194  221447  234572  246501  257174  266537  274541  281147  286320  290034  292270  293016  292270  290034  286320  281147  274541  266537  257174  246501  234572  221447  207194  191885  175598  158416
  142138  160345  177736  194221  209716  224143  237428  249502  260305  269782  277884  284570  289806  293565  295828  296584  295828  293565  289806  284570  277884  269782  260305  249502  237428  224143  209716  194221  177736  160345
  143544  161932  179495  196143  211792  226361  239777  251971  262881  272452  280634  287386  292674  296470  298756  299519  298756  296470  292674  287386  280634  272452  262881  251971  239777  226361  211792  196143  179495  161932
  144643  163172  180869  197644  213413  228094  241613  253900  264894  274537  282782  289586  294914  298739  301042  301811  301042  298739  294914  289586  282782  274537  264894  253900  241613  228094  213413  197644  180869  163172
  145430  164060  181853  198720  214575  229336  242928  255282  266336  276032  284322  291162  296520  300366  302681  303454  302681  300366  296520  291162  284322  276032  266336  255282  242928  229336  214575  198720  181853  164060
  145904  164594  182445  199367  215273  230082  243719  256113  267203  276930  285247  292110  297485  301344  303667  304442  303667  301344  297485  292110  285247  276930  267203  256113  243719  230082  215273  199367  182445  164594
  146062  164772  182643  199583  215506  230331  243983  256391  267492  277230  285556  292427  297807  301670  303995  304772  303995  301670  297807  292427  285556  277230  267492  256391  243983  230331  215506  199583  182643  164772
  145904  164594  182445  199367  215273  230082  243719  256113  267203  276930  285247  292110  297485  301344  303667  304442  303667  301344  297485  292110  285247  276930  267203  256113  243719  230082  215273  199367  182445  164594
  145430  164060  181853  198720  214575  229336  242928  255282  266336  276032  284322  291162  296520  300366  302681  303454  302681  300366  296520  291162  284322  276032  266336  255282  242928  229336  214575  198720  181853  164060
  144643  163172  180869  197644  213413  228094  241613  253900  264894  274537  282782  289586  294914  298739  301042  301811  301042  298739  294914  289586  282782  274537  264894  253900  241613  228094  213413  197644  180869  163172
  143544  161932  179495  196143  211792  226361  239777  251971  262881  272452  280634  287386  292674  296470  298756  299519  298756  296470  292674  287386  280634  272452  262881  251971  239777  226361  211792  196143  179495  161932
  142138  160345  177736  194221  209716  224143  237428  249502  260305  269782  277884  284570  289806  293565  295828  296584  295828  293565  289806  284570  277884  269782  260305  249502  237428  224143  209716  194221  177736  160345
  140428  158416  175598  191885  207194  221447  234572  246501  257174  266537  274541  281147  286320  290034  292270  293016  292270  290034  286320  281147  274541  266537  257174  246501  234572  221447  207194  191885  175598  158416
  138420  156152  173088  189142  204232  218281  231218  242977  253498  262726  270617  277128  282227  285887  288091  288827  288091  285887  282227  277128  270617  262726  253498  242977  231218  218281  204232  189142  173088  156152
  136121  153559  170213  186001  200840  214656  227378  238942  249288  258363  266122  272525  277540  281140  283307  284031  283307  281140  277540  272525  266122  258363  249288  238942  227378  214656  200840  186001  170213  153559
  133539  150645  166984  182472  197030  210583  223064  234408  244558  253462  261073  267355  272274  275806  277932  278642  277932  275806  272274  267355  261073  253462  244558  234408  223064  210583  197030  182472  166984  150645
  134736  151995  168480  184107  198795  212471  225063  236509  246750  255733  263413  269751  274714  278277  280423  281139  280423  278277  274714  269751  263413  255733  246750  236509  225063  212471  198795  184107  168480  151995
  136959  154503  171260  187145  202075  215976  228777  240411  250821  259952  267759  274202  279247  282869  285049  285778  285049  282869  279247  274202  267759  259952  250821  240411  228777  215976  202075  187145  171260  154503
  138950  156749  173750  189865  205013  219116  232103  243906  254467  263731  271652  278188  283306  286981  289193  289932  289193  286981  283306  278188  271652  263731  254467  243906  232103  219116  205013  189865  173750  156749
  140703  158727  175943  192261  207600  221881  235032  246985  257679  267060  275080  281699  286882  290603  292843  293591  292843  290603  286882  281699  275080  267060  257679  246985  235032  221881  207600  192261  175943  158727
  142215  160433  177833  194327  209831  224265  237557  249638  260447  269929  278036  284725  289964  293725  295990  296746  295990  293725  289964  284725  278036  269929  260447  249638  237557  224265  209831  194327  177833  160433
  143481  161861  179416  196057  211699  226262  239672  251861  262766  272332  280511  287260  292545  296340  298624  299387  298624  296340  292545  287260  280511  272332  262766  251861  239672  226262  211699  196057  179416  161861
  144498  163008  180688  197446  213199  227865  241370  253645  264628  274262  282499  289296  294618  298440  300741  301509  300741  298440  294618  289296  282499  274262  264628  253645  241370  227865  213199  197446  180688  163008
  145263  163871  181644  198492  214328  229071  242648  254988  266029  275714  283994  290827  296178  300020  302333  303105  302333  300020  296178  290827  283994  275714  266029  254988  242648  229071  214328  198492  181644  163871
  145774  164447  182283  199190  215082  229877  243502  255885  266965  276684  284993  291850  297220  301075  303396  304171  303396  301075  297220  291850  284993  276684  266965  255885  243502  229877  215082  199190  182283  164447
  146030  164736  182603  199539  215459  230281  243929  256334  267433  277170  285493  292363  297742  301604  303929  304705  303929  301604  297742  292363  285493  277170  267433  256334  243929  230281  215459  199539  182603  164736
  146030  164736  182603  199539  215459  230281  243929  256334  267433  277170  285493  292363  297742  301604  303929  304705  303929  301604  297742  292363  285493  277170  267433  256334  243929  230281  215459  199539  182603  164736
  145774  164447  182283  199190  215082  229877  243502  255885  266965  276684  284993  291850  297220  301075  303396  304171  303396  301075  297220  291850  284993  276684  266965  255885  243502  229877  215082  199190  182283  164447
  145263  163871  181644  198492  214328  229071  242648  254988  266029  275714  283994  290827  296178  300020  302333  303105  302333  300020  296178  290827  283994  275714  266029  254988  242648  229071  214328  198492  181644  163871
  144498  163008  180688  197446  213199  227865  241370  253645  264628  274262  282499  289296  294618  298440  300741  301509  300741  298440  294618  289296  282499  274262  264628  253645  241370  227865  213199  197446  180688  163008
  143481  161861  179416  196057  211699  226262  239672  251861  262766  272332  280511  287260  292545  296340  298624  299387  298624  296340  292545  287260  280511  272332  262766  251861  239672  226262  211699  196057  179416  161861
  142215  160433  177833  194327  209831  224265  237557  249638  260447  269929  278036  284725  289964  293725  295990  296746  295990  293725  289964  284725  278036  269929  260447  249638  237557  224265  209831  194327  177833  160433
  140703  158727  175943  192261  207600  221881  235032  246985  257679  267060  275080  281699  286882  290603  292843  293591  292843  290603  286882  281699  275080  267060  257679  246985  235032  221881  207600  192261  175943  158727
  138950  156749  173750  189865  205013  219116  232103  243906  254467  263731  271652  278188  283306  286981  289193  289932  289193  286981  283306  278188  271652  263731  254467  243906  232103  219116  205013  189865  173750  156749
  136959  154503  171260  187145  202075  215976  228777  240411  250821  259952  267759  274202  279247  282869  285049  285778  285049  282869  279247  274202  267759  259952  250821  240411  228777  215976  202075  187145  171260  154503
  134736  151995  168480  184107  198795  212471  225063  236509  246750  255733  263413  269751  274714  278277  280423  281139  280423  278277  274714  269751  263413  255733  246750  236509  225063  212471  198795  184107  168480  151995
  136121  153559  170213  186001  200840  214656  227378  238942  249288  258363  266122  272525  277540  281140  283307  284031  283307  281140  277540  272525  266122  258363  249288  238942  227378  214656  200840  186001  170213  153559
  137983  155659  172542  188545  203587  217592  230489  242210  252698  261898  269763  276253  281336  284985  287182  287916  287182  284985  281336  276253  269763  261898  252698  242210  230489  217592  203587  188545  172542  155659
  139660  157551  174638  190836  206061  220236  233289  245153  255768  265080  273041  279610  284755  288448  290672  291414  290672  288448  284755  279610  273041  265080  255768  245153  233289  220236  206061  190836  174638  157551
  141148  159229  176498  192869  208256  222582  235774  247765  258493  267903  275949  282588  287788  291521  293768  294518  293768  291521  287788  282588  275949  267903  258493  247765  235774  222582  208256  192869  176498  159229
  142443  160690  178118  194639  210168  224625  237938  250039  260865  270362  278482  285182  290429  294197  296465  297222  296465  294197  290429  285182  278482  270362  260865  250039  237938  224625  210168  194639  178118  160690
  143544  161932  179495  196143  211792  226361  239777  251971  262881  272452  280634  287386  292674  296470  298756  299519  298756  296470  292674  287386  280634  272452  262881  251971  239777  226361  211792  196143  179495  161932
  144448  162952  180625  197378  213125  227786  241287  253558  264537  274167  282401  289196  294517  298337  300637  301405  300637  298337  294517  289196  282401  274167  264537  253558  241287  227786  213125  197378  180625  162952
  145153  163747  181507  198341  214165  228898  242464  254795  265828  275505  283779  290607  295954  299793  302104  302876  302104  299793  295954  290607  283779  275505  265828  254795  242464  228898  214165  198341  181507  163747
  145657  164316  182138  199031  214910  229694  243307  255681  266752  276463  284766  291617  296983  300835  303154  303928  303154  300835  296983  291617  284766  276463  266752  255681  243307  229694  214910  199031  182138  164316
  146062  164772  182643  199583  215506  230331  243983  256391  267492  277230  285556  292427  297807  301670  303995  304772  303995  301670  297807  292427  285556  277230  267492  256391  243983  230331  215506  199583  182643  164772
  145961  164658  182517  199445  215357  230172  243814  256213  267307  277038  285358  292224  297601  301461  303785  304561  303785  301461  297601  292224  285358  277038  267307  256213  243814  230172  215357  199445  182517  164658
  145657  164316  182138  199031  214910  229694  243307  255681  266752  276463  284766  291617  296983  300835  303154  303928  303154  300835  296983  291617  284766  276463  266752  255681  243307  229694  214910  199031  182138  164316
  145153  163747  181507  198341  214165  228898  242464  254795  265828  275505  283779  290607  295954  299793  302104  302876  302104  299793  295954  290607  283779  275505  265828  254795  242464  228898  214165  198341  181507  163747
  144448  162952  180625  197378  213125  227786  241287  253558  264537  274167  282401  289196  294517  298337  300637  301405  300637  298337  294517  289196  282401  274167  264537  253558  241287  227786  213125  197378  180625  162952
  143544  161932  179495  196143  211792  226361  239777  251971  262881  272452  280634  287386  292674  296470  298756  299519  298756  296470  292674  287386  280634  272452  262881  251971  239777  226361  211792  196143  179495  161932
  142443  160690  178118  194639  210168  224625  237938  250039  260865  270362  278482  285182  290429  294197  296465  297222  296465  294197  290429  285182  278482  270362  260865  250039  237938  224625  210168  194639  178118  160690
  141148  159229  176498  192869  208256  222582  235774  247765  258493  267903  275949  282588  287788  291521  293768  294518  293768  291521  287788  282588  275949  267903  258493  247765  235774  222582  208256  192869  176498  159229
  139660  157551  174638  190836  206061  220236  233289  245153  255768  265080  273041  279610  284755  288448  290672  291414  290672  288448  284755  279610  273041  265080  255768  245153  233289  220236  206061  190836  174638  157551
  137983  155659  172542  188545  203587  217592  230489  242210  252698  261898  269763  276253  281336  284985  287182  287916  287182  284985  281336  276253  269763  261898  252698  242210  230489  217592  203587  188545  172542  155659
  136121  153559  170213  186001  200840  214656  227378  238942  249288  258363  266122  272525  277540  281140  283307  284031  283307  281140  277540  272525  266122  258363  249288  238942  227378  214656  200840  186001  170213  153559
  137648  155281  172123  188087  203093  217064  229929  241622  252084  261262  269108  275582  280653  284293  286485  287217  286485  284293  280653  275582  269108  261262  252084  241622  229929  217064  203093  188087  172123  155281
  139156  156982  174008  190147  205318  219442  232448  244269  254846  264124  272056  278601  283727  287408  289623  290363  289623  287408  283727  278601  272056  264124  254846  244269  232448  219442  205318  190147  174008  156982
  140520  158521  175714  192011  207330  221593  234726  246663  257344  266713  274722  281332  286509  290225  292462  293209  292462  290225  286509  281332  274722  266713  257344  246663  234726  221593  207330  192011  175714  158521
  141738  159895  177237  193676  209127  223514  236761  248801  259574  269024  277104  283771  288992  292741  294997  295751  294997  292741  288992  283771  277104  269024  259574  248801  236761  223514  209127  193676  177237  159895
  142808  161102  178575  195138  210706  225201  238548  250680  261534  271055  279196  285913  291174  294950  297224  297984  297224  294950  291174  285913  279196  271055  261534  250680  238548  225201  210706  195138  178575  161102
  143729  162140  179726  196395  212064  226652  240085  252295  263219  272802  280995  287756  293050  296851  299140  299904  299140  296851  293050  287756  280995  272802  263219  252295  240085  226652  212064  196395  179726  162140
  144498  163008  180688  197446  213199  227865  241370  253645  264628  274262  282499  289296  294618  298440  300741  301509  300741  298440  294618  289296  282499  274262  264628  253645  241370  227865  213199  197446  180688  163008
  145578  164227  182038  198922  214793  229569  243175  255542  266606  276313  284611  291458  296821  300671  302989  303763  302989  300671  296821  291458  284611  276313  266606  255542  243175  229569  214793  198922  182038  164227
  145887  164576  182425  199345  215249  230057  243692  256085  267173  276900  285216  292078  297452  301310  303633  304409  303633  301310  297452  292078  285216  276900  267173  256085  243692  230057  215249  199345  182425  164576
  146042  164750  182619  199557  215478  230301  243950  256357  267457  277194  285518  292388  297768  301630  303955  304732  303955  301630  297768  292388  285518  277194  267457  256357  243950  230301  215478  199557  182619  164750
  146042  164750  182619  199557  215478  230301  243950  256357  267457  277194  285518  292388  297768  301630  303955  304732  303955  301630  297768  292388  285518  277194  267457  256357  243950  230301  215478  199557  182619  164750
  145887  164576  182425  199345  215249  230057  243692  256085  267173  276900  285216  292078  297452  301310  303633  304409  303633  301310  297452  292078  285216  276900  267173  256085  243692  230057  215249  199345  182425  164576
  145578  164227  182038  198922  214793  229569  243175  255542  266606  276313  284611  291458  296821  300671  302989  303763  302989  300671  296821  291458  284611  276313  266606  255542  243175  229569  214793  198922  182038  164227
  144498  163008  180688  197446  213199  227865  241370  253645  264628  274262  282499  289296  294618  298440  300741  301509  300741  298440  294618  289296  282499  274262  264628  253645  241370  227865  213199  197446  180688  163008
  143729  162140  179726  196395  212064  226652  240085  252295  263219  272802  280995  287756  293050  296851  299140  299904  299140  296851  293050  287756  280995  272802  263219  252295  240085  226652  212064  196395  179726  162140
  142808  161102  178575  195138  210706  225201  238548  250680  261534  271055  279196  285913  291174  294950  297224  297984  297224  294950  291174  285913  279196  271055  261534  250680  238548  225201  210706  195138  178575  161102
  141738  159895  177237  193676  209127  223514  236761  248801  259574  269024  277104  283771  288992  292741  294997  295751  294997  292741  288992  283771  277104  269024  259574  248801  236761  223514  209127  193676  177237  159895
  140520  158521  175714  192011  207330  221593  234726  246663  257344  266713  274722  281332  286509  290225  292462  293209  292462  290225  286509  281332  274722  266713  257344  246663  234726  221593  207330  192011  175714  158521
  139156  156982  174008  190147  205318  219442  232448  244269  254846  264124  272056  278601  283727  287408  289623  290363  289623  287408  283727  278601  272056  264124  254846  244269  232448  219442  205318  190147  174008  156982
  137648  155281  172123  188087  203093  217064  229929  241622  252084  261262  269108  275582  280653  284293  286485  287217  286485  284293  280653  275582  269108  261262  252084  241622  229929  217064  203093  188087  172123  155281
  139258  157098  174136  190287  205469  219603  232618  244449  255033  264318  272256  278806  283936  287619  289836  290577  289836  287619  283936  278806  272256  264318  255033  244449  232618  219603  205469  190287  174136  157098
  140428  158416  175598  191885  207194  221447  234572  246501  257174  266537  274541  281147  286320  290034  292270  293016  292270  290034  286320  281147  274541  266537  257174  246501  234572  221447  207194  191885  175598  158416
  141490  159615  176926  193336  208761  223122  236345  248365  259119  268553  276618  283273  288485  292227  294480  295232  294480  292227  288485  283273  276618  268553  259119  248365  236345  223122  208761  193336  176926  159615
  142443  160690  178118  194639  210168  224625  237938  250039  260865  270362  278482  285182  290429  294197  296465  297222  296465  294197  290429  285182  278482  270362  260865  250039  237938  224625  210168  194639  178118  160690
  143287  161642  179174  195792  211413  225956  239348  251520  262411  271964  280132  286872  292150  295940  298221  298983  298221  295940  292150  286872  280132  271964  262411  251520  239348  225956  211413  195792  179174  161642
  144021  162470  180091  196794  212495  227113  240573  252808  263754  273357  281566  288341  293646  297455  299748  300513  299748  297455  293646  288341  281566  273357  263754  252808  240573  227113  212495  196794  180091  162470
  144643  163172  180869  197644  213413  228094  241613  253900  264894  274537  282782  289586  294914  298739  301042  301811  301042  298739  294914  289586  282782  274537  264894  253900  241613  228094  213413  197644  180869  163172
  145153  163747  181507  198341  214165  228898  242464  254795  265828  275505  283779  290607  295954  299793  302104  302876  302104  299793  295954  290607  283779  275505  265828  254795  242464  228898  214165  198341  181507  163747
  145550  164195  182003  198884  214752  229525  243128  255493  266555  276259  284556  291402  296764  300613  302931  303705  302931  300613  296764  291402  284556  276259  266555  255493  243128  229525  214752  198884  182003  164195
  145834  164516  182359  199272  215171  229973  243603  255991  267075  276799  285111  291971  297343  301200  303522  304297  303522  301200  297343  291971  285111  276799  267075  255991  243603  229973  215171  199272  182359  164516
  146005  164708  182572  199505  215422  230242  243888  256291  267388  277122  285445  292313  297691  301552  303877  304653  303877  301552  297691  292313  285445  277122  267388  256291  243888  230242  215422  199505  182572  164708
  146062  164772  182643  199583  215506  230331  243983  256391  267492  277230  285556  292427  297807  301670  303995  304772  303995  301670  297807  292427  285556  277230  267492  256391  243983  230331  215506  199583  182643  164772
  145834  164516  182359  199272  215171  229973  243603  255991  267075  276799  285111  291971  297343  301200  303522  304297  303522  301200  297343  291971  285111  276799  267075  255991  243603  229973  215171  199272  182359  164516
  145550  164195  182003  198884  214752  229525  243128  255493  266555  276259  284556  291402  296764  300613  302931  303705  302931  300613  296764  291402  284556  276259  266555  255493  243128  229525  214752  198884  182003  164195
  145153  163747  181507  198341  214165  228898  242464  254795  265828  275505  283779  290607  295954  299793  302104  302876  302104  299793  295954  290607  283779  275505  265828  254795  242464  228898  214165  198341  181507  163747
  144643  163172  180869  197644  213413  228094  241613  253900  264894  274537  282782  289586  294914  298739  301042  301811  301042  298739  294914  289586  282782  274537  264894  253900  241613  228094  213413  197644  180869  163172
  144021  162470  180091  196794  212495  227113  240573  252808  263754  273357  281566  288341  293646  297455  299748  300513  299748  297455  293646  288341  281566  273357  263754  252808  240573  227113  212495  196794  180091  162470
  143287  161642  179174  195792  211413  225956  239348  251520  262411  271964  280132  286872  292150  295940  298221  298983  298221  295940  292150  286872  280132  271964  262411  251520  239348  225956  211413  195792  179174  161642
  142443  160690  178118  194639  210168  224625  237938  250039  260865  270362  278482  285182  290429  294197  296465  297222  296465  294197  290429  285182  278482  270362  260865  250039  237938  224625  210168  194639  178118  160690
  141490  159615  176926  193336  208761  223122  236345  248365  259119  268553  276618  283273  288485  292227  294480  295232  294480  292227  288485  283273  276618  268553  259119  248365  236345  223122  208761  193336  176926  159615
  140428  158416  175598  191885  207194  221447  234572  246501  257174  266537  274541  281147  286320  290034  292270  293016  292270  290034  286320  281147  274541  266537  257174  246501  234572  221447  207194  191885  175598  158416
  139258  157098  174136  190287  205469  219603  232618  244449  255033  264318  272256  278806  283936  287619  289836  290577  289836  287619  283936  278806  272256  264318  255033  244449  232618  219603  205469  190287  174136  157098
  140883  158930  176168  192507  207866  222165  235333  247301  258008  267402  275432  282059  287249  290975  293218  293967  293218  290975  287249  282059  275432  267402  258008  247301  235333  222165  207866  192507  176168  158930
  141738  159895  177237  193676  209127  223514  236761  248801  259574  269024  277104  283771  288992  292741  294997  295751  294997  292741  288992  283771  277104  269024  259574  248801  236761  223514  209127  193676  177237  159895
  142518  160774  178212  194741  210278  224743  238063  250170  261002  270504  278628  285331  290581  294350  296620  297377  296620  294350  290581  285331  278628  270504  261002  250170  238063  224743  210278  194741  178212  160774
  143221  161568  179091  195702  211315  225852  239238  251404  262290  271839  280003  286740  292015  295803  298084  298845  298084  295803  292015  286740  280003  271839  262290  251404  239238  225852  211315  195702  179091  161568
  143848  162275  179875  196558  212240  226840  240284  252504  263438  273028  281228  287994  293293  297097  299388  300153  299388  297097  293293  287994  281228  273028  263438  252504  240284  226840  212240  196558  179875  162275
  144397  162895  180562  197309  213051  227707  241202  253469  264444  274071  282302  289094  294413  298232  300531  301299  300531  298232  294413  289094  282302  274071  264444  253469  241202  227707  213051  197309  180562  162895
  144869  163427  181152  197954  213747  228451  241990  254297  265308  274967  283224  290039  295375  299207  301513  302283  301513  299207  295375  290039  283224  274967  265308  254297  241990  228451  213747  197954  181152  163427
  145263  163871  181644  198492  214328  229071  242648  254988  266029  275714  283994  290827  296178  300020  302333  303105  302333  300020  296178  290827  283994  275714  266029  254988  242648  229071  214328  198492  181644  163871
  145578  164227  182038  198922  214793  229569  243175  255542  266606  276313  284611  291458  296821  300671  302989  303763  302989  300671  296821  291458  284611  276313  266606  255542  243175  229569  214793  198922  182038  164227
  145815  164494  182334  199246  215142  229942  243570  255957  267040  276762  285073  291932  297304  301160  303482  304257  303482  301160  297304  291932  285073  276762  267040  255957  243570  229942  215142  199246  182334  164494
  146052  164761  182631  199570  215492  230316  243966  256373  267474  277212  285537  292407  297787  301649  303975  304751  303975  301649  297787  292407  285537  277212  267474  256373  243966  230316  215492  199570  182631  164761
  146052  164761  182631  199570  215492  230316  243966  256373  267474  277212  285537  292407  297787  301649  303975  304751  303975  301649  297787  292407  285537  277212  267474  256373  243966  230316  215492  199570  182631  164761
  145973  164672  182532  199462  215375  230191  243834  256235  267329  277062  285382  292249  297626  301486  303810  304587  303810  301486  297626  292249  285382  277062  267329  256235  243834  230191  215375  199462  182532  164672
  145815  164494  182334  199246  215142  229942  243570  255957  267040  276762  285073  291932  297304  301160  303482  304257  303482  301160  297304  291932  285073  276762  267040  255957  243570  229942  215142  199246  182334  164494
  145578  164227  182038  198922  214793  229569  243175  255542  266606  276313  284611  291458  296821  300671  302989  303763  302989  300671  296821  291458  284611  276313  266606  255542  243175  229569  214793  198922  182038  164227
  145263  163871  181644  198492  214328  229071  242648  254988  266029  275714  283994  290827  296178  300020  302333  303105  302333  300020  296178  290827  283994  275714  266029  254988  242648  229071  214328  198492  181644  163871
  144397  162895  180562  197309  213051  227707  241202  253469  264444  274071  282302  289094  294413  298232  300531  301299  300531  298232  294413  289094  282302  274071  264444  253469  241202  227707  213051  197309  180562  162895
  143848  162275  179875  196558  212240  226840  240284  252504  263438  273028  281228  287994  293293  297097  299388  300153  299388  297097  293293  287994  281228  273028  263438  252504  240284  226840  212240  196558  179875  162275
  143221  161568  179091  195702  211315  225852  239238  251404  262290  271839  280003  286740  292015  295803  298084  298845  298084  295803  292015  286740  280003  271839  262290  251404  239238  225852  211315  195702  179091  161568
  142518  160774  178212  194741  210278  224743  238063  250170  261002  270504  278628  285331  290581  294350  296620  297377  296620  294350  290581  285331  278628  270504  261002  250170  238063  224743  210278  194741  178212  160774
  141738  159895  177237  193676  209127  223514  236761  248801  259574  269024  277104  283771  288992  292741  294997  295751  294997  292741  288992  283771  277104  269024  259574  248801  236761  223514  209127  193676  177237  159895
  140883  158930  176168  192507  207866  222165  235333  247301  258008  267402  275432  282059  287249  290975  293218  293967  293218  290975  287249  282059  275432  267402  258008  247301  235333  222165  207866  192507  176168  158930
  142443  160690  178118  194639  210168  224625  237938  250039  260865  270362  278482  285182  290429  294197  296465  297222  296465  294197  290429  285182  278482  270362  260865  250039  237938  224625  210168  194639  178118  160690
  143018  161339  178837  195424  211016  225532  238899  251048  261918  271454  279606  286333  291602  295384  297661  298421  297661  295384  291602  286333  279606  271454  261918  251048  238899  225532  211016  195424  178837  161339
  143544  161932  179495  196143  211792  226361  239777  251971  262881  272452  280634  287386  292674  296470  298756  299519  298756  296470  292674  287386  280634  272452  262881  251971  239777  226361  211792  196143  179495  161932
  144021  162470  180091  196794  212495  227113  240573  252808  263754  273357  281566  288341  293646  297455  299748  300513  299748  297455  293646  288341  281566  273357  263754  252808  240573  227113  212495  196794  180091  162470
  144448  162952  180625  197378  213125  227786  241287  253558  264537  274167  282401  289196  294517  298337  300637  301405  300637  298337  294517  289196  282401  274167  264537  253558  241287  227786  213125  197378  180625  162952
  144825  163377  181097  197894  213682  228382  241917  254220  265228  274884  283139  289951  295286  299116  301422  302192  301422  299116  295286  289951  283139  274884  265228  254220  241917  228382  213682  197894  181097  163377
  145153  163747  181507  198341  214165  228898  242464  254795  265828  275505  283779  290607  295954  299793  302104  302876  302104  299793  295954  290607  283779  275505  265828  254795  242464  228898  214165  198341  181507  163747
  145430  164060  181853  198720  214575  229336  242928  255282  266336  276032  284322  291162  296520  300366  302681  303454  302681  300366  296520  291162  284322  276032  266336  255282  242928  229336  214575  198720  181853  164060
  145834  164516  182359  199272  215171  229973  243603  255991  267075  276799  285111  291971  297343  301200  303522  304297  303522  301200  297343  291971  285111  276799  267075  255991  243603  229973  215171  199272  182359  164516
  145961  164658  182517  199445  215357  230172  243814  256213  267307  277038  285358  292224  297601  301461  303785  304561  303785  301461  297601  292224  285358  277038  267307  256213  243814  230172  215357  199445  182517  164658
  146036  164744  182611  199549  215469  230291  243940  256346  267446  277182  285507  292376  297755  301618  303943  304719  303943  301618  297755  292376  285507  277182  267446  256346  243940  230291  215469  199549  182611  164744
  146062  164772  182643  199583  215506  230331  243983  256391  267492  277230  285556  292427  297807  301670  303995  304772  303995  301670  297807  292427  285556  277230  267492  256391  243983  230331  215506  199583  182643  164772
  146036  164744  182611  199549  215469  230291  243940  256346  267446  277182  285507  292376  297755  301618  303943  304719  303943  301618  297755  292376  285507  277182  267446  256346  243940  230291  215469  199549  182611  164744
  145961  164658  182517  199445  215357  230172  243814  256213  267307  277038  285358  292224  297601  301461  303785  304561  303785  301461  297601  292224  285358  277038  267307  256213  243814  230172  215357  199445  182517  164658
  145657  164316  182138  199031  214910  229694  243307  255681  266752  276463  284766  291617  296983  300835  303154  303928  303154  300835  296983  291617  284766  276463  266752  255681  243307  229694  214910  199031  182138  164316
  145430  164060  181853  198720  214575  229336  242928  255282  266336  276032  284322  291162  296520  300366  302681  303454  302681  300366  296520  291162  284322  276032  266336  255282  242928  229336  214575  198720  181853  164060
  145153  163747  181507  198341  214165  228898  242464  254795  265828  275505  283779  290607  295954  299793  302104  302876  302104  299793  295954  290607  283779  275505  265828  254795  242464  228898  214165  198341  181507  163747
  144825  163377  181097  197894  213682  228382  241917  254220  265228  274884  283139  289951  295286  299116  301422  302192  301422  299116  295286  289951  283139  274884  265228  254220  241917  228382  213682  197894  181097  163377
  144448  162952  180625  197378  213125  227786  241287  253558  264537  274167  282401  289196  294517  298337  300637  301405  300637  298337  294517  289196  282401  274167  264537  253558  241287  227786  213125  197378  180625  162952
  144021  162470  180091  196794  212495  227113  240573  252808  263754  273357  281566  288341  293646  297455  299748  300513  299748  297455  293646  288341  281566  273357  263754  252808  240573  227113  212495  196794  180091  162470
  143544  161932  179495  196143  211792  226361  239777  251971  262881  272452  280634  287386  292674  296470  298756  299519  298756  296470  292674  287386  280634  272452  262881  251971  239777  226361  211792  196143  179495  161932
  143018  161339  178837  195424  211016  225532  238899  251048  261918  271454  279606  286333  291602  295384  297661  298421  297661  295384  291602  286333  279606  271454  261918  251048  238899  225532  211016  195424  178837  161339
  142443  160690  178118  194639  210168  224625  237938  250039  260865  270362  278482  285182  290429  294197  296465  297222  296465  294197  290429  285182  278482  270362  260865  250039  237938  224625  210168  194639  178118  160690
  143848  162275  179875  196558  212240  226840  240284  252504  263438  273028  281228  287994  293293  297097  299388  300153  299388  297097  293293  287994  281228  273028  263438  252504  240284  226840  212240  196558  179875  162275
  144187  162657  180299  197021  212740  227375  240851  253099  264058  273672  281890  288673  293984  297797  300093  300860  300093  297797  293984  288673  281890  273672  264058  253099  240851  227375  212740  197021  180299  162657
  144498  163008  180688  197446  213199  227865  241370  253645  264628  274262  282499  289296  294618  298440  300741  301509  300741  298440  294618  289296  282499  274262  264628  253645  241370  227865  213199  197446  180688  163008
  144781  163327  181041  197833  213617  228312  241843  254142  265146  274799  283052  289862  295196  299025  301330  302099  301330  299025  295196  289862  283052  274799  265146  254142  241843  228312  213617  197833  181041  163327
  145036  163615  181360  198182  213993  228714  242269  254590  265613  275283  283551  290373  295715  299551  301861  302632  301861  299551  295715  290373  283551  275283  265613  254590  242269  228714  213993  198182  181360  163615
  145263  163871  181644  198492  214328  229071  242648  254988  266029  275714  283994  290827  296178  300020  302333  303105  302333  300020  296178  290827  283994  275714  266029  254988  242648  229071  214328  198492  181644  163871
  145632  164287  182105  198996  214872  229653  243264  255636  266705  276414  284716  291566  296930  300782  303101  303875  303101  300782  296930  291566  284716  276414  266705  255636  243264  229653  214872  198996  182105  164287
  145774  164447  182283  199190  215082  229877  243502  255885  266965  276684  284993  291850  297220  301075  303396  304171  303396  301075  297220  291850  284993  276684  266965  255885  243502  229877  215082  199190  182283  164447
  145887  164576  182425  199345  215249  230057  243692  256085  267173  276900  285216  292078  297452  301310  303633  304409  303633  301310  297452  292078  285216  276900  267173  256085  243692  230057  215249  199345  182425  164576
  145973  164672  182532  199462  215375  230191  243834  256235  267329  277062  285382  292249  297626  301486  303810  304587  303810  301486  297626  292249  285382  277062  267329  256235  243834  230191  215375  199462  182532  164672
  146030  164736  182603  199539  215459  230281  243929  256334  267433  277170  285493  292363  297742  301604  303929  304705  303929  301604  297742  292363  285493  277170  267433  256334  243929  230281  215459  199539  182603  164736
  146058  164768  182639  199578  215501  230326  243977  256384  267485  277224  285549  292419  297800  301663  303988  304765  303988  301663  297800  292419  285549  277224  267485  256384  243977  230326  215501  199578  182639  164768
  146030  164736  182603  199539  215459  230281  243929  256334  267433  277170  285493  292363  297742  301604  303929  304705  303929  301604  297742  292363  285493  277170  267433  256334  243929  230281  215459  199539  182603  164736
  145973  164672  182532  199462  215375  230191  243834  256235  267329  277062  285382  292249  297626  301486  303810  304587  303810  301486  297626  292249  285382  277062  267329  256235  243834  230191  215375  199462  182532  164672
  145887  164576  182425  199345  215249  230057  243692  256085  267173  276900  285216  292078  297452  301310  303633  304409  303633  301310  297452  292078  285216  276900  267173  256085  243692  230057  215249  199345  182425  164576
  145774  164447  182283  199190  215082  229877  243502  255885  266965  276684  284993  291850  297220  301075  303396  304171  303396  301075  297220  291850  284993  276684  266965  255885  243502  229877  215082  199190  182283  164447
  145632  164287  182105  198996  214872  229653  243264  255636  266705  276414  284716  291566  296930  300782  303101  303875  303101  300782  296930  291566  284716  276414  266705  255636  243264  229653  214872  198996  182105  164287
  145461  164095  181892  198763  214621  229385  242980  255337  266393  276091  284382  291225  296583  300430  302746  303519  302746  300430  296583  291225  284382  276091  266393  255337  242980  229385  214621  198763  181892  164095
  145263  163871  181644  198492  214328  229071  242648  254988  266029  275714  283994  290827  296178  300020  302333  303105  302333  300020  296178  290827  283994  275714  266029  254988  242648  229071  214328  198492  181644  163871
  145036  163615  181360  198182  213993  228714  242269  254590  265613  275283  283551  290373  295715  299551  301861  302632  301861  299551  295715  290373  283551  275283  265613  254590  242269  228714  213993  198182  181360  163615
  144781  163327  181041  197833  213617  228312  241843  254142  265146  274799  283052  289862  295196  299025  301330  302099  301330  299025  295196  289862  283052  274799  265146  254142  241843  228312  213617  197833  181041  163327
  144498  163008  180688  197446  213199  227865  241370  253645  264628  274262  282499  289296  294618  298440  300741  301509  300741  298440  294618  289296  282499  274262  264628  253645  241370  227865  213199  197446  180688  163008
  144187  162657  180299  197021  212740  227375  240851  253099  264058  273672  281890  288673  293984  297797  300093  300860  300093  297797  293984  288673  281890  273672  264058  253099  240851  227375  212740  197021  180299  162657
  143848  162275  179875  196558  212240  226840  240284  252504  263438  273028  281228  287994  293293  297097  299388  300153  299388  297097  293293  287994  281228  273028  263438  252504  240284  226840  212240  196558  179875  162275
  145153  163747  181507  198341  214165  228898  242464  254795  265828  275505  283779  290607  295954  299793  302104  302876  302104  299793  295954  290607  283779  275505  265828  254795  242464  228898  214165  198341  181507  163747
  145298  163910  181688  198539  214379  229127  242707  255050  266093  275781  284063  290897  296250  300092  302406  303178  302406  300092  296250  290897  284063  275781  266093  255050  242707  229127  214379  198539  181688  163910
  145430  164060  181853  198720  214575  229336  242928  255282  266336  276032  284322  291162  296520  300366  302681  303454  302681  300366  296520  291162  284322  276032  266336  255282  242928  229336  214575  198720  181853  164060
  145550  164195  182003  198884  214752  229525  243128  255493  266555  276259  284556  291402  296764  300613  302931  303705  302931  300613  296764  291402  284556  276259  266555  255493  243128  229525  214752  198884  182003  164195
  145657  164316  182138  199031  214910  229694  243307  255681  266752  276463  284766  291617  296983  300835  303154  303928  303154  300835  296983  291617  284766  276463  266752  255681  243307  229694  214910  199031  182138  164316
  145752  164423  182256  199160  215050  229843  243465  255847  266925  276643  284951  291807  297176  301030  303351  304126  303351  301030  297176  291807  284951  276643  266925  255847  243465  229843  215050  199160  182256  164423
  145834  164516  182359  199272  215171  229973  243603  255991  267075  276799  285111  291971  297343  301200  303522  304297  303522  301200  297343  291971  285111  276799  267075  255991  243603  229973  215171  199272  182359  164516
  145904  164594  182445  199367  215273  230082  243719  256113  267203  276930  285247  292110  297485  301344  303667  304442  303667  301344  297485  292110  285247  276930  267203  256113  243719  230082  215273  199367  182445  164594
  145961  164658  182517  199445  215357  230172  243814  256213  267307  277038  285358  292224  297601  301461  303785  304561  303785  301461  297601  292224  285358  277038  267307  256213  243814  230172  215357  199445  182517  164658
  146005  164708  182572  199505  215422  230242  243888  256291  267388  277122  285445  292313  297691  301552  303877  304653  303877  301552  297691  292313  285445  277122  267388  256291  243888  230242  215422  199505  182572  164708
  146055  164765  182635  199575  215497  230321  243972  256379  267480  277218  285544  292414  297794  301657  303982  304759  303982  301657  297794  292414  285544  277218  267480  256379  243972  230321  215497  199575  182635  164765
  146062  164772  182643  199583  215506  230331  243983  256391  267492  277230  285556  292427  297807  301670  303995  304772  303995  301670  297807  292427  285556  277230  267492  256391  243983  230331  215506  199583  182643  164772
  146055  164765  182635  199575  215497  230321  243972  256379  267480  277218  285544  292414  297794  301657  303982  304759  303982  301657  297794  292414  285544  277218  267480  256379  243972  230321  215497  199575  182635  164765
  146036  164744  182611  199549  215469  230291  243940  256346  267446  277182  285507  292376  297755  301618  303943  304719  303943  301618  297755  292376  285507  277182  267446  256346  243940  230291  215469  199549  182611  164744
  146005  164708  182572  199505  215422  230242  243888  256291  267388  277122  285445  292313  297691  301552  303877  304653  303877  301552  297691  292313  285445  277122  267388  256291  243888  230242  215422  199505  182572  164708
  145961  164658  182517  199445  215357  230172  243814  256213  267307  277038  285358  292224  297601  301461  303785  304561  303785  301461  297601  292224  285358  277038  267307  256213  243814  230172  215357  199445  182517  164658
  145834  164516  182359  199272  215171  229973  243603  255991  267075  276799  285111  291971  297343  301200  303522  304297  303522  301200  297343  291971  285111  276799  267075  255991  243603  229973  215171  199272  182359  164516
  145752  164423  182256  199160  215050  229843  243465  255847  266925  276643  284951  291807  297176  301030  303351  304126  303351  301030  297176  291807  284951  276643  266925  255847  243465  229843  215050  199160  182256  164423
  145657  164316  182138  199031  214910  229694  243307  255681  266752  276463  284766  291617  296983  300835  303154  303928  303154  300835  296983  291617  284766  276463  266752  255681  243307  229694  214910  199031  182138  164316
  145550  164195  182003  198884  214752  229525  243128  255493  266555  276259  284556  291402  296764  300613  302931  303705  302931  300613  296764  291402  284556  276259  266555  255493  243128  229525  214752  198884  182003  164195
  145430  164060  181853  198720  214575  229336  242928  255282  266336  276032  284322  291162  296520  300366  302681  303454  302681  300366  296520  291162  284322  276032  266336  255282  242928  229336  214575  198720  181853  164060
  145298  163910  181688  198539  214379  229127  242707  255050  266093  275781  284063  290897  296250  300092  302406  303178  302406  300092  296250  290897  284063  275781  266093  255050  242707  229127  214379  198539  181688  163910
  145153  163747  181507  198341  214165  228898  242464  254795  265828  275505  283779  290607  295954  299793  302104  302876  302104  299793  295954  290607  283779  275505  265828  254795  242464  228898  214165  198341  181507  163747
  145815  164494  182334  199246  215142  229942  243570  255957  267040  276762  285073  291932  297304  301160  303482  304257  303482  301160  297304  291932  285073  276762  267040  255957  243570  229942  215142  199246  182334  164494
  145853  164536  182382  199298  215198  230002  243634  256024  267109  276834  285148  292008  297381  301238  303561  304336  303561  301238  297381  292008  285148  276834  267109  256024  243634  230002  215198  199298  182382  164536
  145887  164576  182425  199345  215249  230057  243692  256085  267173  276900  285216  292078  297452  301310  303633  304409  303633  301310  297452  292078  285216  276900  267173  256085  243692  230057  215249  199345  182425  164576
  145919  164611  182465  199388  215296  230106  243744  256140  267231  276960  285277  292141  297516  301375  303699  304474  303699  301375  297516  292141  285277  276960  267231  256140  243744  230106  215296  199388  182465  164611
  145948  164643  182500  199427  215338  230151  243792  256190  267283  277014  285333  292198  297574  301434  303758  304534  303758  301434  297574  292198  285333  277014  267283  256190  243792  230151  215338  199427  182500  164643
  145973  164672  182532  199462  215375  230191  243834  256235  267329  277062  285382  292249  297626  301486  303810  304587  303810  301486  297626  292249  285382  277062  267329  256235  243834  230191  215375  199462  182532  164672
  145995  164697  182560  199492  215408  230226  243871  256273  267370  277104  285426  292293  297671  301532  303857  304633  303857  301532  297671  292293  285426  277104  267370  256273  243871  230226  215408  199492  182560  164697
  146014  164718  182583  199518  215436  230256  243903  256307  267404  277140  285463  292331  297710  301571  303896  304672  303896  301571  297710  292331  285463  277140  267404  256307  243903  230256  215436  199518  182583  164718
  146042  164750  182619  199557  215478  230301  243950  256357  267457  277194  285518  292388  297768  301630  303955  304732  303955  301630  297768  292388  285518  277194  267457  256357  243950  230301  215478  199557  182619  164750
  146052  164761  182631  199570  215492  230316  243966  256373  267474  277212  285537  292407  297787  301649  303975  304751  303975  301649  297787  292407  285537  277212  267474  256373  243966  230316  215492  199570  182631  164761
  146058  164768  182639  199578  215501  230326  243977  256384  267485  277224  285549  292419  297800  301663  303988  304765  303988  301663  297800  292419  285549  277224  267485  256384  243977  230326  215501  199578  182639  164768
  146061  164772  182643  199583  215506  230331  243982  256390  267491  277230  285555  292426  297806  301669  303995  304771  303995  301669  297806  292426  285555  277230  267491  256390  243982  230331  215506  199583  182643  164772
  146061  164772  182643  199583  215506  230331  243982  256390  267491  277230  285555  292426  297806  301669  303995  304771  303995  301669  297806  292426  285555  277230  267491  256390  243982  230331  215506  199583  182643  164772
  146058  164768  182639  199578  215501  230326  243977  256384  267485  277224  285549  292419  297800  301663  303988  304765  303988  301663  297800  292419  285549  277224  267485  256384  243977  230326  215501  199578  182639  164768
  146042  164750  182619  199557  215478  230301  243950  256357  267457  277194  285518  292388  297768  301630  303955  304732  303955  301630  297768  292388  285518  277194  267457  256357  243950  230301  215478  199557  182619  164750
  146030  164736  182603  199539  215459  230281  243929  256334  267433  277170  285493  292363  297742  301604  303929  304705  303929  301604  297742  292363  285493  277170  267433  256334  243929  230281  215459  199539  182603  164736
  146014  164718  182583  199518  215436  230256  243903  256307  267404  277140  285463  292331  297710  301571  303896  304672  303896  301571  297710  292331  285463  277140  267404  256307  243903  230256  215436  199518  182583  164718
  145995  164697  182560  199492  215408  230226  243871  256273  267370  277104  285426  292293  297671  301532  303857  304633  303857  301532  297671  292293  285426  277104  267370  256273  243871  230226  215408  199492  182560  164697
  145973  164672  182532  199462  215375  230191  243834  256235  267329  277062  285382  292249  297626  301486  303810  304587  303810  301486  297626  292249  285382  277062  267329  256235  243834  230191  215375  199462  182532  164672
  145948  164643  182500  199427  215338  230151  243792  256190  267283  277014  285333  292198  297574  301434  303758  304534  303758  301434  297574  292198  285333  277014  267283  256190  243792  230151  215338  199427  182500  164643
  145919  164611  182465  199388  215296  230106  243744  256140  267231  276960  285277  292141  297516  301375  303699  304474  303699  301375  297516  292141  285277  276960  267231  256140  243744  230106  215296  199388  182465  164611
  145887  164576  182425  199345  215249  230057  243692  256085  267173  276900  285216  292078  297452  301310  303633  304409  303633  301310  297452  292078  285216  276900  267173  256085  243692  230057  215249  199345  182425  164576
  145853  164536  182382  199298  215198  230002  243634  256024  267109  276834  285148  292008  297381  301238  303561  304336  303561  301238  297381  292008  285148  276834  267109  256024  243634  230002  215198  199298  182382  164536
  145815  164494  182334  199246  215142  229942  243570  255957  267040  276762  285073  291932  297304  301160  303482  304257  303482  301160  297304  291932  285073  276762  267040  255957  243570  229942  215142  199246  182334  164494
  146062  164772  182643  199583  215506  230331  243983  256391  267492  277230  285556  292427  297807  301670  303995  304772  303995  301670  297807  292427  285556  277230  267492  256391  243983  230331  215506  199583  182643  164772
  146062  164772  182643  199583  215506  230331  243983  256391  267492  277230  285556  292427  297807  301670  303995  304772  303995  301670  297807  292427  285556  277230  267492  256391  243983  230331  215506  199583  182643  164772
  146062  164772  182643  199583  215506  230331  243983  256391  267492  277230  285556  292427  297807  301670  303995  304772  303995  301670  297807  292427  285556  277230  267492  256391  243983  230331  215506  199583  182643  164772
  146062  164772  182643  199583  215506  230331  243983  256391  267492  277230  285556  292427  297807  301670  303995  304772  303995  301670  297807  292427  285556  277230  267492  256391  243983  230331  215506  199583  182643  164772
  146062  164772  182643  199583  215506  230331  243983  256391  267492  277230  285556  292427  297807  301670  303995  304772  303995  301670  297807  292427  285556  277230  267492  256391  243983  230331  215506  199583  182643  164772
  146062  164772  182643  199583  215506  230331  243983  256391  267492  277230  285556  292427  297807  301670  303995  304772  303995  301670  297807  292427  285556  277230  267492  256391  243983  230331  215506  199583  182643  164772
  146062  164772  182643  199583  215506  230331  243983  256391  267492  277230  285556  292427  297807  301670  303995  304772  303995  301670  297807  292427  285556  277230  267492  256391  243983  230331  215506  199583  182643  164772
  146062  164772  182643  199583  215506  230331  243983  256391  267492  277230  285556  292427  297807  301670  303995  304772  303995  301670  297807  292427  285556  277230  267492  256391  243983  230331  215506  199583  182643  164772
  146062  164772  182643  199583  215506  230331  243983  256391  267492  277230  285556  292427  297807  301670  303995  304772  303995  301670  297807  292427  285556  277230  267492  256391  243983  230331  215506  199583  182643  164772
  146062  164772  182643  199583  215506  230331  243983  256391  267492  277230  285556  292427  297807  301670  303995  304772  303995  301670  297807  292427  285556  277230  267492  256391  243983  230331  215506  199583  182643  164772
  146062  164772  182643  199583  215506  230331  243983  256391  267492  277230  285556  292427  297807  301670  303995  304772  303995  301670  297807  292427  285556  277230  267492  256391  243983  230331  215506  199583  182643  164772
  146062  164772  182643  199583  215506  230331  243983  256391  267492  277230  285556  292427  297807  301670  303995  304772  303995  301670  297807  292427  285556  277230  267492  256391  243983  230331  215506  199583  182643  164772
  146062  164772  182643  199583  215506  230331  243983  256391  267492  277230  285556  292427  297807  301670  303995  304772  303995  301670  297807  292427  285556  277230  267492  256391  243983  230331  215506  199583  182643  164772
  146062  164772  182643  199583  215506  230331  243983  256391  267492  277230  285556  292427  297807  301670  303995  304772  303995  301670  297807  292427  285556  277230  267492  256391  243983  230331  215506  199583  182643  164772
  146062  164772  182643  199583  215506  230331  243983  256391  267492  277230  285556  292427  297807  301670  303995  304772  303995  301670  297807  292427  285556  277230  267492  256391  243983  230331  215506  199583  182643  164772
  146062  164772  182643  199583  215506  230331  243983  256391  267492  277230  285556  292427  297807  301670  303995  304772  303995  301670  297807  292427  285556  277230  267492  256391  243983  230331  215506  199583  182643  164772
  146062  164772  182643  199583  215506  230331  243983  256391  267492  277230  285556  292427  297807  301670  303995  304772  303995  301670  297807  292427  285556  277230  267492  256391  243983  230331  215506  199583  182643  164772
  146062  164772  182643  199583  215506  230331  243983  256391  267492  277230  285556  292427  297807  301670  303995  304772  303995  301670  297807  292427  285556  277230  267492  256391  243983  230331  215506  199583  182643  164772
  146062  164772  182643  199583  215506  230331  243983  256391  267492  277230  285556  292427  297807  301670  303995  304772  303995  301670  297807  292427  285556  277230  267492  256391  243983  230331  215506  199583  182643  164772
  146062  164772  182643  199583  215506  230331  243983  256391  267492  277230  285556  292427  297807  301670  303995  304772  303995  301670  297807  292427  285556  277230  267492  256391  243983  230331  215506  199583  182643  164772
  146062  164772  182643  199583  215506  230331  243983  256391  267492  277230  285556  292427  297807  301670  303995  304772  303995  301670  297807  292427  285556  277230  267492  256391  243983  230331  215506  199583  182643  164772
  146062  164772  182643  199583  215506  230331  243983  256391  267492  277230  285556  292427  297807  301670  303995  304772  303995  301670  297807  292427  285556  277230  267492  256391  243983  230331  215506  199583  182643  164772
  146062  164772  182643  199583  215506  230331  243983  256391  267492  277230  285556  292427  297807  301670  303995  304772  303995  301670  297807  292427  285556  277230  267492  256391  243983  230331  215506  199583  182643  164772
  145815  164494  182334  199246  215142  229942  243570  255957  267040  276762  285073  291932  297304  301160  303482  304257  303482  301160  297304  291932  285073  276762  267040  255957  243570  229942  215142  199246  182334  164494
  145853  164536  182382  199298  215198  230002  243634  256024  267109  276834  285148  292008  297381  301238  303561  304336  303561  301238  297381  292008  285148  276834  267109  256024  243634  230002  215198  199298  182382  164536
  145887  164576  182425  199345  215249  230057  243692  256085  267173  276900  285216  292078  297452  301310  303633  304409  303633  301310  297452  292078  285216  276900  267173  256085  243692  230057  215249  199345  182425  164576
  145919  164611  182465  199388  215296  230106  243744  256140  267231  276960  285277  292141  297516  301375  303699  304474  303699  301375  297516  292141  285277  276960  267231  256140  243744  230106  215296  199388  182465  164611
  145948  164643  182500  199427  215338  230151  243792  256190  267283  277014  285333  292198  297574  301434  303758  304534  303758  301434  297574  292198  285333  277014  267283  256190  243792  230151  215338  199427  182500  164643
  145973  164672  182532  199462  215375  230191  243834  256235  267329  277062  285382  292249  297626  301486  303810  304587  303810  301486  297626  292249  285382  277062  267329  256235  243834  230191  215375  199462  182532  164672
  145995  164697  182560  199492  215408  230226  243871  256273  267370  277104  285426  292293  297671  301532  303857  304633  303857  301532  297671  292293  285426  277104  267370  256273  243871  230226  215408  199492  182560  164697
  146014  164718  182583  199518  215436  230256  243903  256307  267404  277140  285463  292331  297710  301571  303896  304672  303896  301571  297710  292331  285463  277140  267404  256307  243903  230256  215436  199518  182583  164718
  146030  164736  182603  199539  215459  230281  243929  256334  267433  277170  285493  292363  297742  301604  303929  304705  303929  301604  297742  292363  285493  277170  267433  256334  243929  230281  215459  199539  182603  164736
  146042  164750  182619  199557  215478  230301  243950  256357  267457  277194  285518  292388  297768  301630  303955  304732  303955  301630  297768  292388  285518  277194  267457  256357  243950  230301  215478  199557  182619  164750
  146058  164768  182639  199578  215501  230326  243977  256384  267485  277224  285549  292419  297800  301663  303988  304765  303988  301663  297800  292419  285549  277224  267485  256384  243977  230326  215501  199578  182639  164768
  146061  164772  182643  199583  215506  230331  243982  256390  267491  277230  285555  292426  297806  301669  303995  304771  303995  301669  297806  292426  285555  277230  267491  256390  243982  230331  215506  199583  182643  164772
  146061  164772  182643  199583  215506  230331  243982  256390  267491  277230  285555  292426  297806  301669  303995  304771  303995  301669  297806  292426  285555  277230  267491  256390  243982  230331  215506  199583  182643  164772
  146058  164768  182639  199578  215501  230326  243977  256384  267485  277224  285549  292419  297800  301663  303988  304765  303988  301663  297800  292419  285549  277224  267485  256384  243977  230326  215501  199578  182639  164768
  146052  164761  182631  199570  215492  230316  243966  256373  267474  277212  285537  292407  297787  301649  303975  304751  303975  301649  297787  292407  285537  277212  267474  256373  243966  230316  215492  199570  182631  164761
  146042  164750  182619  199557  215478  230301  243950  256357  267457  277194  285518  292388  297768  301630  303955  304732  303955  301630  297768  292388  285518  277194  267457  256357  243950  230301  215478  199557  182619  164750
  146014  164718  182583  199518  215436  230256  243903  256307  267404  277140  285463  292331  297710  301571  303896  304672  303896  301571  297710  292331  285463  277140  267404  256307  243903  230256  215436  199518  182583  164718
  145995  164697  182560  199492  215408  230226  243871  256273  267370  277104  285426  292293  297671  301532  303857  304633  303857  301532  297671  292293  285426  277104  267370  256273  243871  230226  215408  199492  182560  164697
  145973  164672  182532  199462  215375  230191  243834  256235  267329  277062  285382  292249  297626  301486  303810  304587  303810  301486  297626  292249  285382  277062  267329  256235  243834  230191  215375  199462  182532  164672
  145948  164643  182500  199427  215338  230151  243792  256190  267283  277014  285333  292198  297574  301434  303758  304534  303758  301434  297574  292198  285333  277014  267283  256190  243792  230151  215338  199427  182500  164643
  145919  164611  182465  199388  215296  230106  243744  256140  267231  276960  285277  292141  297516  301375  303699  304474  303699  301375  297516  292141  285277  276960  267231  256140  243744  230106  215296  199388  182465  164611
  145887  164576  182425  199345  215249  230057  243692  256085  267173  276900  285216  292078  297452  301310  303633  304409  303633  301310  297452  292078  285216  276900  267173  256085  243692  230057  215249  199345  182425  164576
  145853  164536  182382  199298  215198  230002  243634  256024  267109  276834  285148  292008  297381  301238  303561  304336  303561  301238  297381  292008  285148  276834  267109  256024  243634  230002  215198  199298  182382  164536
  145815  164494  182334  199246  215142  229942  243570  255957  267040  276762  285073  291932  297304  301160  303482  304257  303482  301160  297304  291932  285073  276762  267040  255957  243570  229942  215142  199246  182334  164494
  145153  163747  181507  198341  214165  228898  242464  254795  265828  275505  283779  290607  295954  299793  302104  302876  302104  299793  295954  290607  283779  275505  265828  254795  242464  228898  214165  198341  181507  163747
  145298  163910  181688  198539  214379  229127  242707  255050  266093  275781  284063  290897  296250  300092  302406  303178  302406  300092  296250  290897  284063  275781  266093  255050  242707  229127  214379  198539  181688  163910
  145430  164060  181853  198720  214575  229336  242928  255282  266336  276032  284322  291162  296520  300366  302681  303454  302681  300366  296520  291162  284322  276032  266336  255282  242928  229336  214575  198720  181853  164060
  145550  164195  182003  198884  214752  229525  243128  255493  266555  276259  284556  291402  296764  300613  302931  303705  302931  300613  296764  291402  284556  276259  266555  255493  243128  229525  214752  198884  182003  164195
  145657  164316  182138  199031  214910  229694  243307  255681  266752  276463  284766  291617  296983  300835  303154  303928  303154  300835  296983  291617  284766  276463  266752  255681  243307  229694  214910  199031  182138  164316
  145752  164423  182256  199160  215050  229843  243465  255847  266925  276643  284951  291807  297176  301030  303351  304126  303351  301030  297176  291807  284951  276643  266925  255847  243465  229843  215050  199160  182256  164423
  145834  164516  182359  199272  215171  229973  243603  255991  267075  276799  285111  291971  297343  301200  303522  304297  303522  301200  297343  291971  285111  276799  267075  255991  243603  229973  215171  199272  182359  164516
  145961  164658  182517  199445  215357  230172  243814  256213  267307  277038  285358  292224  297601  301461  303785  304561  303785  301461  297601  292224  285358  277038  267307  256213  243814  230172  215357  199445  182517  164658
  146005  164708  182572  199505  215422  230242  243888  256291  267388  277122  285445  292313  297691  301552  303877  304653  303877  301552  297691  292313  285445  277122  267388  256291  243888  230242  215422  199505  182572  164708
  146036  164744  182611  199549  215469  230291  243940  256346  267446  277182  285507  292376  297755  301618  303943  304719  303943  301618  297755  292376  285507  277182  267446  256346  243940  230291  215469  199549  182611  164744
  146055  164765  182635  199575  215497  230321  243972  256379  267480  277218  285544  292414  297794  301657  303982  304759  303982  301657  297794  292414  285544  277218  267480  256379  243972  230321  215497  199575  182635  164765
  146062  164772  182643  199583  215506  230331  243983  256391  267492  277230  285556  292427  297807  301670  303995  304772  303995  301670  297807  292427  285556  277230  267492  256391  243983  230331  215506  199583  182643  164772
  146055  164765  182635  199575  215497  230321  243972  256379  267480  277218  285544  292414  297794  301657  303982  304759  303982  301657  297794  292414  285544  277218  267480  256379  243972  230321  215497  199575  182635  164765
  146005  164708  182572  199505  215422  230242  243888  256291  267388  277122  285445  292313  297691  301552  303877  304653  303877  301552  297691  292313  285445  277122  267388  256291  243888  230242  215422  199505  182572  164708
  145961  164658  182517  199445  215357  230172  243814  256213  267307  277038  285358  292224  297601  301461  303785  304561  303785  301461  297601  292224  285358  277038  267307  256213  243814  230172  215357  199445  182517  164658
  145904  164594  182445  199367  215273  230082  243719  256113  267203  276930  285247  292110  297485  301344  303667  304442  303667  301344  297485  292110  285247  276930  267203  256113  243719  230082  215273  199367  182445  164594
  145834  164516  182359  199272  215171  229973  243603  255991  267075  276799  285111  291971  297343  301200  303522  304297  303522  301200  297343  291971  285111  276799  267075  255991  243603  229973  215171  199272  182359  164516
  145752  164423  182256  199160  215050  229843  243465  255847  266925  276643  284951  291807  297176  301030  303351  304126  303351  301030  297176  291807  284951  276643  266925  255847  243465  229843  215050  199160  182256  164423
  145657  164316  182138  199031  214910  229694  243307  255681  266752  276463  284766  291617  296983  300835  303154  303928  303154  300835  296983  291617  284766  276463  266752  255681  243307  229694  214910  199031  182138  164316
  145550  164195  182003  198884  214752  229525  243128  255493  266555  276259  284556  291402  296764  300613  302931  303705  302931  300613  296764  291402  284556  276259  266555  255493  243128  229525  214752  198884  182003  164195
  145430  164060  181853  198720  214575  229336  242928  255282  266336  276032  284322  291162  296520  300366  302681  303454  302681  300366  296520  291162  284322  276032  266336  255282  242928  229336  214575  198720  181853  164060
  145298  163910  181688  198539  214379  229127  242707  255050  266093  275781  284063  290897  296250  300092  302406  303178  302406  300092  296250  290897  284063  275781  266093  255050  242707  229127  214379  198539  181688  163910
  145153  163747  181507  198341  214165  228898  242464  254795  265828  275505  283779  290607  295954  299793  302104  302876  302104  299793  295954  290607  283779  275505  265828  254795  242464  228898  214165  198341  181507  163747
  143848  162275  179875  196558  212240  226840  240284  252504  263438  273028  281228  287994  293293  297097  299388  300153  299388  297097  293293  287994  281228  273028  263438  252504  240284  226840  212240  196558  179875  162275
  144187  162657  180299  197021  212740  227375  240851  253099  264058  273672  281890  288673  293984  297797  300093  300860  300093  297797  293984  288673  281890  273672  264058  253099  240851  227375  212740  197021  180299  162657
  144498  163008  180688  197446  213199  227865  241370  253645  264628  274262  282499  289296  294618  298440  300741  301509  300741  298440  294618  289296  282499  274262  264628  253645  241370  227865  213199  197446  180688  163008
  144781  163327  181041  197833  213617  228312  241843  254142  265146  274799  283052  289862  295196  299025  301330  302099  301330  299025  295196  289862  283052  274799  265146  254142  241843  228312  213617  197833  181041  163327
  145036  163615  181360  198182  213993  228714  242269  254590  265613  275283  283551  290373  295715  299551  301861  302632  301861  299551  295715  290373  283551  275283  265613  254590  242269  228714  213993  198182  181360  163615
  145263  163871  181644  198492  214328  229071  242648  254988  266029  275714  283994  290827  296178  300020  302333  303105  302333  300020  296178  290827  283994  275714  266029  254988  242648  229071  214328  198492  181644  163871
  145461  164095  181892  198763  214621  229385  242980  255337  266393  276091  284382  291225  296583  300430  302746  303519  302746  300430  296583  291225  284382  276091  266393  255337  242980  229385  214621  198763  181892  164095
  145632  164287  182105  198996  214872  229653  243264  255636  266705  276414  284716  291566  296930  300782  303101  303875  303101  300782  296930  291566  284716  276414  266705  255636  243264  229653  214872  198996  182105  164287
  145774  164447  182283  199190  215082  229877  243502  255885  266965  276684  284993  291850  297220  301075  303396  304171  303396  301075  297220  291850  284993  276684  266965  255885  243502  229877  215082  199190  182283  164447
  145887  164576  182425  199345  215249  230057  243692  256085  267173  276900  285216  292078  297452  301310  303633  304409  303633  301310  297452  292078  285216  276900  267173  256085  243692  230057  215249  199345  182425  164576
  145973  164672  182532  199462  215375  230191  243834  256235  267329  277062  285382  292249  297626  301486  303810  304587  303810  301486  297626  292249  285382  277062  267329  256235  243834  230191  215375  199462  182532  164672
  146030  164736  182603  199539  215459  230281  243929  256334  267433  277170  285493  292363  297742  301604  303929  304705  303929  301604  297742  292363  285493  277170  267433  256334  243929  230281  215459  199539  182603  164736
  146058  164768  182639  199578  215501  230326  243977  256384  267485  277224  285549  292419  297800  301663  303988  304765  303988  301663  297800  292419  285549  277224  267485  256384  243977  230326  215501  199578  182639  164768
  146030  164736  182603  199539  215459  230281  243929  256334  267433  277170  285493  292363  297742  301604  303929  304705  303929  301604  297742  292363  285493  277170  267433  256334  243929  230281  215459  199539  182603  164736
  145973  164672  182532  199462  215375  230191  243834  256235  267329  277062  285382  292249  297626  301486  303810  304587  303810  301486  297626  292249  285382  277062  267329  256235  243834  230191  215375  199462  182532  164672
  145887  164576  182425  199345  215249  230057  243692  256085  267173  276900  285216  292078  297452  301310  303633  304409  303633  301310  297452  292078  285216  276900  267173  256085  243692  230057  215249  199345  182425  164576
  145774  164447  182283  199190  215082  229877  243502  255885  266965  276684  284993  291850  297220  301075  303396  304171  303396  301075  297220  291850  284993  276684  266965  255885  243502  229877  215082  199190  182283  164447
  145632  164287  182105  198996  214872  229653  243264  255636  266705  276414  284716  291566  296930  300782  303101  303875  303101  300782  296930  291566  284716  276414  266705  255636  243264  229653  214872  198996  182105  164287
  145263  163871  181644  198492  214328  229071  242648  254988  266029  275714  283994  290827  296178  300020  302333  303105  302333  300020  296178  290827  283994  275714  266029  254988  242648  229071  214328  198492  181644  163871
  145036  163615  181360  198182  213993  228714  242269  254590  265613  275283  283551  290373  295715  299551  301861  302632  301861  299551  295715  290373  283551  275283  265613  254590  242269  228714  213993  198182  181360  163615
  144781  163327  181041  197833  213617  228312  241843  254142  265146  274799  283052  289862  295196  299025  301330  302099  301330  299025  295196  289862  283052  274799  265146  254142  241843  228312  213617  197833  181041  163327
  144498  163008  180688  197446  213199  227865  241370  253645  264628  274262  282499  289296  294618  298440  300741  301509  300741  298440  294618  289296  282499  274262  264628  253645  241370  227865  213199  197446  180688  163008
  144187  162657  180299  197021  212740  227375  240851  253099  264058  273672  281890  288673  293984  297797  300093  300860  300093  297797  293984  288673  281890  273672  264058  253099  240851  227375  212740  197021  180299  162657
  143848  162275  179875  196558  212240  226840  240284  252504  263438  273028  281228  287994  293293  297097  299388  300153  299388  297097  293293  287994  281228  273028  263438  252504  240284  226840  212240  196558  179875  162275
  142443  160690  178118  194639  210168  224625  237938  250039  260865  270362  278482  285182  290429  294197  296465  297222  296465  294197  290429  285182  278482  270362  260865  250039  237938  224625  210168  194639  178118  160690
  143018  161339  178837  195424  211016  225532  238899  251048  261918  271454  279606  286333  291602  295384  297661  298421  297661  295384  291602  286333  279606  271454  261918  251048  238899  225532  211016  195424  178837  161339
  143544  161932  179495  196143  211792  226361  239777  251971  262881  272452  280634  287386  292674  296470  298756  299519  298756  296470  292674  287386  280634  272452  262881  251971  239777  226361  211792  196143  179495  161932
  144021  162470  180091  196794  212495  227113  240573  252808  263754  273357  281566  288341  293646  297455  299748  300513  299748  297455  293646  288341  281566  273357  263754  252808  240573  227113  212495  196794  180091  162470
  144448  162952  180625  197378  213125  227786  241287  253558  264537  274167  282401  289196  294517  298337  300637  301405  300637  298337  294517  289196  282401  274167  264537  253558  241287  227786  213125  197378  180625  162952
  144825  163377  181097  197894  213682  228382  241917  254220  265228  274884  283139  289951  295286  299116  301422  302192  301422  299116  295286  289951  283139  274884  265228  254220  241917  228382  213682  197894  181097  163377
  145153  163747  181507  198341  214165  228898  242464  254795  265828  275505  283779  290607  295954  299793  302104  302876  302104  299793  295954  290607  283779  275505  265828  254795  242464  228898  214165  198341  181507  163747
  145430  164060  181853  198720  214575  229336  242928  255282  266336  276032  284322  291162  296520  300366  302681  303454  302681  300366  296520  291162  284322  276032  266336  255282  242928  229336  214575  198720  181853  164060
  145657  164316  182138  199031  214910  229694  243307  255681  266752  276463  284766  291617  296983  300835  303154  303928  303154  300835  296983  291617  284766  276463  266752  255681  243307  229694  214910  199031  182138  164316
  145961  164658  182517  199445  215357  230172  243814  256213  267307  277038  285358  292224  297601  301461  303785  304561  303785  301461  297601  292224  285358  277038  267307  256213  243814  230172  215357  199445  182517  164658
  146036  164744  182611  199549  215469  230291  243940  256346  267446  277182  285507  292376  297755  301618  303943  304719  303943  301618  297755  292376  285507  277182  267446  256346  243940  230291  215469  199549  182611  164744
  146062  164772  182643  199583  215506  230331  243983  256391  267492  277230  285556  292427  297807  301670  303995  304772  303995  301670  297807  292427  285556  277230  267492  256391  243983  230331  215506  199583  182643  164772
  146036  164744  182611  199549  215469  230291  243940  256346  267446  277182  285507  292376  297755  301618  303943  304719  303943  301618  297755  292376  285507  277182  267446  256346  243940  230291  215469  199549  182611  164744
  145961  164658  182517  199445  215357  230172  243814  256213  267307  277038  285358  292224  297601  301461  303785  304561  303785  301461  297601  292224  285358  277038  267307  256213  243814  230172  215357  199445  182517  164658
  145834  164516  182359  199272  215171  229973  243603  255991  267075  276799  285111  291971  297343  301200  303522  304297  303522  301200  297343  291971  285111  276799  267075  255991  243603  229973  215171  199272  182359  164516
  145657  164316  182138  199031  214910  229694  243307  255681  266752  276463  284766  291617  296983  300835  303154  303928  303154  300835  296983  291617  284766  276463  266752  255681  243307  229694  214910  199031  182138  164316
  145153  163747  181507  198341  214165  228898  242464  254795  265828  275505  283779  290607  295954  299793  302104  302876  302104  299793  295954  290607  283779  275505  265828  254795  242464  228898  214165  198341  181507  163747
  144825  163377  181097  197894  213682  228382  241917  254220  265228  274884  283139  289951  295286  299116  301422  302192  301422  299116  295286  289951  283139  274884  265228  254220  241917  228382  213682  197894  181097  163377
  144448  162952  180625  197378  213125  227786  241287  253558  264537  274167  282401  289196  294517  298337  300637  301405  300637  298337  294517  289196  282401  274167  264537  253558  241287  227786  213125  197378  180625  162952
  144021  162470  180091  196794  212495  227113  240573  252808  263754  273357  281566  288341  293646  297455  299748  300513  299748  297455  293646  288341  281566  273357  263754  252808  240573  227113  212495  196794  180091  162470
  143544  161932  179495  196143  211792  226361  239777  251971  262881  272452  280634  287386  292674  296470  298756  299519  298756  296470  292674  287386  280634  272452  262881  251971  239777  226361  211792  196143  179495  161932
  143018  161339  178837  195424  211016  225532  238899  251048  261918  271454  279606  286333  291602  295384  297661  298421  297661  295384  291602  286333  279606  271454  261918  251048  238899  225532  211016  195424  178837  161339
  142443  160690  178118  194639  210168  224625  237938  250039  260865  270362  278482  285182  290429  294197  296465  297222  296465  294197  290429  285182  278482  270362  260865  250039  237938  224625  210168  194639  178118  160690
  140883  158930  176168  192507  207866  222165  235333  247301  258008  267402  275432  282059  287249  290975  293218  293967  293218  290975  287249  282059  275432  267402  258008  247301  235333  222165  207866  192507  176168  158930
  141738  159895  177237  193676  209127  223514  236761  248801  259574  269024  277104  283771  288992  292741  294997  295751  294997  292741  288992  283771  277104  269024  259574  248801  236761  223514  209127  193676  177237  159895
  142518  160774  178212  194741  210278  224743  238063  250170  261002  270504  278628  285331  290581  294350  296620  297377  296620  294350  290581  285331  278628  270504  261002  250170  238063  224743  210278  194741  178212  160774
  143221  161568  179091  195702  211315  225852  239238  251404  262290  271839  280003  286740  292015  295803  298084  298845  298084  295803  292015  286740  280003  271839  262290  251404  239238  225852  211315  195702  179091  161568
  143848  162275  179875  196558  212240  226840  240284  252504  263438  273028  281228  287994  293293  297097  299388  300153  299388  297097  293293  287994  281228  273028  263438  252504  240284  226840  212240  196558  179875  162275
  144397  162895  180562  197309  213051  227707  241202  253469  264444  274071  282302  289094  294413  298232  300531  301299  300531  298232  294413  289094  282302  274071  264444  253469  241202  227707  213051  197309  180562  162895
  145263  163871  181644  198492  214328  229071  242648  254988  266029  275714  283994  290827  296178  300020  302333  303105  302333  300020  296178  290827  283994  275714  266029  254988  242648  229071  214328  198492  181644  163871
  145578  164227  182038  198922  214793  229569  243175  255542  266606  276313  284611  291458  296821  300671  302989  303763  302989  300671  296821  291458  284611  276313  266606  255542  243175  229569  214793  198922  182038  164227
  145815  164494  182334  199246  215142  229942  243570  255957  267040  276762  285073  291932  297304  301160  303482  304257  303482  301160  297304  291932  285073  276762  267040  255957  243570  229942  215142  199246  182334  164494
  145973  164672  182532  199462  215375  230191  243834  256235  267329  277062  285382  292249  297626  301486  303810  304587  303810  301486  297626  292249  285382  277062  267329  256235  243834  230191  215375  199462  182532  164672
  146052  164761  182631  199570  215492  230316  243966  256373  267474  277212  285537  292407  297787  301649  303975  304751  303975  301649  297787  292407  285537  277212  267474  256373  243966  230316  215492  199570  182631  164761
  146052  164761  182631  199570  215492  230316  243966  256373  267474  277212  285537  292407  297787  301649  303975  304751  303975  301649  297787  292407  285537  277212  267474  256373  243966  230316  215492  199570  182631  164761
  145815  164494  182334  199246  215142  229942  243570  255957  267040  276762  285073  291932  297304  301160  303482  304257  303482  301160  297304  291932  285073  276762  267040  255957  243570  229942  215142  199246  182334  164494
  145578  164227  182038  198922  214793  229569  243175  255542  266606  276313  284611  291458  296821  300671  302989  303763  302989  300671  296821  291458  284611  276313  266606  255542  243175  229569  214793  198922  182038  164227
  145263  163871  181644  198492  214328  229071  242648  254988  266029  275714  283994  290827  296178  300020  302333  303105  302333  300020  296178  290827  283994  275714  266029  254988  242648  229071  214328  198492  181644  163871
  144869  163427  181152  197954  213747  228451  241990  254297  265308  274967  283224  290039  295375  299207  301513  302283  301513  299207  295375  290039  283224  274967  265308  254297  241990  228451  213747  197954  181152  163427
  144397  162895  180562  197309  213051  227707  241202  253469  264444  274071  282302  289094  294413  298232  300531  301299  300531  298232  294413  289094  282302  274071  264444  253469  241202  227707  213051  197309  180562  162895
  143848  162275  179875  196558  212240  226840  240284  252504  263438  273028  281228  287994  293293  297097  299388  300153  299388  297097  293293  287994  281228  273028  263438  252504  240284  226840  212240  196558  179875  162275
  143221  161568  179091  195702  211315  225852  239238  251404  262290  271839  280003  286740  292015  295803  298084  298845  298084  295803  292015  286740  280003  271839  262290  251404  239238  225852  211315  195702  179091  161568
  142518  160774  178212  194741  210278  224743  238063  250170  261002  270504  278628  285331  290581  294350  296620  297377  296620  294350  290581  285331  278628  270504  261002  250170  238063  224743  210278  194741  178212  160774
  141738  159895  177237  193676  209127  223514  236761  248801  259574  269024  277104  283771  288992  292741  294997  295751  294997  292741  288992  283771  277104  269024  259574  248801  236761  223514  209127  193676  177237  159895
  140883  158930  176168  192507  207866  222165  235333  247301  258008  267402  275432  282059  287249  290975  293218  293967  293218  290975  287249  282059  275432  267402  258008  247301  235333  222165  207866  192507  176168  158930
  139258  157098  174136  190287  205469  219603  232618  244449  255033  264318  272256  278806  283936  287619  289836  290577  289836  287619  283936  278806  272256  264318  255033  244449  232618  219603  205469  190287  174136  157098
  140428  158416  175598  191885  207194  221447  234572  246501  257174  266537  274541  281147  286320  290034  292270  293016  292270  290034  286320  281147  274541  266537  257174  246501  234572  221447  207194  191885  175598  158416
  141490  159615  176926  193336  208761  223122  236345  248365  259119  268553  276618  283273  288485  292227  294480  295232  294480  292227  288485  283273  276618  268553  259119  248365  236345  223122  208761  193336  176926  159615
  142443  160690  178118  194639  210168  224625  237938  250039  260865  270362  278482  285182  290429  294197  296465  297222  296465  294197  290429  285182  278482  270362  260865  250039  237938  224625  210168  194639  178118  160690
  143287  161642  179174  195792  211413  225956  239348  251520  262411  271964  280132  286872  292150  295940  298221  298983  298221  295940  292150  286872  280132  271964  262411  251520  239348  225956  211413  195792  179174  161642
  144021  162470  180091  196794  212495  227113  240573  252808  263754  273357  281566  288341  293646  297455  299748  300513  299748  297455  293646  288341  281566  273357  263754  252808  240573  227113  212495  196794  180091  162470
  144643  163172  180869  197644  213413  228094  241613  253900  264894  274537  282782  289586  294914  298739  301042  301811  301042  298739  294914  289586  282782  274537  264894  253900  241613  228094  213413  197644  180869  163172
  145153  163747  181507  198341  214165  228898  242464  254795  265828  275505  283779  290607  295954  299793  302104  302876  302104  299793  295954  290607  283779  275505  265828  254795  242464  228898  214165  198341  181507  163747
  145550  164195  182003  198884  214752  229525  243128  255493  266555  276259  284556  291402  296764  300613  302931  303705  302931  300613  296764  291402  284556  276259  266555  255493  243128  229525  214752  198884  182003  164195
  145834  164516  182359  199272  215171  229973  243603  255991  267075  276799  285111  291971  297343  301200  303522  304297  303522  301200  297343  291971  285111  276799  267075  255991  243603  229973  215171  199272  182359  164516
  146062  164772  182643  199583  215506  230331  243983  256391  267492  277230  285556  292427  297807  301670  303995  304772  303995  301670  297807  292427  285556  277230  267492  256391  243983  230331  215506  199583  182643  164772
  146005  164708  182572  199505  215422  230242  243888  256291  267388  277122  285445  292313  297691  301552  303877  304653  303877  301552  297691  292313  285445  277122  267388  256291  243888  230242  215422  199505  182572  164708
  145834  164516  182359  199272  215171  229973  243603  255991  267075  276799  285111  291971  297343  301200  303522  304297  303522  301200  297343  291971  285111  276799  267075  255991  243603  229973  215171  199272  182359  164516
  145550  164195  182003  198884  214752  229525  243128  255493  266555  276259  284556  291402  296764  300613  302931  303705  302931  300613  296764  291402  284556  276259  266555  255493  243128  229525  214752  198884  182003  164195
  145153  163747  181507  198341  214165  228898  242464  254795  265828  275505  283779  290607  295954  299793  302104  302876  302104  299793  295954  290607  283779  275505  265828  254795  242464  228898  214165  198341  181507  163747
  144643  163172  180869  197644  213413  228094  241613  253900  264894  274537  282782  289586  294914  298739  301042  301811  301042  298739  294914  289586  282782  274537  264894  253900  241613  228094  213413  197644  180869  163172
  144021  162470  180091  196794  212495  227113  240573  252808  263754  273357  281566  288341  293646  297455  299748  300513  299748  297455  293646  288341  281566  273357  263754  252808  240573  227113  212495  196794  180091  162470
  143287  161642  179174  195792  211413  225956  239348  251520  262411  271964  280132  286872  292150  295940  298221  298983  298221  295940  292150  286872  280132  271964  262411  251520  239348  225956  211413  195792  179174  161642
  142443  160690  178118  194639  210168  224625  237938  250039  260865  270362  278482  285182  290429  294197  296465  297222  296465  294197  290429  285182  278482  270362  260865  250039  237938  224625  210168  194639  178118  160690
  141490  159615  176926  193336  208761  223122  236345  248365  259119  268553  276618  283273  288485  292227  294480  295232  294480  292227  288485  283273  276618  268553  259119  248365  236345  223122  208761  193336  176926  159615
  140428  158416  175598  191885  207194  221447  234572  246501  257174  266537  274541  281147  286320  290034  292270  293016  292270  290034  286320  281147  274541  266537  257174  246501  234572  221447  207194  191885  175598  158416
  139258  157098  174136  190287  205469  219603  232618  244449  255033  264318  272256  278806  283936  287619  289836  290577  289836  287619  283936  278806  272256  264318  255033  244449  232618  219603  205469  190287  174136  157098
  137648  155281  172123  188087  203093  217064  229929  241622  252084  261262  269108  275582  280653  284293  286485  287217  286485  284293  280653  275582  269108  261262  252084  241622  229929  217064  203093  188087  172123  155281
  139156  156982  174008  190147  205318  219442  232448  244269  254846  264124  272056  278601  283727  287408  289623  290363  289623  287408  283727  278601  272056  264124  254846  244269  232448  219442  205318  190147  174008  156982
  140520  158521  175714  192011  207330  221593  234726  246663  257344  266713  274722  281332  286509  290225  292462  293209  292462  290225  286509  281332  274722  266713  257344  246663  234726  221593  207330  192011  175714  158521
  141738  159895  177237  193676  209127  223514  236761  248801  259574  269024  277104  283771  288992  292741  294997  295751  294997  292741  288992  283771  277104  269024  259574  248801  236761  223514  209127  193676  177237  159895
  142808  161102  178575  195138  210706  225201  238548  250680  261534  271055  279196  285913  291174  294950  297224  297984  297224  294950  291174  285913  279196  271055  261534  250680  238548  225201  210706  195138  178575  161102
  143729  162140  179726  196395  212064  226652  240085  252295  263219  272802  280995  287756  293050  296851  299140  299904  299140  296851  293050  287756  280995  272802  263219  252295  240085  226652  212064  196395  179726  162140
  144498  163008  180688  197446  213199  227865  241370  253645  264628  274262  282499  289296  294618  298440  300741  301509  300741  298440  294618  289296  282499  274262  264628  253645  241370  227865  213199  197446  180688  163008
  145578  164227  182038  198922  214793  229569  243175  255542  266606  276313  284611  291458  296821  300671  302989  303763  302989  300671  296821  291458  284611  276313  266606  255542  243175  229569  214793  198922  182038  164227
  145887  164576  182425  199345  215249  230057  243692  256085  267173  276900  285216  292078  297452  301310  303633  304409  303633  301310  297452  292078  285216  276900  267173  256085  243692  230057  215249  199345  182425  164576
  146042  164750  182619  199557  215478  230301  243950  256357  267457  277194  285518  292388  297768  301630  303955  304732  303955  301630  297768  292388  285518  277194  267457  256357  243950  230301  215478  199557  182619  164750
  146042  164750  182619  199557  215478  230301  243950  256357  267457  277194  285518  292388  297768  301630  303955  304732  303955  301630  297768  292388  285518  277194  267457  256357  243950  230301  215478  199557  182619  164750
  145887  164576  182425  199345  215249  230057  243692  256085  267173  276900  285216  292078  297452  301310  303633  304409  303633  301310  297452  292078  285216  276900  267173  256085  243692  230057  215249  199345  182425  164576
  145578  164227  182038  198922  214793  229569  243175  255542  266606  276313  284611  291458  296821  300671  302989  303763  302989  300671  296821  291458  284611  276313  266606  255542  243175  229569  214793  198922  182038  164227
  145115  163704  181459  198289  214109  228838  242401  254728  265758  275433  283705  290531  295876  299714  302024  302796  302024  299714  295876  290531  283705  275433  265758  254728  242401  228838  214109  198289  181459  163704
  143729  162140  179726  196395  212064  226652  240085  252295  263219  272802  280995  287756  293050  296851  299140  299904  299140  296851  293050  287756  280995  272802  263219  252295  240085  226652  212064  196395  179726  162140
  142808  161102  178575  195138  210706  225201  238548  250680  261534  271055  279196  285913  291174  294950  297224  297984  297224  294950  291174  285913  279196  271055  261534  250680  238548  225201  210706  195138  178575  161102
  141738  159895  177237  193676  209127  223514  236761  248801  259574  269024  277104  283771  288992  292741  294997  295751  294997  292741  288992  283771  277104  269024  259574  248801  236761  223514  209127  193676  177237  159895
  140520  158521  175714  192011  207330  221593  234726  246663  257344  266713  274722  281332  286509  290225  292462  293209  292462  290225  286509  281332  274722  266713  257344  246663  234726  221593  207330  192011  175714  158521
  139156  156982  174008  190147  205318  219442  232448  244269  254846  264124  272056  278601  283727  287408  289623  290363  289623  287408  283727  278601  272056  264124  254846  244269  232448  219442  205318  190147  174008  156982
  137648  155281  172123  188087  203093  217064  229929  241622  252084  261262  269108  275582  280653  284293  286485  287217  286485  284293  280653  275582  269108  261262  252084  241622  229929  217064  203093  188087  172123  155281
  136121  153559  170213  186001  200840  214656  227378  238942  249288  258363  266122  272525  277540  281140  283307  284031  283307  281140  277540  272525  266122  258363  249288  238942  227378  214656  200840  186001  170213  153559
  137983  155659  172542  188545  203587  217592  230489  242210  252698  261898  269763  276253  281336  284985  287182  287916  287182  284985  281336  276253  269763  261898  252698  242210  230489  217592  203587  188545  172542  155659
  139660  157551  174638  190836  206061  220236  233289  245153  255768  265080  273041  279610  284755  288448  290672  291414  290672  288448  284755  279610  273041  265080  255768  245153  233289  220236  206061  190836  174638  157551
  141148  159229  176498  192869  208256  222582  235774  247765  258493  267903  275949  282588  287788  291521  293768  294518  293768  291521  287788  282588  275949  267903  258493  247765  235774  222582  208256  192869  176498  159229
  142443  160690  178118  194639  210168  224625  237938  250039  260865  270362  278482  285182  290429  294197  296465  297222  296465  294197  290429  285182  278482  270362  260865  250039  237938  224625  210168  194639  178118  160690
  143544  161932  179495  196143  211792  226361  239777  251971  262881  272452  280634  287386  292674  296470  298756  299519  298756  296470  292674  287386  280634  272452  262881  251971  239777  226361  211792  196143  179495  161932
  144448  162952  180625  197378  213125  227786  241287  253558  264537  274167  282401  289196  294517  298337  300637  301405  300637  298337  294517  289196  282401  274167  264537  253558  241287  227786  213125  197378  180625  162952
  145153  163747  181507  198341  214165  228898  242464  254795  265828  275505  283779  290607  295954  299793  302104  302876  302104  299793  295954  290607  283779  275505  265828  254795  242464  228898  214165  198341  181507  163747
  145657  164316  182138  199031  214910  229694  243307  255681  266752  276463  284766  291617  296983  300835  303154  303928  303154  300835  296983  291617  284766  276463  266752  255681  243307  229694  214910  199031  182138  164316
  145961  164658  182517  199445  215357  230172  243814  256213  267307  277038  285358  292224  297601  301461  303785  304561  303785  301461  297601  292224  285358  277038  267307  256213  243814  230172  215357  199445  182517  164658
  146062  164772  182643  199583  215506  230331  243983  256391  267492  277230  285556  292427  297807  301670  303995  304772  303995  301670  297807  292427  285556  277230  267492  256391  243983  230331  215506  199583  182643  164772
  145657  164316  182138  199031  214910  229694  243307  255681  266752  276463  284766  291617  296983  300835  303154  303928  303154  300835  296983  291617  284766  276463  266752  255681  243307  229694  214910  199031  182138  164316
  145153  163747  181507  198341  214165  228898  242464  254795  265828  275505  283779  290607  295954  299793  302104  302876  302104  299793  295954  290607  283779  275505  265828  254795  242464  228898  214165  198341  181507  163747
  144448  162952  180625  197378  213125  227786  241287  253558  264537  274167  282401  289196  294517  298337  300637  301405  300637  298337  294517  289196  282401  274167  264537  253558  241287  227786  213125  197378  180625  162952
  143544  161932  179495  196143  211792  226361  239777  251971  262881  272452  280634  287386  292674  296470  298756  299519  298756  296470  292674  287386  280634  272452  262881  251971  239777  226361  211792  196143  179495  161932
  142443  160690  178118  194639  210168  224625  237938  250039  260865  270362  278482  285182  290429  294197  296465  297222  296465  294197  290429  285182  278482  270362  260865  250039  237938  224625  210168  194639  178118  160690
  141148  159229  176498  192869  208256  222582  235774  247765  258493  267903  275949  282588  287788  291521  293768  294518  293768  291521  287788  282588  275949  267903  258493  247765  235774  222582  208256  192869  176498  159229
  139660  157551  174638  190836  206061  220236  233289  245153  255768  265080  273041  279610  284755  288448  290672  291414  290672  288448  284755  279610  273041  265080  255768  245153  233289  220236  206061  190836  174638  157551
  137983  155659  172542  188545  203587  217592  230489  242210  252698  261898  269763  276253  281336  284985  287182  287916  287182  284985  281336  276253  269763  261898  252698  242210  230489  217592  203587  188545  172542  155659
  136121  153559  170213  186001  200840  214656  227378  238942  249288  258363  266122  272525  277540  281140  283307  284031  283307  281140  277540  272525  266122  258363  249288  238942  227378  214656  200840  186001  170213  153559
  134736  151995  168480  184107  198795  212471  225063  236509  246750  255733  263413  269751  274714  278277  280423  281139  280423  278277  274714  269751  263413  255733  246750  236509  225063  212471  198795  184107  168480  151995
  136959  154503  171260  187145  202075  215976  228777  240411  250821  259952  267759  274202  279247  282869  285049  285778  285049  282869  279247  274202  267759  259952  250821  240411  228777  215976  202075  187145  171260  154503
  138950  156749  173750  189865  205013  219116  232103  243906  254467  263731  271652  278188  283306  286981  289193  289932  289193  286981  283306  278188  271652  263731  254467  243906  232103  219116  205013  189865  173750  156749
  140703  158727  175943  192261  207600  221881  235032  246985  257679  267060  275080  281699  286882  290603  292843  293591  292843  290603  286882  281699  275080  267060  257679  246985  235032  221881  207600  192261  175943  158727
  142215  160433  177833  194327  209831  224265  237557  249638  260447  269929  278036  284725  289964  293725  295990  296746  295990  293725  289964  284725  278036  269929  260447  249638  237557  224265  209831  194327  177833  160433
  143481  161861  179416  196057  211699  226262  239672  251861  262766  272332  280511  287260  292545  296340  298624  299387  298624  296340  292545  287260  280511  272332  262766  251861  239672  226262  211699  196057  179416  161861
  144498  163008  180688  197446  213199  227865  241370  253645  264628  274262  282499  289296  294618  298440  300741  301509  300741  298440  294618  289296  282499  274262  264628  253645  241370  227865  213199  197446  180688  163008
  145263  163871  181644  198492  214328  229071  242648  254988  266029  275714  283994  290827  296178  300020  302333  303105  302333  300020  296178  290827  283994  275714  266029  254988  242648  229071  214328  198492  181644  163871
  145774  164447  182283  199190  215082  229877  243502  255885  266965  276684  284993  291850  297220  301075  303396  304171  303396  301075  297220  291850  284993  276684  266965  255885  243502  229877  215082  199190  182283  164447
  146030  164736  182603  199539  215459  230281  243929  256334  267433  277170  285493  292363  297742  301604  303929  304705  303929  301604  297742  292363  285493  277170  267433  256334  243929  230281  215459  199539  182603  164736
  146030  164736  182603  199539  215459  230281  243929  256334  267433  277170  285493  292363  297742  301604  303929  304705  303929  301604  297742  292363  285493  277170  267433  256334  243929  230281  215459  199539  182603  164736
  145774  164447  182283  199190  215082  229877  243502  255885  266965  276684  284993  291850  297220  301075  303396  304171  303396  301075  297220  291850  284993  276684  266965  255885  243502  229877  215082  199190  182283  164447
  145263  163871  181644  198492  214328  229071  242648  254988  266029  275714  283994  290827  296178  300020  302333  303105  302333  300020  296178  290827  283994  275714  266029  254988  242648  229071  214328  198492  181644  163871
  144498  163008  180688  197446  213199  227865  241370  253645  264628  274262  282499  289296  294618  298440  300741  301509  300741  298440  294618  289296  282499  274262  264628  253645  241370  227865  213199  197446  180688  163008
  143481  161861  179416  196057  211699  226262  239672  251861  262766  272332  280511  287260  292545  296340  298624  299387  298624  296340  292545  287260  280511  272332  262766  251861  239672  226262  211699  196057  179416  161861
  142215  160433  177833  194327  209831  224265  237557  249638  260447  269929  278036  284725  289964  293725  295990  296746  295990  293725  289964  284725  278036  269929  260447  249638  237557  224265  209831  194327  177833  160433
  140703  158727  175943  192261  207600  221881  235032  246985  257679  267060  275080  281699  286882  290603  292843  293591  292843  290603  286882  281699  275080  267060  257679  246985  235032  221881  207600  192261  175943  158727
  138950  156749  173750  189865  205013  219116  232103  243906  254467  263731  271652  278188  283306  286981  289193  289932  289193  286981  283306  278188  271652  263731  254467  243906  232103  219116  205013  189865  173750  156749
  136959  154503  171260  187145  202075  215976  228777  240411  250821  259952  267759  274202  279247  282869  285049  285778  285049  282869  279247  274202  267759  259952  250821  240411  228777  215976  202075  187145  171260  154503
  134736  151995  168480  184107  198795  212471  225063  236509  246750  255733  263413  269751  274714  278277  280423  281139  280423  278277  274714  269751  263413  255733  246750  236509  225063  212471  198795  184107  168480  151995
  133539  150645  166984  182472  197030  210583  223064  234408  244558  253462  261073  267355  272274  275806  277932  278642  277932  275806  272274  267355  261073  253462  244558  234408  223064  210583  197030  182472  166984  150645
  136121  153559  170213  186001  200840  214656  227378  238942  249288  258363  266122  272525  277540  281140  283307  284031  283307  281140  277540  272525  266122  258363  249288  238942  227378  214656  200840  186001  170213  153559
  138420  156152  173088  189142  204232  218281  231218  242977  253498  262726  270617  277128  282227  285887  288091  288827  288091  285887  282227  277128  270617  262726  253498  242977  231218  218281  204232  189142  173088  156152
  140428  158416  175598  191885  207194  221447  234572  246501  257174  266537  274541  281147  286320  290034  292270  293016  292270  290034  286320  281147  274541  266537  257174  246501  234572  221447  207194  191885  175598  158416
  142138  160345  177736  194221  209716  224143  237428  249502  260305  269782  277884  284570  289806  293565  295828  296584  295828  293565  289806  284570  277884  269782  260305  249502  237428  224143  209716  194221  177736  160345
  143544  161932  179495  196143  211792  226361  239777  251971  262881  272452  280634  287386  292674  296470  298756  299519  298756  296470  292674  287386  280634  272452  262881  251971  239777  226361  211792  196143  179495  161932
  144643  163172  180869  197644  213413  228094  241613  253900  264894  274537  282782  289586  294914  298739  301042  301811  301042  298739  294914  289586  282782  274537  264894  253900  241613  228094  213413  197644  180869  163172
  145430  164060  181853  198720  214575  229336  242928  255282  266336  276032  284322  291162  296520  300366  302681  303454  302681  300366  296520  291162  284322  276032  266336  255282  242928  229336  214575  198720  181853  164060
  145904  164594  182445  199367  215273  230082  243719  256113  267203  276930  285247  292110  297485  301344  303667  304442  303667  301344  297485  292110  285247  276930  267203  256113  243719  230082  215273  199367  182445  164594
  146062  164772  182643  199583  215506  230331  243983  256391  267492  277230  285556  292427  297807  301670  303995  304772  303995  301670  297807  292427  285556  277230  267492  256391  243983  230331  215506  199583  182643  164772
  145904  164594  182445  199367  215273  230082  243719  256113  267203  276930  285247  292110  297485  301344  303667  304442  303667  301344  297485  292110  285247  276930  267203  256113  243719  230082  215273  199367  182445  164594
  145430  164060  181853  198720  214575  229336  242928  255282  266336  276032  284322  291162  296520  300366  302681  303454  302681  300366  296520  291162  284322  276032  266336  255282  242928  229336  214575  198720  181853  164060
  144643  163172  180869  197644  213413  228094  241613  253900  264894  274537  282782  289586  294914  298739  301042  301811  301042  298739  294914  289586  282782  274537  264894  253900  241613  228094  213413  197644  180869  163172
  143544  161932  179495  196143  211792  226361  239777  251971  262881  272452  280634  287386  292674  296470  298756  299519  298756  296470  292674  287386  280634  272452  262881  251971  239777  226361  211792  196143  179495  161932
  142138  160345  177736  194221  209716  224143  237428  249502  260305  269782  277884  284570  289806  293565  295828  296584  295828  293565  289806  284570  277884  269782  260305  249502  237428  224143  209716  194221  177736  160345
  140428  158416  175598  191885  207194  221447  234572  246501  257174  266537  274541  281147  286320  290034  292270  293016  292270  290034  286320  281147  274541  266537  257174  246501  234572  221447  207194  191885  175598  158416
  138420  156152  173088  189142  204232  218281  231218  242977  253498  262726  270617  277128  282227  285887  288091  288827  288091  285887  282227  277128  270617  262726  253498  242977  231218  218281  204232  189142  173088  156152
  136121  153559  170213  186001  200840  214656  227378  238942  249288  258363  266122  272525  277540  281140  283307  284031  283307  281140  277540  272525  266122  258363  249288  238942  227378  214656  200840  186001  170213  153559
  133539  150645  166984  182472  197030  210583  223064  234408  244558  253462  261073  267355  272274  275806  277932  278642  277932  275806  272274  267355  261073  253462  244558  234408  223064  210583  197030  182472  166984  150645
  132569  149552  165772  181147  195599  209055  221445  232707  242783  251622  259178  265414  270297  273804  275914  276619  275914  273804  270297  265414  259178  251622  242783  232707  221445  209055  195599  181147  165772  149552
  135502  152860  169439  185154  199926  213679  226344  237855  248153  257188  264912  271285  276277  279860  282018  282738  282018  279860  276277  271285  264912  257188  248153  237855  226344  213679  199926  185154  169439  152860
  138094  155784  172680  188696  203750  217766  230673  242404  252900  262107  269978  276474  281561  285213  287412  288146  287412  285213  281561  276474  269978  262107  252900  242404  230673  217766  203750  188696  172680  155784
  140334  158311  175481  191757  207056  221300  234416  246337  257003  266360  274359  280960  286129  289841  292075  292821  292075  289841  286129  280960  274359  266360  257003  246337  234416  221300  207056  191757  175481  158311
  142215  160433  177833  194327  209831  224265  237557  249638  260447  269929  278036  284725  289964  293725  295990  296746  295990  293725  289964  284725  278036  269929  260447  249638  237557  224265  209831  194327  177833  160433
  143729  162140  179726  196395  212064  226652  240085  252295  263219  272802  280995  287756  293050  296851  299140  299904  299140  296851  293050  287756  280995  272802  263219  252295  240085  226652  212064  196395  179726  162140
  144869  163427  181152  197954  213747  228451  241990  254297  265308  274967  283224  290039  295375  299207  301513  302283  301513  299207  295375  290039  283224  274967  265308  254297  241990  228451  213747  197954  181152  163427
  145632  164287  182105  198996  214872  229653  243264  255636  266705  276414  284716  291566  296930  300782  303101  303875  303101  300782  296930  291566  284716  276414  266705  255636  243264  229653  214872  198996  182105  164287
  146014  164718  182583  199518  215436  230256  243903  256307  267404  277140  285463  292331  297710  301571  303896  304672  303896  301571  297710  292331  285463  277140  267404  256307  243903  230256  215436  199518  182583  164718
  146014  164718  182583  199518  215436  230256  243903  256307  267404  277140  285463  292331  297710  301571  303896  304672  303896  301571  297710  292331  285463  277140  267404  256307  243903  230256  215436  199518  182583  164718
  145632  164287  182105  198996  214872  229653  243264  255636  266705  276414  284716  291566  296930  300782  303101  303875  303101  300782  296930  291566  284716  276414  266705  255636  243264  229653  214872  198996  182105  164287
  144869  163427  181152  197954  213747  228451  241990  254297  265308  274967  283224  290039  295375  299207  301513  302283  301513  299207  295375  290039  283224  274967  265308  254297  241990  228451  213747  197954  181152  163427
  143729  162140  179726  196395  212064  226652  240085  252295  263219  272802  280995  287756  293050  296851  299140  299904  299140  296851  293050  287756  280995  272802  263219  252295  240085  226652  212064  196395  179726  162140
  142215  160433  177833  194327  209831  224265  237557  249638  260447  269929  278036  284725  289964  293725  295990  296746  295990  293725  289964  284725  278036  269929  260447  249638  237557  224265  209831  194327  177833  160433
  140334  158311  175481  191757  207056  221300  234416  246337  257003  266360  274359  280960  286129  289841  292075  292821  292075  289841  286129  280960  274359  266360  257003  246337  234416  221300  207056  191757  175481  158311
  138094  155784  172680  188696  203750  217766  230673  242404  252900  262107  269978  276474  281561  285213  287412  288146  287412  285213  281561  276474  269978  262107  252900  242404  230673  217766  203750  188696  172680  155784
  135502  152860  169439  185154  199926  213679  226344  237855  248153  257188  264912  271285  276277  279860  282018  282738  282018  279860  276277  271285  264912  257188  248153  237855  226344  213679  199926  185154  169439  152860
  132569  149552  165772  181147  195599  209055  221445  232707  242783  251622  259178  265414  270297  273804  275914  276619  275914  273804  270297  265414  259178  251622  242783  232707  221445  209055  195599  181147  165772  149552
  135122  152431  168963  184635  199365  213080  225709  237187  247457  256466  264169  270524  275502  279075  281227  281945  281227  279075  275502  270524  264169  256466  247457  237187  225709  213080  199365  184635  168963  152431
  137983  155659  172542  188545  203587  217592  230489  242210  252698  261898  269763  276253  281336  284985  287182  287916  287182  284985  281336  276253  269763  261898  252698  242210  230489  217592  203587  188545  172542  155659
  140428  158416  175598  191885  207194  221447  234572  246501  257174  266537  274541  281147  286320  290034  292270  293016  292270  290034  286320  281147  274541  266537  257174  246501  234572  221447  207194  191885  175598  158416
  142443  160690  178118  194639  210168  224625  237938  250039  260865  270362  278482  285182  290429  294197  296465  297222  296465  294197  290429  285182  278482  270362  260865  250039  237938  224625  210168  194639  178118  160690
  144021  162470  180091  196794  212495  227113  240573  252808  263754  273357  281566  288341  293646  297455  299748  300513  299748  297455  293646  288341  281566  273357  263754  252808  240573  227113  212495  196794  180091  162470
  145153  163747  181507  198341  214165  228898  242464  254795  265828  275505  283779  290607  295954  299793  302104  302876  302104  299793  295954  290607  283779  275505  265828  254795  242464  228898  214165  198341  181507  163747
  145834  164516  182359  199272  215171  229973  243603  255991  267075  276799  285111  291971  297343  301200  303522  304297  303522  301200  297343  291971  285111  276799  267075  255991  243603  229973  215171  199272  182359  164516
  146062  164772  182643  199583  215506  230331  243983  256391  267492  277230  285556  292427  297807  301670  303995  304772  303995  301670  297807  292427  285556  277230  267492  256391  243983  230331  215506  199583  182643  164772
  145834  164516  182359  199272  215171  229973  243603  255991  267075  276799  285111  291971  297343  301200  303522  304297  303522  301200  297343  291971  285111  276799  267075  255991  243603  229973  215171  199272  182359  164516
  145153  163747  181507  198341  214165  228898  242464  254795  265828  275505  283779  290607  295954  299793  302104  302876  302104  299793  295954  290607  283779  275505  265828  254795  242464  228898  214165  198341  181507  163747
  144021  162470  180091  196794  212495  227113  240573  252808  263754  273357  281566  288341  293646  297455  299748  300513  299748  297455  293646  288341  281566  273357  263754  252808  240573  227113  212495  196794  180091  162470
  142443  160690  178118  194639  210168  224625  237938  250039  260865  270362  278482  285182  290429  294197  296465  297222  296465  294197  290429  285182  278482  270362  260865  250039  237938  224625  210168  194639  178118  160690
  140428  158416  175598  191885  207194  221447  234572  246501  257174  266537  274541  281147  286320  290034  292270  293016  292270  290034  286320  281147  274541  266537  257174  246501  234572  221447  207194  191885  175598  158416
  137983  155659  172542  188545  203587  217592  230489  242210  252698  261898  269763  276253  281336  284985  287182  287916  287182  284985  281336  276253  269763  261898  252698  242210  230489  217592  203587  188545  172542  155659
  135122  152431  168963  184635  199365  213080  225709  237187  247457  256466  264169  270524  275502  279075  281227  281945  281227  279075  275502  270524  264169  256466  247457  237187  225709  213080  199365  184635  168963  152431
  138094  155784  172680  188696  203750  217766  230673  242404  252900  262107  269978  276474  281561  285213  287412  288146  287412  285213  281561  276474  269978  262107  252900  242404  230673  217766  203750  188696  172680  155784
  140703  158727  175943  192261  207600  221881  235032  246985  257679  267060  275080  281699  286882  290603  292843  293591  292843  290603  286882  281699  275080  267060  257679  246985  235032  221881  207600  192261  175943  158727
  142808  161102  178575  195138  210706  225201  238548  250680  261534  271055  279196  285913  291174  294950  297224  297984  297224  294950  291174  285913  279196  271055  261534  250680  238548  225201  210706  195138  178575  161102
  144397  162895  180562  197309  213051  227707  241202  253469  264444  274071  282302  289094  294413  298232  300531  301299  300531  298232  294413  289094  282302  274071  264444  253469  241202  227707  213051  197309  180562  162895
  145461  164095  181892  198763  214621  229385  242980  255337  266393  276091  284382  291225  296583  300430  302746  303519  302746  300430  296583  291225  284382  276091  266393  255337  242980  229385  214621  198763  181892  164095
  145995  164697  182560  199492  215408  230226  243871  256273  267370  277104  285426  292293  297671  301532  303857  304633  303857  301532  297671  292293  285426  277104  267370  256273  243871  230226  215408  199492  182560  164697
  145995  164697  182560  199492  215408  230226  243871  256273  267370  277104  285426  292293  297671  301532  303857  304633  303857  301532  297671  292293  285426  277104  267370  256273  243871  230226  215408  199492  182560  164697
  145461  164095  181892  198763  214621  229385  242980  255337  266393  276091  284382  291225  296583  300430  302746  303519  302746  300430  296583  291225  284382  276091  266393  255337  242980  229385  214621  198763  181892  164095
  144397  162895  180562  197309  213051  227707  241202  253469  264444  274071  282302  289094  294413  298232  300531  301299  300531  298232  294413  289094  282302  274071  264444  253469  241202  227707  213051  197309  180562  162895
  142808  161102  178575  195138  210706  225201  238548  250680  261534  271055  279196  285913  291174  294950  297224  297984  297224  294950  291174  285913  279196  271055  261534  250680  238548  225201  210706  195138  178575  161102
  140703  158727  175943  192261  207600  221881  235032  246985  257679  267060  275080  281699  286882  290603  292843  293591  292843  290603  286882  281699  275080  267060  257679  246985  235032  221881  207600  192261  175943  158727
  138094  155784  172680  188696  203750  217766  230673  242404  252900  262107  269978  276474  281561  285213  287412  288146  287412  285213  281561  276474  269978  262107  252900  242404  230673  217766  203750  188696  172680  155784
  141148  159229  176498  192869  208256  222582  235774  247765  258493  267903  275949  282588  287788  291521  293768  294518  293768  291521  287788  282588  275949  267903  258493  247765  235774  222582  208256  192869  176498  159229
  143287  161642  179174  195792  211413  225956  239348  251520  262411  271964  280132  286872  292150  295940  298221  298983  298221  295940  292150  286872  280132  271964  262411  251520  239348  225956  211413  195792  179174  161642
  144825  163377  181097  197894  213682  228382  241917  254220  265228  274884  283139  289951  295286  299116  301422  302192  301422  299116  295286  289951  283139  274884  265228  254220  241917  228382  213682  197894  181097  163377
  145752  164423  182256  199160  215050  229843  243465  255847  266925  276643  284951  291807  297176  301030  303351  304126  303351  301030  297176  291807  284951  276643  266925  255847  243465  229843  215050  199160  182256  164423
  146062  164772  182643  199583  215506  230331  243983  256391  267492  277230  285556  292427  297807  301670  303995  304772  303995  301670  297807  292427  285556  277230  267492  256391  243983  230331  215506  199583  182643  164772
  145752  164423  182256  199160  215050  229843  243465  255847  266925  276643  284951  291807  297176  301030  303351  304126  303351  301030  297176  291807  284951  276643  266925  255847  243465  229843  215050  199160  182256  164423
  144825  163377  181097  197894  213682  228382  241917  254220  265228  274884  283139  289951  295286  299116  301422  302192  301422  299116  295286  289951  283139  274884  265228  254220  241917  228382  213682  197894  181097  163377
  143287  161642  179174  195792  211413  225956  239348  251520  262411  271964  280132  286872  292150  295940  298221  298983  298221  295940  292150  286872  280132  271964  262411  251520  239348  225956  211413  195792  179174  161642
  141148  159229  176498  192869  208256  222582  235774  247765  258493  267903  275949  282588  287788  291521  293768  294518  293768  291521  287788  282588  275949  267903  258493  247765  235774  222582  208256  192869  176498  159229
