 -6.025000e-01  1.460985e+00  3.521887e+00  1.426464e-05
 -3.615000e-01  1.460985e+00  2.953499e+00  1.973574e-05
 -1.205000e-01  1.460985e+00  1.313131e+00  2.311216e-05
  1.205000e-01  1.460985e+00  1.345045e+00  4.573365e-05
  3.615000e-01  1.460985e+00  4.033161e+00  2.480364e-05
  6.025000e-01  1.460985e+00  6.675976e-01  2.553890e-05
 -9.640000e-01  1.252273e+00  1.676366e+00  3.184159e-05
 -7.230000e-01  1.252273e+00  2.293860e+00  2.932942e-05
 -4.820000e-01  1.252273e+00  2.658218e+00  3.836020e-05
 -2.410000e-01  1.252273e+00  2.639878e+00  4.248733e-05
  0.000000e+00  1.252273e+00  3.508220e-01  4.128704e-05
  2.410000e-01  1.252273e+00  5.177682e+00  2.030213e-05
  4.820000e-01  1.252273e+00  2.757404e+00  2.059623e-05
  7.230000e-01  1.252273e+00  1.853846e+00  3.546529e-05
  9.640000e-01  1.252273e+00  3.875561e+00  3.854294e-05
 -1.084500e+00  1.043561e+00  1.008683e+00  3.221836e-05
 -8.435000e-01  1.043561e+00  1.767290e+00  2.445740e-05
 -6.025000e-01  1.043561e+00  2.560782e+00  1.936105e-05
 -3.615000e-01  1.043561e+00  2.866289e+00  3.725777e-05
 -1.205000e-01  1.043561e+00  5.714552e+00  3.094865e-05
  1.205000e-01  1.043561e+00  6.053124e+00  3.842417e-05
  3.615000e-01  1.043561e+00  2.722531e+00  4.416412e-05
  6.025000e-01  1.043561e+00  2.864083e+00  1.795389e-05
  8.435000e-01  1.043561e+00  2.189782e+00  3.017840e-05
  1.084500e+00  1.043561e+00  1.012391e+00  2.327171e-05
 -1.205000e+00  8.348485e-01  6.159746e+00  4.087972e-05
 -9.640000e-01  8.348485e-01  5.776607e+00  1.747635e-05
 -7.230000e-01  8.348485e-01  2.275468e+00  1.550897e-05
 -4.820000e-01  8.348485e-01  2.756338e+00  2.550435e-05
 -2.410000e-01  8.348485e-01  2.529331e+00  2.474737e-05
  0.000000e+00  8.348485e-01  7.209295e-01  4.892197e-05
  2.410000e-01  8.348485e-01  2.005351e+00  8.230651e-05
  4.820000e-01  8.348485e-01  1.395905e+00  4.987154e-05
  7.230000e-01  8.348485e-01  3.196133e+00  3.121681e-05
  9.640000e-01  8.348485e-01  4.997908e+00  1.685058e-05
  1.205000e+00  8.348485e-01  5.225850e+00  4.034731e-05
 -1.325500e+00  6.261364e-01  5.685756e+00  4.023439e-05
 -1.084500e+00  6.261364e-01  5.811881e+00  2.946290e-05
 -8.435000e-01  6.261364e-01  2.445510e+00  5.610708e-05
 -6.025000e-01  6.261364e-01  1.494807e+00  4.559395e-05
 -3.615000e-01  6.261364e-01  2.591506e+00  5.766214e-05
 -1.205000e-01  6.261364e-01  1.015486e+00  4.522281e-05
  1.205000e-01  6.261364e-01  2.341073e+00  4.437444e-05
  3.615000e-01  6.261364e-01  1.872411e+00  4.527517e-05
  6.025000e-01  6.261364e-01  1.122020e+00  8.018376e-05
  8.435000e-01  6.261364e-01  7.179792e-01  3.193242e-05
  1.084500e+00  6.261364e-01  5.573320e+00  6.099887e-05
  1.325500e+00  6.261364e-01  3.923479e+00  3.402866e-05
 -1.446000e+00  4.174242e-01  6.275216e+00  3.022169e-05
 -1.205000e+00  4.174242e-01  5.877679e+00  2.174762e-05
 -9.640000e-01  4.174242e-01  2.552999e+00  6.602306e-05
 -7.230000e-01  4.174242e-01  2.063602e+00  4.667449e-05
 -4.820000e-01  4.174242e-01  1.300413e+00  2.448554e-05
 -2.410000e-01  4.174242e-01  4.343529e+00  3.487895e-05
  0.000000e+00  4.174242e-01  5.161424e+00  2.460273e-05
  2.410000e-01  4.174242e-01  2.869956e+00  6.356377e-05
  4.820000e-01  4.174242e-01  6.246162e+00  1.350579e-05
  7.230000e-01  4.174242e-01  3.583945e-01  1.643936e-05
  9.640000e-01  4.174242e-01  1.256122e-01  9.319135e-05
  1.205000e+00  4.174242e-01  5.511365e+00  3.652622e-05
  1.446000e+00  4.174242e-01  4.218021e+00  5.265842e-05
 -1.566500e+00  2.087121e-01  3.704480e-01  4.669126e-05
 -1.325500e+00  2.087121e-01  4.838914e-01  5.583836e-05
 -1.084500e+00  2.087121e-01  2.595095e+00  5.121776e-05
 -8.435000e-01  2.087121e-01  2.802531e+00  5.799507e-05
 -6.025000e-01  2.087121e-01  6.265140e+00  3.623514e-05
 -3.615000e-01  2.087121e-01  5.548706e+00  3.264522e-05
 -1.205000e-01  2.087121e-01  2.917158e+00  1.668247e-05
  1.205000e-01  2.087121e-01  3.638315e+00  3.649349e-05
  3.615000e-01  2.087121e-01  4.238066e+00  5.554643e-05
  6.025000e-01  2.087121e-01  5.517279e+00  4.509539e-05
  8.435000e-01  2.087121e-01  5.570851e+00  6.273228e-05
  1.084500e+00  2.087121e-01  6.006658e+00  8.741836e-05
  1.325500e+00  2.087121e-01  4.477830e+00  1.982651e-05
  1.566500e+00  2.087121e-01  3.768042e+00  2.387659e-05
 -1.446000e+00  0.000000e+00  1.211211e-01  4.280413e-05
 -1.205000e+00  0.000000e+00  4.471392e-01  2.068333e-05
 -9.640000e-01  0.000000e+00  3.889875e+00  5.935184e-05
 -7.230000e-01  0.000000e+00  4.729987e+00  4.985623e-05
 -4.820000e-01  0.000000e+00  5.558159e+00  3.407198e-05
 -2.410000e-01  0.000000e+00  2.484039e+00  3.925431e-05
  0.000000e+00  0.000000e+00  6.809815e-02  3.071393e-05
  2.410000e-01  0.000000e+00  4.418722e+00  4.902130e-05
  4.820000e-01  0.000000e+00  3.470031e+00  3.043562e-05
  7.230000e-01  0.000000e+00  6.982481e-01  3.402558e-05
  9.640000e-01  0.000000e+00  8.170798e-02  7.900514e-05
  1.205000e+00  0.000000e+00  7.574186e-01  3.559163e-05
  1.446000e+00  0.000000e+00  2.001164e+00  5.827568e-05
 -1.566500e+00 -2.087121e-01  4.784726e+00  2.484854e-05
 -1.325500e+00 -2.087121e-01  5.662333e+00  4.392356e-05
 -1.084500e+00 -2.087121e-01  5.679592e+00  1.499173e-05
 -8.435000e-01 -2.087121e-01  3.735235e+00  3.783675e-05
 -6.025000e-01 -2.087121e-01  4.869333e+00  2.016542e-05
 -3.615000e-01 -2.087121e-01  3.703182e+00  2.357243e-05
 -1.205000e-01 -2.087121e-01  4.834022e+00  5.004050e-05
  1.205000e-01 -2.087121e-01  5.488741e+00  3.798044e-05
  3.615000e-01 -2.087121e-01  2.831824e+00  8.690760e-05
  6.025000e-01 -2.087121e-01  6.893101e-01  1.339784e-05
  8.435000e-01 -2.087121e-01  6.270943e+00  6.183757e-05
  1.084500e+00 -2.087121e-01  6.009031e-01  4.901428e-05
  1.325500e+00 -2.087121e-01  2.133493e+00  2.875827e-05
  1.566500e+00 -2.087121e-01  3.198271e+00  4.764403e-05
 -1.446000e+00 -4.174242e-01  4.557345e+00  2.322714e-05
 -1.205000e+00 -4.174242e-01  2.049189e+00  3.632393e-05
 -9.640000e-01 -4.174242e-01  1.677888e+00  7.260722e-05
 -7.230000e-01 -4.174242e-01  9.964857e-01  2.476005e-05
 -4.820000e-01 -4.174242e-01  5.213512e+00  2.907386e-05
 -2.410000e-01 -4.174242e-01  3.174138e+00  2.630366e-05
  0.000000e+00 -4.174242e-01  1.296733e+00  6.632192e-05
  2.410000e-01 -4.174242e-01  2.413631e+00  6.700958e-05
  4.820000e-01 -4.174242e-01  4.129188e+00  2.885025e-05
  7.230000e-01 -4.174242e-01  5.550194e+00  3.475598e-05
  9.640000e-01 -4.174242e-01  6.235050e+00  5.385508e-05
  1.205000e+00 -4.174242e-01  6.234937e+00  1.025202e-05
  1.446000e+00 -4.174242e-01  5.505719e+00  4.158519e-05
 -1.325500e+00 -6.261364e-01  3.714021e+00  3.124318e-05
 -1.084500e+00 -6.261364e-01  3.620475e+00  4.525289e-05
 -8.435000e-01 -6.261364e-01  5.918323e+00  4.073250e-05
 -6.025000e-01 -6.261364e-01  3.535408e-01  3.288795e-05
 -3.615000e-01 -6.261364e-01  2.498636e+00  4.478537e-05
 -1.205000e-01 -6.261364e-01  2.843820e+00  5.626937e-05
  1.205000e-01 -6.261364e-01  1.666139e+00  6.361792e-05
  3.615000e-01 -6.261364e-01  4.659791e-01  4.950520e-05
  6.025000e-01 -6.261364e-01  4.823212e+00  3.255070e-05
  8.435000e-01 -6.261364e-01  5.856895e+00  4.532782e-05
  1.084500e+00 -6.261364e-01  5.435640e+00  3.255144e-05
  1.325500e+00 -6.261364e-01  2.327389e-01  6.762659e-06
 -1.205000e+00 -8.348485e-01  3.642285e+00  7.598097e-05
 -9.640000e-01 -8.348485e-01  4.466477e+00  3.423135e-05
 -7.230000e-01 -8.348485e-01  3.637131e+00  1.099496e-05
 -4.820000e-01 -8.348485e-01  1.488779e+00  1.977798e-05
 -2.410000e-01 -8.348485e-01  3.520978e+00  1.986891e-05
  0.000000e+00 -8.348485e-01  4.190439e+00  7.367428e-05
  2.410000e-01 -8.348485e-01  4.819485e+00  5.935506e-05
  4.820000e-01 -8.348485e-01  6.227120e+00  4.533968e-05
  7.230000e-01 -8.348485e-01  5.673269e+00  2.053928e-05
  9.640000e-01 -8.348485e-01  1.855297e-01  3.202144e-05
  1.205000e+00 -8.348485e-01  1.858281e+00  3.011123e-05
 -1.084500e+00 -1.043561e+00  1.672262e+00  5.342557e-05
 -8.435000e-01 -1.043561e+00  7.485293e-01  3.025914e-05
 -6.025000e-01 -1.043561e+00  4.310709e+00  1.892604e-05
 -3.615000e-01 -1.043561e+00  4.901477e+00  3.727260e-05
 -1.205000e-01 -1.043561e+00  4.808647e+00  3.194825e-05
  1.205000e-01 -1.043561e+00  4.103597e+00  4.654323e-05
  3.615000e-01 -1.043561e+00  4.953559e+00  1.352753e-05
  6.025000e-01 -1.043561e+00  5.704475e+00  2.680014e-05
  8.435000e-01 -1.043561e+00  5.109664e+00  2.505563e-05
  1.084500e+00 -1.043561e+00  2.640011e+00  3.417674e-05
 -9.640000e-01 -1.252273e+00  7.464104e-01  4.408682e-05
 -7.230000e-01 -1.252273e+00  5.746761e+00  3.039152e-05
 -4.820000e-01 -1.252273e+00  6.134062e+00  9.421163e-06
 -2.410000e-01 -1.252273e+00  1.722310e+00  1.255147e-05
  0.000000e+00 -1.252273e+00  2.613766e+00  2.039271e-05
  2.410000e-01 -1.252273e+00  2.750580e+00  4.428403e-05
  4.820000e-01 -1.252273e+00  6.007486e+00  5.284018e-05
  7.230000e-01 -1.252273e+00  5.555824e+00  5.455749e-05
  9.640000e-01 -1.252273e+00  4.450577e+00  3.642744e-05
 -6.025000e-01 -1.460985e+00  3.752353e+00  2.424780e-05
 -3.615000e-01 -1.460985e+00  2.044539e+00  3.642252e-05
 -1.205000e-01 -1.460985e+00  1.443377e+00  4.594838e-05
  1.205000e-01 -1.460985e+00  3.394903e+00  1.372073e-05
  3.615000e-01 -1.460985e+00  5.615221e+00  2.384597e-05
  6.025000e-01 -1.460985e+00  5.767873e+00  5.180669e-05
 -6.025000e-01  1.460985e+00  3.630568e+00  2.734685e-05
 -3.615000e-01  1.460985e+00  3.166322e+00  2.855184e-05
 -1.205000e-01  1.460985e+00  1.791192e+00  2.359076e-05
  1.205000e-01  1.460985e+00  1.361429e+00  6.700399e-05
  3.615000e-01  1.460985e+00  4.357000e+00  3.486963e-05
  6.025000e-01  1.460985e+00  6.027946e-01  3.478680e-05
 -9.640000e-01  1.252273e+00  1.471418e+00  3.964622e-05
 -7.230000e-01  1.252273e+00  2.191762e+00  5.261860e-05
 -4.820000e-01  1.252273e+00  2.650408e+00  5.148688e-05
 -2.410000e-01  1.252273e+00  2.706957e+00  7.798286e-05
  0.000000e+00  1.252273e+00  5.280482e-01  5.119885e-05
  2.410000e-01  1.252273e+00  5.372485e+00  4.434846e-05
  4.820000e-01  1.252273e+00  2.702285e+00  3.204388e-05
  7.230000e-01  1.252273e+00  1.980820e+00  7.256492e-05
  9.640000e-01  1.252273e+00  4.014281e+00  6.068446e-05
 -1.084500e+00  1.043561e+00  1.249341e+00  4.370793e-05
 -8.435000e-01  1.043561e+00  1.733733e+00  5.030653e-05
 -6.025000e-01  1.043561e+00  2.136911e+00  4.032445e-05
 -3.615000e-01  1.043561e+00  2.568283e+00  7.301795e-05
 -1.205000e-01  1.043561e+00  6.067706e+00  2.696263e-05
  1.205000e-01  1.043561e+00  5.992415e+00  7.606467e-05
  3.615000e-01  1.043561e+00  2.715979e+00  7.375852e-05
  6.025000e-01  1.043561e+00  2.538555e+00  5.846979e-05
  8.435000e-01  1.043561e+00  1.760306e+00  5.493941e-05
  1.084500e+00  1.043561e+00  6.203174e-01  6.202742e-05
 -1.205000e+00  8.348485e-01  6.262502e+00  4.775640e-05
 -9.640000e-01  8.348485e-01  1.257150e+00  9.435993e-06
 -7.230000e-01  8.348485e-01  1.864223e+00  3.395910e-05
 -4.820000e-01  8.348485e-01  2.604489e+00  4.461501e-05
 -2.410000e-01  8.348485e-01  2.612055e+00  4.130483e-05
  0.000000e+00  8.348485e-01  4.317742e-01  8.362107e-05
  2.410000e-01  8.348485e-01  2.030804e+00  1.223336e-04
  4.820000e-01  8.348485e-01  1.788169e+00  6.957567e-05
  7.230000e-01  8.348485e-01  3.373911e+00  5.550033e-05
  9.640000e-01  8.348485e-01  5.851814e+00  4.266801e-05
  1.205000e+00  8.348485e-01  5.509133e+00  7.002508e-05
 -1.325500e+00  6.261364e-01  5.751799e+00  4.584193e-05
 -1.084500e+00  6.261364e-01  5.455082e+00  2.101806e-05
 -8.435000e-01  6.261364e-01  2.499325e+00  7.973132e-05
 -6.025000e-01  6.261364e-01  1.159180e+00  5.878547e-05
 -3.615000e-01  6.261364e-01  2.882040e+00  7.962879e-05
 -1.205000e-01  6.261364e-01  7.434453e-01  5.847096e-05
  1.205000e-01  6.261364e-01  2.277229e+00  6.769589e-05
  3.615000e-01  6.261364e-01  1.970150e+00  7.795096e-05
  6.025000e-01  6.261364e-01  1.196609e+00  1.065496e-04
  8.435000e-01  6.261364e-01  4.850541e-01  4.061566e-05
  1.084500e+00  6.261364e-01  5.713396e+00  1.183089e-04
  1.325500e+00  6.261364e-01  4.229451e+00  3.763403e-05
 -1.446000e+00  4.174242e-01  4.883890e-01  4.303844e-05
 -1.205000e+00  4.174242e-01  5.133944e-01  2.706763e-05
 -9.640000e-01  4.174242e-01  2.577460e+00  9.574797e-05
 -7.230000e-01  4.174242e-01  1.922934e+00  5.019987e-05
 -4.820000e-01  4.174242e-01  1.112951e+00  3.489944e-05
 -2.410000e-01  4.174242e-01  4.154280e+00  5.267563e-05
  0.000000e+00  4.174242e-01  5.056400e+00  7.913597e-06
  2.410000e-01  4.174242e-01  2.683219e+00  1.023783e-04
  4.820000e-01  4.174242e-01  2.621724e-02  1.739479e-05
  7.230000e-01  4.174242e-01  3.038229e-01  1.911204e-05
  9.640000e-01  4.174242e-01  2.814440e-02  1.584553e-04
  1.205000e+00  4.174242e-01  5.663795e+00  6.710499e-05
  1.446000e+00  4.174242e-01  4.289251e+00  7.002457e-05
 -1.566500e+00  2.087121e-01  4.306524e-01  6.621669e-05
 -1.325500e+00  2.087121e-01  5.861902e-01  7.279381e-05
 -1.084500e+00  2.087121e-01  2.522476e+00  5.922349e-05
 -8.435000e-01  2.087121e-01  2.801173e+00  7.617501e-05
 -6.025000e-01  2.087121e-01  6.175549e+00  7.039174e-05
 -3.615000e-01  2.087121e-01  5.166624e+00  3.088325e-05
 -1.205000e-01  2.087121e-01  2.546069e+00  5.911691e-05
  1.205000e-01  2.087121e-01  3.502341e+00  3.827197e-05
  3.615000e-01  2.087121e-01  4.359074e+00  7.560528e-05
  6.025000e-01  2.087121e-01  5.564658e+00  6.368919e-05
  8.435000e-01  2.087121e-01  5.630784e+00  1.000095e-04
  1.084500e+00  2.087121e-01  6.109423e+00  1.360086e-04
  1.325500e+00  2.087121e-01  5.093380e+00  2.316726e-05
  1.566500e+00  2.087121e-01  4.221182e+00  2.785143e-05
 -1.446000e+00  0.000000e+00  6.125812e+00  5.423513e-05
 -1.205000e+00  0.000000e+00  6.236823e+00  3.214189e-05
 -9.640000e-01  0.000000e+00  4.003023e+00  8.725048e-05
 -7.230000e-01  0.000000e+00  4.921011e+00  8.065922e-05
 -4.820000e-01  0.000000e+00  5.357886e+00  4.552987e-05
 -2.410000e-01  0.000000e+00  2.773073e+00  8.830360e-05
  0.000000e+00  0.000000e+00  6.063176e+00  4.420579e-05
  2.410000e-01  0.000000e+00  4.604334e+00  7.052777e-05
  4.820000e-01  0.000000e+00  3.448426e+00  4.308141e-05
  7.230000e-01  0.000000e+00  5.973825e-01  4.717389e-05
  9.640000e-01  0.000000e+00  2.112495e-01  1.204896e-04
  1.205000e+00  0.000000e+00  6.761200e-01  7.850003e-05
  1.446000e+00  0.000000e+00  1.704021e+00  8.408292e-05
 -1.566500e+00 -2.087121e-01  4.378369e+00  4.004912e-05
 -1.325500e+00 -2.087121e-01  5.503189e+00  5.747937e-05
 -1.084500e+00 -2.087121e-01  6.052197e+00  2.169795e-05
 -8.435000e-01 -2.087121e-01  3.932715e+00  4.441340e-05
 -6.025000e-01 -2.087121e-01  5.092091e+00  2.554540e-05
 -3.615000e-01 -2.087121e-01  3.400845e+00  5.008543e-05
 -1.205000e-01 -2.087121e-01  4.657077e+00  9.563621e-05
  1.205000e-01 -2.087121e-01  5.360518e+00  7.004230e-05
  3.615000e-01 -2.087121e-01  2.951480e+00  1.139261e-04
  6.025000e-01 -2.087121e-01  5.959007e+00  2.318691e-05
  8.435000e-01 -2.087121e-01  6.278058e+00  6.801142e-05
  1.084500e+00 -2.087121e-01  5.479326e-01  8.459670e-05
  1.325500e+00 -2.087121e-01  1.488939e+00  4.198095e-05
  1.566500e+00 -2.087121e-01  3.078724e+00  7.944207e-05
 -1.446000e+00 -4.174242e-01  4.405945e+00  3.360633e-05
 -1.205000e+00 -4.174242e-01  2.272122e+00  4.104543e-05
 -9.640000e-01 -4.174242e-01  1.665456e+00  9.792631e-05
 -7.230000e-01 -4.174242e-01  7.305934e-01  4.814724e-05
 -4.820000e-01 -4.174242e-01  4.843386e+00  4.395673e-05
 -2.410000e-01 -4.174242e-01  3.357913e+00  3.849793e-05
  0.000000e+00 -4.174242e-01  1.360309e+00  8.684221e-05
  2.410000e-01 -4.174242e-01  2.418194e+00  9.196607e-05
  4.820000e-01 -4.174242e-01  4.193214e+00  3.360531e-05
  7.230000e-01 -4.174242e-01  5.239885e+00  4.284614e-05
  9.640000e-01 -4.174242e-01  5.928230e+00  7.489102e-05
  1.205000e+00 -4.174242e-01  6.079882e+00  3.627775e-05
  1.446000e+00 -4.174242e-01  5.665403e+00  6.220190e-05
 -1.325500e+00 -6.261364e-01  3.730059e+00  3.790209e-05
 -1.084500e+00 -6.261364e-01  3.649381e+00  7.288593e-05
 -8.435000e-01 -6.261364e-01  5.909419e+00  6.612265e-05
 -6.025000e-01 -6.261364e-01  5.307102e-01  5.291977e-05
 -3.615000e-01 -6.261364e-01  2.474311e+00  6.716843e-05
 -1.205000e-01 -6.261364e-01  2.877619e+00  9.524244e-05
  1.205000e-01 -6.261364e-01  1.751004e+00  1.043483e-04
  3.615000e-01 -6.261364e-01  5.370759e-01  8.270482e-05
  6.025000e-01 -6.261364e-01  5.059946e+00  3.342593e-05
  8.435000e-01 -6.261364e-01  5.989634e+00  6.679392e-05
  1.084500e+00 -6.261364e-01  5.306588e+00  6.383193e-05
  1.325500e+00 -6.261364e-01  4.528010e+00  5.589501e-06
 -1.205000e+00 -8.348485e-01  3.495537e+00  9.411596e-05
 -9.640000e-01 -8.348485e-01  4.509660e+00  3.956836e-05
 -7.230000e-01 -8.348485e-01  2.918873e+00  2.585916e-05
 -4.820000e-01 -8.348485e-01  1.488930e+00  5.774652e-05
 -2.410000e-01 -8.348485e-01  2.730232e+00  3.136886e-05
  0.000000e+00 -8.348485e-01  4.038484e+00  1.002614e-04
  2.410000e-01 -8.348485e-01  4.829805e+00  8.711231e-05
  4.820000e-01 -8.348485e-01  6.266043e+00  6.167852e-05
  7.230000e-01 -8.348485e-01  5.774361e+00  3.092005e-05
  9.640000e-01 -8.348485e-01  1.782096e-01  6.858832e-05
  1.205000e+00 -8.348485e-01  1.414666e+00  3.589053e-05
 -1.084500e+00 -1.043561e+00  1.389367e+00  8.837252e-05
 -8.435000e-01 -1.043561e+00  1.046130e+00  4.680220e-05
 -6.025000e-01 -1.043561e+00  3.970151e+00  3.041314e-05
 -3.615000e-01 -1.043561e+00  4.981133e+00  5.475876e-05
 -1.205000e-01 -1.043561e+00  4.720200e+00  4.062865e-05
  1.205000e-01 -1.043561e+00  4.173862e+00  6.441322e-05
  3.615000e-01 -1.043561e+00  5.205785e+00  2.716356e-05
  6.025000e-01 -1.043561e+00  5.478733e+00  5.707545e-05
  8.435000e-01 -1.043561e+00  5.087525e+00  6.002762e-05
  1.084500e+00 -1.043561e+00  2.597869e+00  4.748303e-05
 -9.640000e-01 -1.252273e+00  6.416015e-01  5.671092e-05
 -7.230000e-01 -1.252273e+00  5.624527e+00  3.587458e-05
 -4.820000e-01 -1.252273e+00  5.735783e+00  2.936813e-05
 -2.410000e-01 -1.252273e+00  3.140586e+00  1.092255e-05
  0.000000e+00 -1.252273e+00  3.097697e+00  2.570003e-05
  2.410000e-01 -1.252273e+00  2.811213e+00  5.353988e-05
  4.820000e-01 -1.252273e+00  5.951287e+00  8.827205e-05
  7.230000e-01 -1.252273e+00  5.607185e+00  8.018607e-05
  9.640000e-01 -1.252273e+00  4.313263e+00  4.810392e-05
 -6.025000e-01 -1.460985e+00  3.871024e+00  2.778019e-05
 -3.615000e-01 -1.460985e+00  1.983199e+00  4.839319e-05
 -1.205000e-01 -1.460985e+00  1.508854e+00  5.977518e-05
  1.205000e-01 -1.460985e+00  3.542918e+00  2.257563e-05
  3.615000e-01 -1.460985e+00  5.747940e+00  3.916197e-05
  6.025000e-01 -1.460985e+00  5.861845e+00  7.033348e-05
 -6.025000e-01  1.460985e+00  3.862376e+00  4.481947e-05
 -3.615000e-01  1.460985e+00  3.155760e+00  4.196112e-05
 -1.205000e-01  1.460985e+00  2.899286e+00  4.151958e-05
  1.205000e-01  1.460985e+00  1.293184e+00  7.075159e-05
  3.615000e-01  1.460985e+00  4.889484e+00  4.806070e-05
  6.025000e-01  1.460985e+00  5.421123e-01  5.375575e-05
 -9.640000e-01  1.252273e+00  1.077798e+00  5.197086e-05
 -7.230000e-01  1.252273e+00  2.082928e+00  8.275951e-05
 -4.820000e-01  1.252273e+00  2.671124e+00  6.263058e-05
 -2.410000e-01  1.252273e+00  2.713056e+00  1.417636e-04
  0.000000e+00  1.252273e+00  6.520246e-01  6.163320e-05
  2.410000e-01  1.252273e+00  5.320281e+00  9.204795e-05
  4.820000e-01  1.252273e+00  2.653459e+00  4.165507e-05
  7.230000e-01  1.252273e+00  1.954158e+00  1.253267e-04
  9.640000e-01  1.252273e+00  4.107269e+00  8.482763e-05
 -1.084500e+00  1.043561e+00  1.512010e+00  5.602970e-05
 -8.435000e-01  1.043561e+00  1.499270e+00  8.841975e-05
 -6.025000e-01  1.043561e+00  1.928137e+00  6.900764e-05
 -3.615000e-01  1.043561e+00  2.492597e+00  1.482312e-04
 -1.205000e-01  1.043561e+00  7.316954e-01  3.519145e-05
  1.205000e-01  1.043561e+00  5.947302e+00  1.527429e-04
  3.615000e-01  1.043561e+00  2.820904e+00  1.238905e-04
  6.025000e-01  1.043561e+00  2.375958e+00  1.250273e-04
  8.435000e-01  1.043561e+00  1.474318e+00  1.055180e-04
  1.084500e+00  1.043561e+00  5.518225e-01  1.263988e-04
 -1.205000e+00  8.348485e-01  4.519923e-01  4.404699e-05
 -9.640000e-01  8.348485e-01  1.968021e+00  4.456991e-05
 -7.230000e-01  8.348485e-01  1.413964e+00  6.985418e-05
 -4.820000e-01  8.348485e-01  2.518621e+00  9.218409e-05
 -2.410000e-01  8.348485e-01  2.871101e+00  6.050828e-05
  0.000000e+00  8.348485e-01  1.189627e-01  1.523082e-04
  2.410000e-01  8.348485e-01  2.052918e+00  1.678136e-04
  4.820000e-01  8.348485e-01  2.356875e+00  1.123266e-04
  7.230000e-01  8.348485e-01  3.458574e+00  7.995969e-05
  9.640000e-01  8.348485e-01  6.189681e+00  9.493950e-05
  1.205000e+00  8.348485e-01  5.663007e+00  1.063715e-04
 -1.325500e+00  6.261364e-01  5.897078e+00  7.219717e-05
 -1.084500e+00  6.261364e-01  3.855119e+00  2.389552e-05
 -8.435000e-01  6.261364e-01  2.414424e+00  8.899752e-05
 -6.025000e-01  6.261364e-01  8.598518e-01  7.498716e-05
 -3.615000e-01  6.261364e-01  3.261050e+00  1.052670e-04
 -1.205000e-01  6.261364e-01  3.441380e-01  7.457404e-05
  1.205000e-01  6.261364e-01  2.063024e+00  1.193452e-04
  3.615000e-01  6.261364e-01  1.965148e+00  1.434609e-04
  6.025000e-01  6.261364e-01  1.264727e+00  1.137266e-04
  8.435000e-01  6.261364e-01  6.145464e+00  4.352563e-05
  1.084500e+00  6.261364e-01  5.778876e+00  2.014115e-04
  1.325500e+00  6.261364e-01  4.838043e+00  6.514561e-05
 -1.446000e+00  4.174242e-01  7.748749e-01  8.230252e-05
 -1.205000e+00  4.174242e-01  1.189157e+00  5.800128e-05
 -9.640000e-01  4.174242e-01  2.541481e+00  1.233569e-04
 -7.230000e-01  4.174242e-01  1.274910e+00  4.256534e-05
 -4.820000e-01  4.174242e-01  8.216286e-01  3.507612e-05
 -2.410000e-01  4.174242e-01  4.030186e+00  7.784426e-05
  0.000000e+00  4.174242e-01  2.646625e+00  4.939859e-05
  2.410000e-01  4.174242e-01  2.508733e+00  1.481507e-04
  4.820000e-01  4.174242e-01  5.780895e-02  4.750110e-05
  7.230000e-01  4.174242e-01  6.183215e+00  2.005355e-05
  9.640000e-01  4.174242e-01  6.206270e+00  2.369952e-04
  1.205000e+00  4.174242e-01  5.762095e+00  1.228799e-04
  1.446000e+00  4.174242e-01  4.695423e+00  6.135305e-05
 -1.566500e+00  2.087121e-01  3.948910e-01  1.094867e-04
 -1.325500e+00  2.087121e-01  6.982943e-01  1.045845e-04
 -1.084500e+00  2.087121e-01  2.382859e+00  6.512617e-05
 -8.435000e-01  2.087121e-01  2.686946e+00  6.116633e-05
 -6.025000e-01  2.087121e-01  6.054578e+00  1.246164e-04
 -3.615000e-01  2.087121e-01  4.253987e+00  3.791958e-05
 -1.205000e-01  2.087121e-01  2.418633e+00  1.532359e-04
  1.205000e-01  2.087121e-01  2.951363e+00  3.425621e-05
  3.615000e-01  2.087121e-01  4.600234e+00  9.622863e-05
  6.025000e-01  2.087121e-01  5.820854e+00  8.162890e-05
  8.435000e-01  2.087121e-01  5.750572e+00  1.293918e-04
  1.084500e+00  2.087121e-01  6.211687e+00  1.998492e-04
  1.325500e+00  2.087121e-01  6.031317e+00  3.013153e-05
  1.566500e+00  2.087121e-01  4.329245e+00  2.659287e-05
 -1.446000e+00  0.000000e+00  5.789377e+00  8.132390e-05
 -1.205000e+00  0.000000e+00  5.659906e+00  7.209089e-05
 -9.640000e-01  0.000000e+00  4.322264e+00  1.373147e-04
 -7.230000e-01  0.000000e+00  5.176581e+00  1.375568e-04
 -4.820000e-01  0.000000e+00  4.900239e+00  4.556379e-05
 -2.410000e-01  0.000000e+00  2.809825e+00  2.105955e-04
  0.000000e+00  0.000000e+00  7.706777e-02  4.896846e-05
  2.410000e-01  0.000000e+00  5.031951e+00  8.155098e-05
  4.820000e-01  0.000000e+00  3.161776e+00  4.333005e-05
  7.230000e-01  0.000000e+00  5.398652e-01  6.785800e-05
  9.640000e-01  0.000000e+00  3.553906e-01  1.773999e-04
  1.205000e+00  0.000000e+00  7.203004e-01  1.499284e-04
  1.446000e+00  0.000000e+00  1.400392e+00  1.225513e-04
 -1.566500e+00 -2.087121e-01  4.232030e+00  6.819756e-05
 -1.325500e+00 -2.087121e-01  5.469602e+00  9.037059e-05
 -1.084500e+00 -2.087121e-01  6.217697e+00  4.992835e-05
 -8.435000e-01 -2.087121e-01  4.399066e+00  5.843804e-05
 -6.025000e-01 -2.087121e-01  4.477550e+00  1.360259e-05
 -3.615000e-01 -2.087121e-01  3.132455e+00  1.184258e-04
 -1.205000e-01 -2.087121e-01  4.486551e+00  1.867167e-04
  1.205000e-01 -2.087121e-01  5.307559e+00  1.406478e-04
  3.615000e-01 -2.087121e-01  3.151952e+00  1.254181e-04
  6.025000e-01 -2.087121e-01  5.542123e+00  6.626728e-05
  8.435000e-01 -2.087121e-01  6.255228e+00  5.533460e-05
  1.084500e+00 -2.087121e-01  5.082422e-01  1.307776e-04
  1.325500e+00 -2.087121e-01  1.013950e+00  7.748228e-05
  1.566500e+00 -2.087121e-01  2.951188e+00  1.147358e-04
 -1.446000e+00 -4.174242e-01  4.248497e+00  6.007906e-05
 -1.205000e+00 -4.174242e-01  2.292354e+00  3.466265e-05
 -9.640000e-01 -4.174242e-01  1.593210e+00  1.471080e-04
 -7.230000e-01 -4.174242e-01  7.023011e-01  9.396153e-05
 -4.820000e-01 -4.174242e-01  4.375557e+00  8.818724e-05
 -2.410000e-01 -4.174242e-01  3.940729e+00  7.208519e-05
  0.000000e+00 -4.174242e-01  1.577556e+00  7.586116e-05
  2.410000e-01 -4.174242e-01  2.467080e+00  1.022474e-04
  4.820000e-01 -4.174242e-01  4.489391e+00  3.571205e-05
  7.230000e-01 -4.174242e-01  4.956340e+00  5.546566e-05
  9.640000e-01 -4.174242e-01  5.555593e+00  1.086291e-04
  1.205000e+00 -4.174242e-01  5.833413e+00  8.771579e-05
  1.446000e+00 -4.174242e-01  5.679069e+00  8.717599e-05
 -1.325500e+00 -6.261364e-01  3.707652e+00  3.522026e-05
 -1.084500e+00 -6.261364e-01  3.791874e+00  1.104635e-04
 -8.435000e-01 -6.261364e-01  5.869366e+00  1.043257e-04
 -6.025000e-01 -6.261364e-01  5.175562e-01  8.708589e-05
 -3.615000e-01 -6.261364e-01  2.630911e+00  8.624536e-05
 -1.205000e-01 -6.261364e-01  2.947024e+00  1.594606e-04
  1.205000e-01 -6.261364e-01  1.867572e+00  1.544100e-04
  3.615000e-01 -6.261364e-01  5.580060e-01  1.258160e-04
  6.025000e-01 -6.261364e-01  5.639984e+00  3.568398e-05
  8.435000e-01 -6.261364e-01  6.022284e+00  9.982927e-05
  1.084500e+00 -6.261364e-01  5.254255e+00  1.185968e-04
  1.325500e+00 -6.261364e-01  4.070870e+00  2.577167e-05
 -1.205000e+00 -8.348485e-01  3.141894e+00  8.427391e-05
 -9.640000e-01 -8.348485e-01  4.701532e+00  3.018755e-05
 -7.230000e-01 -8.348485e-01  2.534236e+00  5.242768e-05
 -4.820000e-01 -8.348485e-01  1.514467e+00  1.404771e-04
 -2.410000e-01 -8.348485e-01  2.207337e+00  8.007985e-05
  0.000000e+00 -8.348485e-01  3.802893e+00  1.411511e-04
  2.410000e-01 -8.348485e-01  4.827715e+00  1.165322e-04
  4.820000e-01 -8.348485e-01  6.281567e+00  8.426464e-05
  7.230000e-01 -8.348485e-01  5.800623e+00  6.274495e-05
  9.640000e-01 -8.348485e-01  1.339538e-01  1.173698e-04
  1.205000e+00 -8.348485e-01  1.029938e+00  4.903677e-05
 -1.084500e+00 -1.043561e+00  1.092793e+00  1.692285e-04
 -8.435000e-01 -1.043561e+00  1.305250e+00  8.941155e-05
 -6.025000e-01 -1.043561e+00  3.472934e+00  4.268658e-05
 -3.615000e-01 -1.043561e+00  5.139447e+00  5.838812e-05
 -1.205000e-01 -1.043561e+00  4.743099e+00  3.286623e-05
  1.205000e-01 -1.043561e+00  4.281807e+00  8.599341e-05
  3.615000e-01 -1.043561e+00  5.223393e+00  5.597821e-05
  6.025000e-01 -1.043561e+00  5.479479e+00  1.095496e-04
  8.435000e-01 -1.043561e+00  5.139436e+00  1.105844e-04
  1.084500e+00 -1.043561e+00  2.621644e+00  6.427334e-05
 -9.640000e-01 -1.252273e+00  2.186727e-01  6.303807e-05
 -7.230000e-01 -1.252273e+00  5.320762e+00  4.244914e-05
 -4.820000e-01 -1.252273e+00  5.475028e+00  6.496538e-05
 -2.410000e-01 -1.252273e+00  3.965497e+00  4.170185e-05
  0.000000e+00 -1.252273e+00  3.364478e+00  2.922583e-05
  2.410000e-01 -1.252273e+00  2.676068e+00  5.988458e-05
  4.820000e-01 -1.252273e+00  5.979899e+00  1.289093e-04
  7.230000e-01 -1.252273e+00  5.796072e+00  1.160447e-04
  9.640000e-01 -1.252273e+00  4.193245e+00  5.804875e-05
 -6.025000e-01 -1.460985e+00  4.066228e+00  2.022645e-05
 -3.615000e-01 -1.460985e+00  1.978724e+00  5.480973e-05
 -1.205000e-01 -1.460985e+00  1.748120e+00  7.302527e-05
  1.205000e-01 -1.460985e+00  3.121732e+00  2.774638e-05
  3.615000e-01 -1.460985e+00  6.077271e+00  5.575999e-05
  6.025000e-01 -1.460985e+00  6.056179e+00  9.080095e-05
 -6.025000e-01  1.460985e+00  4.072620e+00  5.537936e-05
 -3.615000e-01  1.460985e+00  3.053052e+00  4.618788e-05
 -1.205000e-01  1.460985e+00  3.307178e+00  7.850385e-05
  1.205000e-01  1.460985e+00  6.834365e-01  4.734757e-05
  3.615000e-01  1.460985e+00  5.664380e+00  5.990184e-05
  6.025000e-01  1.460985e+00  6.059530e-01  6.850752e-05
 -9.640000e-01  1.252273e+00  8.780660e-01  6.025576e-05
 -7.230000e-01  1.252273e+00  2.132223e+00  8.438736e-05
 -4.820000e-01  1.252273e+00  2.852092e+00  6.467234e-05
 -2.410000e-01  1.252273e+00  2.680997e+00  1.741265e-04
  0.000000e+00  1.252273e+00  6.025109e-01  5.509738e-05
  2.410000e-01  1.252273e+00  5.375349e+00  1.245743e-04
  4.820000e-01  1.252273e+00  2.230270e+00  4.025412e-05
  7.230000e-01  1.252273e+00  1.812837e+00  1.403956e-04
  9.640000e-01  1.252273e+00  4.082942e+00  6.790325e-05
 -1.084500e+00  1.043561e+00  1.725547e+00  6.399269e-05
 -8.435000e-01  1.043561e+00  1.229911e+00  1.159586e-04
 -6.025000e-01  1.043561e+00  2.037036e+00  8.852480e-05
 -3.615000e-01  1.043561e+00  2.469239e+00  2.063057e-04
 -1.205000e-01  1.043561e+00  1.055867e+00  5.928791e-05
  1.205000e-01  1.043561e+00  5.914289e+00  2.075010e-04
  3.615000e-01  1.043561e+00  2.882370e+00  1.461382e-04
  6.025000e-01  1.043561e+00  2.159405e+00  1.542715e-04
  8.435000e-01  1.043561e+00  1.304124e+00  1.336199e-04
  1.084500e+00  1.043561e+00  6.186490e-01  1.345094e-04
 -1.205000e+00  8.348485e-01  1.497442e+00  4.759734e-05
 -9.640000e-01  8.348485e-01  1.886169e+00  7.782864e-05
 -7.230000e-01  8.348485e-01  1.209016e+00  1.038946e-04
 -4.820000e-01  8.348485e-01  2.556803e+00  1.537297e-04
 -2.410000e-01  8.348485e-01  3.314541e+00  3.973178e-05
  0.000000e+00  8.348485e-01  6.203692e+00  1.956073e-04
  2.410000e-01  8.348485e-01  2.044377e+00  1.582965e-04
  4.820000e-01  8.348485e-01  2.738855e+00  1.500555e-04
  7.230000e-01  8.348485e-01  3.417715e+00  4.664066e-05
  9.640000e-01  8.348485e-01  1.338247e-01  1.161978e-04
  1.205000e+00  8.348485e-01  5.705917e+00  9.392712e-05
 -1.325500e+00  6.261364e-01  6.084914e+00  8.221507e-05
 -1.084500e+00  6.261364e-01  3.131632e+00  6.297517e-05
 -8.435000e-01  6.261364e-01  1.775712e+00  6.281777e-05
 -6.025000e-01  6.261364e-01  8.434116e-01  4.754802e-05
 -3.615000e-01  6.261364e-01  3.820443e+00  1.058408e-04
 -1.205000e-01  6.261364e-01  6.488701e-02  6.964951e-05
  1.205000e-01  6.261364e-01  1.813031e+00  1.816939e-04
  3.615000e-01  6.261364e-01  1.872266e+00  1.847668e-04
  6.025000e-01  6.261364e-01  1.195198e+00  6.054192e-05
  8.435000e-01  6.261364e-01  5.371194e+00  6.146397e-05
  1.084500e+00  6.261364e-01  5.790325e+00  2.107725e-04
  1.325500e+00  6.261364e-01  5.086479e+00  1.135507e-04
 -1.446000e+00  4.174242e-01  8.572894e-01  1.224120e-04
 -1.205000e+00  4.174242e-01  1.533085e+00  8.463961e-05
 -9.640000e-01  4.174242e-01  2.461827e+00  9.992375e-05
 -7.230000e-01  4.174242e-01  2.580882e-01  6.547247e-05
 -4.820000e-01  4.174242e-01  5.738058e+00  1.762734e-05
 -2.410000e-01  4.174242e-01  3.930910e+00  8.879687e-05
  0.000000e+00  4.174242e-01  2.834726e+00  1.199099e-04
  2.410000e-01  4.174242e-01  2.340095e+00  1.097494e-04
  4.820000e-01  4.174242e-01  2.045623e-02  9.651937e-05
  7.230000e-01  4.174242e-01  5.740708e+00  4.104151e-05
  9.640000e-01  4.174242e-01  6.085426e+00  2.154549e-04
  1.205000e+00  4.174242e-01  5.865967e+00  1.537894e-04
  1.446000e+00  4.174242e-01  6.110951e+00  7.383223e-05
 -1.566500e+00  2.087121e-01  3.072645e-01  1.373840e-04
 -1.325500e+00  2.087121e-01  7.800373e-01  1.243608e-04
 -1.084500e+00  2.087121e-01  2.090747e+00  5.695232e-05
 -8.435000e-01  2.087121e-01  4.108461e-01  2.120965e-05
 -6.025000e-01  2.087121e-01  5.925139e+00  1.394560e-04
 -3.615000e-01  2.087121e-01  3.719541e+00  5.083687e-05
 -1.205000e-01  2.087121e-01  2.425258e+00  2.123863e-04
  1.205000e-01  2.087121e-01  1.972493e+00  2.555924e-05
  3.615000e-01  2.087121e-01  4.809818e+00  7.408843e-05
  6.025000e-01  2.087121e-01  2.422434e-01  9.230718e-05
  8.435000e-01  2.087121e-01  6.217634e+00  9.867968e-05
  1.084500e+00  2.087121e-01  6.616910e-02  1.912255e-04
  1.325500e+00  2.087121e-01  4.922830e-01  6.375042e-05
  1.566500e+00  2.087121e-01  2.856112e+00  1.780314e-05
 -1.446000e+00  0.000000e+00  5.455991e+00  9.775798e-05
 -1.205000e+00  0.000000e+00  5.371471e+00  1.222834e-04
 -9.640000e-01  0.000000e+00  4.713836e+00  1.761120e-04
 -7.230000e-01  0.000000e+00  5.355942e+00  1.722289e-04
 -4.820000e-01  0.000000e+00  3.823731e+00  4.186016e-05
 -2.410000e-01  0.000000e+00  2.744221e+00  3.099780e-04
  0.000000e+00  0.000000e+00  1.274516e+00  7.310570e-05
  2.410000e-01  0.000000e+00  6.039004e+00  6.021597e-05
  4.820000e-01  0.000000e+00  2.108067e+00  4.528928e-05
  7.230000e-01  0.000000e+00  5.636528e-01  9.788441e-05
  9.640000e-01  0.000000e+00  4.991009e-01  1.879898e-04
  1.205000e+00  0.000000e+00  7.387186e-01  1.843919e-04
  1.446000e+00  0.000000e+00  1.103546e+00  1.273849e-04
 -1.566500e+00 -2.087121e-01  4.397643e+00  7.793895e-05
 -1.325500e+00 -2.087121e-01  5.439940e+00  1.232998e-04
 -1.084500e+00 -2.087121e-01  5.987248e+00  8.521738e-05
 -8.435000e-01 -2.087121e-01  4.831952e+00  7.397487e-05
 -6.025000e-01 -2.087121e-01  2.807686e+00  5.418425e-05
 -3.615000e-01 -2.087121e-01  2.974273e+00  1.801746e-04
 -1.205000e-01 -2.087121e-01  4.343424e+00  2.397885e-04
  1.205000e-01 -2.087121e-01  5.279856e+00  1.868232e-04
  3.615000e-01 -2.087121e-01  3.657322e+00  8.846519e-05
  6.025000e-01 -2.087121e-01  5.349873e+00  1.219287e-04
  8.435000e-01 -2.087121e-01  5.647097e+00  3.567906e-05
  1.084500e+00 -2.087121e-01  4.008936e-01  1.346576e-04
  1.325500e+00 -2.087121e-01  7.317650e-01  1.025193e-04
  1.566500e+00 -2.087121e-01  2.732248e+00  9.377712e-05
 -1.446000e+00 -4.174242e-01  4.237015e+00  8.584349e-05
 -1.205000e+00 -4.174242e-01  1.472924e+00  1.199718e-05
 -9.640000e-01 -4.174242e-01  1.511359e+00  1.654645e-04
 -7.230000e-01 -4.174242e-01  8.440001e-01  1.074846e-04
 -4.820000e-01 -4.174242e-01  4.096303e+00  1.315064e-04
 -2.410000e-01 -4.174242e-01  4.362118e+00  1.242715e-04
  0.000000e+00 -4.174242e-01  3.144135e+00  4.373536e-05
  2.410000e-01 -4.174242e-01  2.701927e+00  5.404376e-05
  4.820000e-01 -4.174242e-01  5.190316e+00  4.191993e-05
  7.230000e-01 -4.174242e-01  5.028355e+00  6.233733e-05
  9.640000e-01 -4.174242e-01  5.226975e+00  1.299234e-04
  1.205000e+00 -4.174242e-01  5.566845e+00  1.301890e-04
  1.446000e+00 -4.174242e-01  5.531730e+00  7.919429e-05
 -1.325500e+00 -6.261364e-01  3.473929e+00  1.976702e-05
 -1.084500e+00 -6.261364e-01  4.058318e+00  1.164934e-04
 -8.435000e-01 -6.261364e-01  5.701697e+00  1.097794e-04
 -6.025000e-01 -6.261364e-01  3.395090e-01  8.198479e-05
 -3.615000e-01 -6.261364e-01  3.119483e+00  7.085136e-05
 -1.205000e-01 -6.261364e-01  3.031512e+00  1.824088e-04
  1.205000e-01 -6.261364e-01  2.052552e+00  1.515898e-04
  3.615000e-01 -6.261364e-01  5.067032e-01  1.285049e-04
  6.025000e-01 -6.261364e-01  6.141124e+00  5.025133e-05
  8.435000e-01 -6.261364e-01  5.929896e+00  1.228346e-04
  1.084500e+00 -6.261364e-01  5.239483e+00  1.544453e-04
  1.325500e+00 -6.261364e-01  4.223150e+00  5.011534e-05
 -1.205000e+00 -8.348485e-01  1.891536e+00  5.559682e-05
 -9.640000e-01 -8.348485e-01  3.138037e-01  1.428993e-05
 -7.230000e-01 -8.348485e-01  2.361911e+00  6.252874e-05
 -4.820000e-01 -8.348485e-01  1.577510e+00  1.790507e-04
 -2.410000e-01 -8.348485e-01  2.096302e+00  1.160469e-04
  0.000000e+00 -8.348485e-01  3.584883e+00  1.658070e-04
  2.410000e-01 -8.348485e-01  4.873389e+00  1.126688e-04
  4.820000e-01 -8.348485e-01  6.092685e+00  9.879877e-05
  7.230000e-01 -8.348485e-01  5.717713e+00  1.208137e-04
  9.640000e-01 -8.348485e-01  6.234037e+00  1.246075e-04
  1.205000e+00 -8.348485e-01  7.089931e-01  4.254470e-05
 -1.084500e+00 -1.043561e+00  9.394759e-01  2.243894e-04
 -8.435000e-01 -1.043561e+00  1.360676e+00  1.230416e-04
 -6.025000e-01 -1.043561e+00  2.907894e+00  4.693655e-05
 -3.615000e-01 -1.043561e+00  5.461757e+00  3.131693e-05
 -1.205000e-01 -1.043561e+00  4.408657e+00  9.993092e-06
  1.205000e-01 -1.043561e+00  4.511878e+00  9.897992e-05
  3.615000e-01 -1.043561e+00  5.118260e+00  9.685397e-05
  6.025000e-01 -1.043561e+00  5.602982e+00  1.422663e-04
  8.435000e-01 -1.043561e+00  5.292753e+00  1.317510e-04
  1.084500e+00 -1.043561e+00  2.814700e+00  6.167666e-05
 -9.640000e-01 -1.252273e+00  5.813257e+00  6.788793e-05
 -7.230000e-01 -1.252273e+00  5.001411e+00  5.095524e-05
 -4.820000e-01 -1.252273e+00  5.226532e+00  8.921243e-05
 -2.410000e-01 -1.252273e+00  4.188733e+00  7.915748e-05
  0.000000e+00 -1.252273e+00  3.883138e+00  2.078426e-05
  2.410000e-01 -1.252273e+00  2.259078e+00  5.077478e-05
  4.820000e-01 -1.252273e+00  6.132104e+00  1.196428e-04
  7.230000e-01 -1.252273e+00  6.092095e+00  1.391994e-04
  9.640000e-01 -1.252273e+00  4.391484e+00  4.950400e-05
 -6.025000e-01 -1.460985e+00  4.830989e+00  1.718060e-05
 -3.615000e-01 -1.460985e+00  2.320072e+00  2.256984e-05
 -1.205000e-01 -1.460985e+00  2.271024e+00  6.824902e-05
  1.205000e-01 -1.460985e+00  2.594979e+00  3.209555e-05
  3.615000e-01 -1.460985e+00  5.202657e-01  5.896870e-05
  6.025000e-01 -1.460985e+00  6.277632e+00  9.564517e-05
 -6.025000e-01  1.460985e+00  4.397530e+00  6.490866e-05
 -3.615000e-01  1.460985e+00  2.964316e+00  4.677374e-05
 -1.205000e-01  1.460985e+00  3.407904e+00  9.253085e-05
  1.205000e-01  1.460985e+00  6.199080e+00  7.750022e-05
  3.615000e-01  1.460985e+00  1.999968e-02  8.971497e-05
  6.025000e-01  1.460985e+00  8.400520e-01  7.981001e-05
 -9.640000e-01  1.252273e+00  1.120923e+00  5.651103e-05
 -7.230000e-01  1.252273e+00  2.581752e+00  5.380904e-05
 -4.820000e-01  1.252273e+00  3.168328e+00  8.251041e-05
 -2.410000e-01  1.252273e+00  2.629590e+00  1.703750e-04
  0.000000e+00  1.252273e+00  1.814982e-01  5.401057e-05
  2.410000e-01  1.252273e+00  5.629769e+00  1.312431e-04
  4.820000e-01  1.252273e+00  1.562600e+00  5.308547e-05
  7.230000e-01  1.252273e+00  1.707057e+00  1.214037e-04
  9.640000e-01  1.252273e+00  3.476833e+00  2.893313e-05
 -1.084500e+00  1.043561e+00  1.850393e+00  7.110671e-05
 -8.435000e-01  1.043561e+00  1.009575e+00  1.195135e-04
 -6.025000e-01  1.043561e+00  2.338127e+00  1.203078e-04
 -3.615000e-01  1.043561e+00  2.446842e+00  2.311493e-04
 -1.205000e-01  1.043561e+00  7.622928e-01  6.808912e-05
  1.205000e-01  1.043561e+00  5.888603e+00  2.120984e-04
  3.615000e-01  1.043561e+00  2.756541e+00  1.269891e-04
  6.025000e-01  1.043561e+00  1.838967e+00  1.469643e-04
  8.435000e-01  1.043561e+00  1.267602e+00  1.097718e-04
  1.084500e+00  1.043561e+00  7.071653e-01  6.594885e-05
 -1.205000e+00  8.348485e-01  2.060594e+00  7.091760e-05
 -9.640000e-01  8.348485e-01  1.693742e+00  1.002141e-04
 -7.230000e-01  8.348485e-01  1.327252e+00  1.178303e-04
 -4.820000e-01  8.348485e-01  2.654086e+00  2.067583e-04
 -2.410000e-01  8.348485e-01  5.312759e+00  4.295024e-05
  0.000000e+00  8.348485e-01  6.137035e+00  1.849786e-04
  2.410000e-01  8.348485e-01  2.024535e+00  1.198785e-04
  4.820000e-01  8.348485e-01  2.829540e+00  1.486510e-04
  7.230000e-01  8.348485e-01  7.272431e-01  4.163581e-05
  9.640000e-01  8.348485e-01  2.637152e-01  9.709934e-05
  1.205000e+00  8.348485e-01  5.717893e+00  5.962988e-05
 -1.325500e+00  6.261364e-01  4.169762e-01  4.184714e-05
 -1.084500e+00  6.261364e-01  2.771342e+00  1.142443e-04
 -8.435000e-01  6.261364e-01  9.297889e-01  9.893485e-05
 -6.025000e-01  6.261364e-01  3.084207e+00  2.267230e-05
 -3.615000e-01  6.261364e-01  4.469775e+00  1.251170e-04
 -1.205000e-01  6.261364e-01  1.703896e-01  3.030535e-05
  1.205000e-01  6.261364e-01  1.579043e+00  2.231996e-04
  3.615000e-01  6.261364e-01  1.817359e+00  1.594426e-04
  6.025000e-01  6.261364e-01  5.603673e+00  2.347549e-05
  8.435000e-01  6.261364e-01  5.355074e+00  8.668018e-05
  1.084500e+00  6.261364e-01  5.784044e+00  1.475005e-04
  1.325500e+00  6.261364e-01  5.171209e+00  1.448627e-04
 -1.446000e+00  4.174242e-01  9.819749e-01  1.531744e-04
 -1.205000e+00  4.174242e-01  1.921641e+00  1.040288e-04
 -9.640000e-01  4.174242e-01  2.374416e+00  5.071305e-05
 -7.230000e-01  4.174242e-01  6.235167e+00  1.138901e-04
 -4.820000e-01  4.174242e-01  4.689321e+00  4.872717e-05
 -2.410000e-01  4.174242e-01  3.834859e+00  9.969084e-05
  0.000000e+00  4.174242e-01  3.206957e+00  1.503556e-04
  2.410000e-01  4.174242e-01  7.074100e-01  2.151877e-05
  4.820000e-01  4.174242e-01  6.254870e+00  1.101585e-04
  7.230000e-01  4.174242e-01  5.666749e+00  9.707728e-05
  9.640000e-01  4.174242e-01  5.797652e+00  1.286381e-04
  1.205000e+00  4.174242e-01  5.997391e+00  1.553737e-04
  1.446000e+00  4.174242e-01  2.915270e-01  1.541166e-04
 -1.566500e+00  2.087121e-01  2.494884e-01  1.277048e-04
 -1.325500e+00  2.087121e-01  9.335775e-01  1.299536e-04
 -1.084500e+00  2.087121e-01  1.665516e+00  5.484022e-05
 -8.435000e-01  2.087121e-01  6.021179e+00  1.060899e-04
 -6.025000e-01  2.087121e-01  5.735395e+00  1.087560e-04
 -3.615000e-01  2.087121e-01  3.646703e+00  3.473502e-05
 -1.205000e-01  2.087121e-01  2.602275e+00  1.735844e-04
  1.205000e-01  2.087121e-01  3.965604e-01  1.122905e-05
  3.615000e-01  2.087121e-01  4.002376e+00  1.539006e-05
  6.025000e-01  2.087121e-01  7.415036e-01  1.431193e-04
  8.435000e-01  2.087121e-01  8.329733e-01  1.070489e-04
  1.084500e+00  2.087121e-01  3.985485e-01  1.236335e-04
  1.325500e+00  2.087121e-01  6.954389e-01  1.128196e-04
  1.566500e+00  2.087121e-01  2.220051e+00  6.189860e-05
 -1.446000e+00  0.000000e+00  4.925672e+00  1.095223e-04
 -1.205000e+00  0.000000e+00  5.184905e+00  1.484650e-04
 -9.640000e-01  0.000000e+00  5.114845e+00  1.986096e-04
 -7.230000e-01  0.000000e+00  5.477461e+00  1.662636e-04
 -4.820000e-01  0.000000e+00  3.104188e+00  6.045261e-05
 -2.410000e-01  0.000000e+00  2.621103e+00  3.028172e-04
  0.000000e+00  0.000000e+00  1.722147e+00  1.605775e-04
  2.410000e-01  0.000000e+00  1.064590e+00  8.580434e-05
  4.820000e-01  0.000000e+00  1.719227e+00  7.430917e-05
  7.230000e-01  0.000000e+00  7.013422e-01  1.481320e-04
  9.640000e-01  0.000000e+00  7.243180e-01  1.709654e-04
  1.205000e+00  0.000000e+00  6.900790e-01  1.745881e-04
  1.446000e+00  0.000000e+00  8.412890e-01  1.065537e-04
 -1.566500e+00 -2.087121e-01  4.654388e+00  7.528322e-05
 -1.325500e+00 -2.087121e-01  5.210321e+00  1.465264e-04
 -1.084500e+00 -2.087121e-01  5.546617e+00  1.246522e-04
 -8.435000e-01 -2.087121e-01  5.130727e+00  8.365861e-05
 -6.025000e-01 -2.087121e-01  2.779686e+00  1.089028e-04
 -3.615000e-01 -2.087121e-01  2.848217e+00  1.883362e-04
 -1.205000e-01 -2.087121e-01  4.148676e+00  2.049540e-04
  1.205000e-01 -2.087121e-01  5.272179e+00  1.706538e-04
  3.615000e-01 -2.087121e-01  4.493844e+00  8.463409e-05
  6.025000e-01 -2.087121e-01  5.128046e+00  1.618382e-04
  8.435000e-01 -2.087121e-01  5.120752e+00  6.910291e-05
  1.084500e+00 -2.087121e-01  8.496175e-02  1.166554e-04
  1.325500e+00 -2.087121e-01  4.145240e-01  1.002777e-04
  1.566500e+00 -2.087121e-01  2.222460e+00  4.309824e-05
 -1.446000e+00 -4.174242e-01  4.296392e+00  8.610284e-05
 -1.205000e+00 -4.174242e-01  6.110777e+00  1.995229e-05
 -9.640000e-01 -4.174242e-01  1.450341e+00  1.334322e-04
 -7.230000e-01 -4.174242e-01  1.197455e+00  8.411806e-05
 -4.820000e-01 -4.174242e-01  3.885746e+00  1.352825e-04
 -2.410000e-01 -4.174242e-01  4.479422e+00  1.483611e-04
  0.000000e+00 -4.174242e-01  3.973088e+00  1.007493e-04
  2.410000e-01 -4.174242e-01  4.686992e+00  2.320070e-05
  4.820000e-01 -4.174242e-01  5.582033e+00  5.795508e-05
  7.230000e-01 -4.174242e-01  5.251461e+00  7.778761e-05
  9.640000e-01 -4.174242e-01  5.053868e+00  1.428989e-04
  1.205000e+00 -4.174242e-01  5.342933e+00  1.497461e-04
  1.446000e+00 -4.174242e-01  5.210663e+00  6.357633e-05
 -1.325500e+00 -6.261364e-01  2.324954e+00  5.059285e-06
 -1.084500e+00 -6.261364e-01  4.357976e+00  9.895545e-05
 -8.435000e-01 -6.261364e-01  5.327563e+00  8.018341e-05
 -6.025000e-01 -6.261364e-01  6.248125e+00  4.125882e-05
 -3.615000e-01 -6.261364e-01  3.828616e+00  6.694292e-05
 -1.205000e-01 -6.261364e-01  3.161134e+00  1.492617e-04
  1.205000e-01 -6.261364e-01  2.293006e+00  1.218488e-04
  3.615000e-01 -6.261364e-01  5.140425e-01  1.100252e-04
  6.025000e-01 -6.261364e-01  4.685973e-02  6.874040e-05
  8.435000e-01 -6.261364e-01  5.786801e+00  1.479854e-04
  1.084500e+00 -6.261364e-01  5.199846e+00  1.652165e-04
  1.325500e+00 -6.261364e-01  4.396972e+00  6.378736e-05
 -1.205000e+00 -8.348485e-01  1.065936e+00  8.983783e-05
 -9.640000e-01 -8.348485e-01  1.299880e+00  4.661741e-05
 -7.230000e-01 -8.348485e-01  2.336360e+00  5.082260e-05
 -4.820000e-01 -8.348485e-01  1.689056e+00  1.296659e-04
 -2.410000e-01 -8.348485e-01  2.212054e+00  8.861516e-05
  0.000000e+00 -8.348485e-01  3.464396e+00  1.794887e-04
  2.410000e-01 -8.348485e-01  4.987100e+00  9.342049e-05
  4.820000e-01 -8.348485e-01  5.782819e+00  1.274116e-04
  7.230000e-01 -8.348485e-01  5.707121e+00  1.868763e-04
  9.640000e-01 -8.348485e-01  5.956228e+00  1.099653e-04
  1.205000e+00 -8.348485e-01  2.584325e-02  2.050922e-05
 -1.084500e+00 -1.043561e+00  9.433473e-01  2.055573e-04
 -8.435000e-01 -1.043561e+00  1.283529e+00  1.245457e-04
 -6.025000e-01 -1.043561e+00  2.331716e+00  4.641215e-05
 -3.615000e-01 -1.043561e+00  6.137804e+00  2.745297e-05
 -1.205000e-01 -1.043561e+00  3.536887e+00  3.391357e-05
  1.205000e-01 -1.043561e+00  4.695417e+00  1.256577e-04
  3.615000e-01 -1.043561e+00  5.069051e+00  1.498726e-04
  6.025000e-01 -1.043561e+00  5.710514e+00  1.405799e-04
  8.435000e-01 -1.043561e+00  5.572110e+00  1.297577e-04
  1.084500e+00 -1.043561e+00  2.992561e+00  5.855171e-05
 -9.640000e-01 -1.252273e+00  5.428356e+00  7.443401e-05
 -7.230000e-01 -1.252273e+00  4.889673e+00  6.937588e-05
 -4.820000e-01 -1.252273e+00  5.129478e+00  1.047881e-04
 -2.410000e-01 -1.252273e+00  4.388710e+00  9.108549e-05
  0.000000e+00 -1.252273e+00  4.334400e+00  3.284274e-05
  2.410000e-01 -1.252273e+00  1.727766e+00  3.805619e-05
  4.820000e-01 -1.252273e+00  1.642146e-01  8.423361e-05
  7.230000e-01 -1.252273e+00  6.236844e+00  1.568297e-04
  9.640000e-01 -1.252273e+00  5.011729e+00  7.081068e-05
 -6.025000e-01 -1.460985e+00  4.759846e+00  4.887461e-05
 -3.615000e-01 -1.460985e+00  4.683202e+00  3.842174e-05
 -1.205000e-01 -1.460985e+00  2.696081e+00  8.150270e-05
  1.205000e-01 -1.460985e+00  2.543411e+00  2.862816e-05
  3.615000e-01 -1.460985e+00  1.256294e+00  8.691420e-05
  6.025000e-01 -1.460985e+00  5.497029e-03  1.026582e-04
 -6.025000e-01  1.460985e+00  4.772718e+00  8.414735e-05
 -3.615000e-01  1.460985e+00  2.649923e+00  4.110426e-05
 -1.205000e-01  1.460985e+00  3.300505e+00  7.491860e-05
  1.205000e-01  1.460985e+00  6.173882e+00  1.169400e-04
  3.615000e-01  1.460985e+00  2.392712e-01  1.215665e-04
  6.025000e-01  1.460985e+00  1.009353e+00  8.418686e-05
 -9.640000e-01  1.252273e+00  1.495168e+00  4.277139e-05
 -7.230000e-01  1.252273e+00  3.805769e+00  4.871061e-05
 -4.820000e-01  1.252273e+00  3.381281e+00  1.068132e-04
 -2.410000e-01  1.252273e+00  2.589124e+00  1.379261e-04
  0.000000e+00  1.252273e+00  5.991610e+00  7.321680e-05
  2.410000e-01  1.252273e+00  5.958988e+00  1.410423e-04
  4.820000e-01  1.252273e+00  1.073060e+00  7.214982e-05
  7.230000e-01  1.252273e+00  1.778496e+00  8.960143e-05
  9.640000e-01  1.252273e+00  2.046419e+00  3.861398e-05
 -1.084500e+00  1.043561e+00  2.039929e+00  5.863016e-05
 -8.435000e-01  1.043561e+00  6.682642e-01  9.073468e-05
 -6.025000e-01  1.043561e+00  2.603866e+00  1.433640e-04
 -3.615000e-01  1.043561e+00  2.484456e+00  1.981235e-04
 -1.205000e-01  1.043561e+00  6.196489e+00  7.884881e-05
  1.205000e-01  1.043561e+00  5.742446e+00  1.867762e-04
  3.615000e-01  1.043561e+00  2.418972e+00  8.870239e-05
  6.025000e-01  1.043561e+00  1.496773e+00  1.375858e-04
  8.435000e-01  1.043561e+00  1.379148e+00  5.195226e-05
  1.084500e+00  1.043561e+00  3.982112e+00  2.472366e-05
 -1.205000e+00  8.348485e-01  2.411387e+00  7.114285e-05
 -9.640000e-01  8.348485e-01  1.490465e+00  9.939133e-05
 -7.230000e-01  8.348485e-01  1.566895e+00  1.023530e-04
 -4.820000e-01  8.348485e-01  2.832347e+00  2.071963e-04
 -2.410000e-01  8.348485e-01  5.625225e+00  1.114805e-04
  0.000000e+00  8.348485e-01  6.167599e+00  1.401216e-04
  2.410000e-01  8.348485e-01  2.169900e+00  7.518652e-05
  4.820000e-01  8.348485e-01  2.773346e+00  1.180984e-04
  7.230000e-01  8.348485e-01  4.975062e-01  1.260769e-04
  9.640000e-01  8.348485e-01  2.219893e-01  5.515720e-05
  1.205000e+00  8.348485e-01  5.750799e+00  2.958098e-05
 -1.325500e+00  6.261364e-01  2.314872e+00  7.525831e-05
 -1.084500e+00  6.261364e-01  2.568269e+00  1.558783e-04
 -8.435000e-01  6.261364e-01  7.020837e-01  1.477467e-04
 -6.025000e-01  6.261364e-01  3.682740e+00  6.755356e-05
 -3.615000e-01  6.261364e-01  4.837151e+00  1.622510e-04
 -1.205000e-01  6.261364e-01  2.922428e+00  3.077252e-05
  1.205000e-01  6.261364e-01  1.325663e+00  2.164033e-04
  3.615000e-01  6.261364e-01  2.033860e+00  7.342030e-05
  6.025000e-01  6.261364e-01  4.918227e+00  7.969175e-05
  8.435000e-01  6.261364e-01  5.608290e+00  1.038252e-04
  1.084500e+00  6.261364e-01  5.686493e+00  5.135868e-05
  1.325500e+00  6.261364e-01  5.351612e+00  1.453619e-04
 -1.446000e+00  4.174242e-01  1.238802e+00  1.648416e-04
 -1.205000e+00  4.174242e-01  2.219022e+00  1.340062e-04
 -9.640000e-01  4.174242e-01  5.862541e-01  1.253750e-05
 -7.230000e-01  4.174242e-01  6.084144e+00  1.591865e-04
 -4.820000e-01  4.174242e-01  4.657562e+00  8.301868e-05
 -2.410000e-01  4.174242e-01  3.868921e+00  1.101997e-04
  0.000000e+00  4.174242e-01  3.791147e+00  1.666760e-04
  2.410000e-01  4.174242e-01  5.672272e+00  1.188513e-04
  4.820000e-01  4.174242e-01  6.049268e+00  6.496488e-05
  7.230000e-01  4.174242e-01  5.623861e+00  1.587783e-04
  9.640000e-01  4.174242e-01  4.650946e+00  7.223098e-05
  1.205000e+00  4.174242e-01  6.188894e+00  1.318572e-04
  1.446000e+00  4.174242e-01  4.352004e-01  2.157908e-04
 -1.566500e+00  2.087121e-01  3.048888e-01  7.169800e-05
 -1.325500e+00  2.087121e-01  1.273971e+00  1.117490e-04
 -1.084500e+00  2.087121e-01  1.138983e+00  5.314368e-05
 -8.435000e-01  2.087121e-01  5.941681e+00  1.881578e-04
 -6.025000e-01  2.087121e-01  5.459660e+00  7.867609e-05
 -3.615000e-01  2.087121e-01  5.119951e+00  2.528627e-05
 -1.205000e-01  2.087121e-01  3.390490e+00  9.840786e-05
  1.205000e-01  2.087121e-01  4.841946e+00  4.361720e-05
  3.615000e-01  2.087121e-01  2.407261e+00  7.496576e-05
  6.025000e-01  2.087121e-01  8.863917e-01  1.710523e-04
  8.435000e-01  2.087121e-01  1.257337e+00  1.446065e-04
  1.084500e+00  2.087121e-01  1.665849e+00  8.254090e-05
  1.325500e+00  2.087121e-01  7.694720e-01  1.560141e-04
  1.566500e+00  2.087121e-01  2.074179e+00  1.051261e-04
 -1.446000e+00  0.000000e+00  4.416507e+00  1.511782e-04
 -1.205000e+00  0.000000e+00  4.984825e+00  1.544099e-04
 -9.640000e-01  0.000000e+00  5.459813e+00  2.183671e-04
 -7.230000e-01  0.000000e+00  5.677617e+00  1.421686e-04
 -4.820000e-01  0.000000e+00  2.558275e+00  5.494401e-05
 -2.410000e-01  0.000000e+00  2.385699e+00  2.042779e-04
  0.000000e+00  0.000000e+00  1.891924e+00  2.306759e-04
  2.410000e-01  0.000000e+00  1.728470e+00  1.428560e-04
  4.820000e-01  0.000000e+00  1.741446e+00  7.709736e-05
  7.230000e-01  0.000000e+00  8.168455e-01  1.739008e-04
  9.640000e-01  0.000000e+00  1.203736e+00  1.323528e-04
  1.205000e+00  0.000000e+00  6.005736e-01  1.300140e-04
  1.446000e+00  0.000000e+00  6.029621e-01  7.350493e-05
 -1.566500e+00 -2.087121e-01  4.614647e+00  6.375831e-05
 -1.325500e+00 -2.087121e-01  4.833884e+00  1.609099e-04
 -1.084500e+00 -2.087121e-01  5.210295e+00  1.692464e-04
 -8.435000e-01 -2.087121e-01  5.433597e+00  8.317819e-05
 -6.025000e-01 -2.087121e-01  2.736028e+00  1.203441e-04
 -3.615000e-01 -2.087121e-01  2.539258e+00  1.483353e-04
 -1.205000e-01 -2.087121e-01  3.504002e+00  1.156931e-04
  1.205000e-01 -2.087121e-01  5.278867e+00  9.383865e-05
  3.615000e-01 -2.087121e-01  4.946676e+00  1.062480e-04
  6.025000e-01 -2.087121e-01  4.924435e+00  1.775398e-04
  8.435000e-01 -2.087121e-01  4.854366e+00  9.926422e-05
  1.084500e+00 -2.087121e-01  5.837906e+00  9.098755e-05
  1.325500e+00 -2.087121e-01  6.103583e+00  8.944382e-05
  1.566500e+00 -2.087121e-01  3.596590e-01  1.939049e-05
 -1.446000e+00 -4.174242e-01  4.376937e+00  4.812979e-05
 -1.205000e+00 -4.174242e-01  5.644066e+00  3.180024e-05
 -9.640000e-01 -4.174242e-01  1.421893e+00  6.646133e-05
 -7.230000e-01 -4.174242e-01  1.814803e+00  6.627730e-05
 -4.820000e-01 -4.174242e-01  3.563675e+00  9.506385e-05
 -2.410000e-01 -4.174242e-01  4.384619e+00  1.053694e-04
  0.000000e+00 -4.174242e-01  4.248338e+00  1.059566e-04
  2.410000e-01 -4.174242e-01  5.435749e+00  6.287564e-05
  4.820000e-01 -4.174242e-01  5.820499e+00  6.627496e-05
  7.230000e-01 -4.174242e-01  5.164788e+00  6.862925e-05
  9.640000e-01 -4.174242e-01  4.874227e+00  1.282485e-04
  1.205000e+00 -4.174242e-01  5.205255e+00  1.438504e-04
  1.446000e+00 -4.174242e-01  4.994453e+00  5.819046e-05
 -1.325500e+00 -6.261364e-01  4.568376e-01  2.316057e-05
 -1.084500e+00 -6.261364e-01  4.660777e+00  6.352496e-05
 -8.435000e-01 -6.261364e-01  4.418366e+00  5.172183e-05
 -6.025000e-01 -6.261364e-01  4.234347e+00  1.223575e-05
 -3.615000e-01 -6.261364e-01  4.135296e+00  6.325023e-05
 -1.205000e-01 -6.261364e-01  3.495538e+00  7.894478e-05
  1.205000e-01 -6.261364e-01  2.461766e+00  9.232746e-05
  3.615000e-01 -6.261364e-01  7.207632e-01  1.051415e-04
  6.025000e-01 -6.261364e-01  3.725248e-01  7.052301e-05
  8.435000e-01 -6.261364e-01  5.668304e+00  1.427825e-04
  1.084500e+00 -6.261364e-01  5.083709e+00  1.546190e-04
  1.325500e+00 -6.261364e-01  4.377259e+00  5.979827e-05
 -1.205000e+00 -8.348485e-01  8.935414e-01  1.000080e-04
 -9.640000e-01 -8.348485e-01  1.641431e+00  8.249464e-05
 -7.230000e-01 -8.348485e-01  2.356348e+00  4.255545e-05
 -4.820000e-01 -8.348485e-01  1.955832e+00  5.248815e-05
 -2.410000e-01 -8.348485e-01  2.859637e+00  2.336892e-05
  0.000000e+00 -8.348485e-01  3.386453e+00  1.677968e-04
  2.410000e-01 -8.348485e-01  5.156238e+00  6.217977e-05
  4.820000e-01 -8.348485e-01  5.649254e+00  1.489599e-04
  7.230000e-01 -8.348485e-01  5.761835e+00  1.935117e-04
  9.640000e-01 -8.348485e-01  5.853342e+00  9.074493e-05
  1.205000e+00 -8.348485e-01  4.887169e+00  2.540533e-05
 -1.084500e+00 -1.043561e+00  1.135750e+00  1.465591e-04
 -8.435000e-01 -1.043561e+00  1.189096e+00  1.076964e-04
 -6.025000e-01 -1.043561e+00  1.859141e+00  5.025039e-05
 -3.615000e-01 -1.043561e+00  6.162150e+00  5.798827e-05
 -1.205000e-01 -1.043561e+00  3.639248e+00  7.088392e-05
  1.205000e-01 -1.043561e+00  4.735910e+00  1.445873e-04
  3.615000e-01 -1.043561e+00  5.085490e+00  1.807496e-04
  6.025000e-01 -1.043561e+00  5.730445e+00  9.732044e-05
  8.435000e-01 -1.043561e+00  5.814162e+00  1.175250e-04
  1.084500e+00 -1.043561e+00  2.893698e+00  5.608797e-05
 -9.640000e-01 -1.252273e+00  5.406291e+00  5.695198e-05
 -7.230000e-01 -1.252273e+00  4.892856e+00  8.065865e-05
 -4.820000e-01 -1.252273e+00  5.256546e+00  1.127395e-04
 -2.410000e-01 -1.252273e+00  4.772627e+00  7.202627e-05
  0.000000e+00 -1.252273e+00  4.320920e+00  4.917735e-05
  2.410000e-01 -1.252273e+00  1.084166e+00  2.111373e-05
  4.820000e-01 -1.252273e+00  7.371080e-01  5.160638e-05
  7.230000e-01 -1.252273e+00  6.176742e+00  1.514832e-04
  9.640000e-01 -1.252273e+00  5.170158e+00  1.205956e-04
 -6.025000e-01 -1.460985e+00  4.624227e+00  9.257927e-05
 -3.615000e-01 -1.460985e+00  4.960893e+00  7.544164e-05
 -1.205000e-01 -1.460985e+00  2.648010e+00  9.108479e-05
  1.205000e-01 -1.460985e+00  2.852256e+00  1.103529e-05
  3.615000e-01 -1.460985e+00  1.624436e+00  1.146808e-04
  6.025000e-01 -1.460985e+00  6.165958e+00  1.044721e-04
 -6.025000e-01  1.460985e+00  4.986803e+00  8.517346e-05
 -3.615000e-01  1.460985e+00  2.012769e+00  4.771272e-05
 -1.205000e-01  1.460985e+00  2.471238e+00  4.927193e-05
  1.205000e-01  1.460985e+00  9.037544e-02  1.313366e-04
  3.615000e-01  1.460985e+00  2.113037e-01  1.272019e-04
  6.025000e-01  1.460985e+00  1.060628e+00  7.369622e-05
 -9.640000e-01  1.252273e+00  2.127153e+00  1.662781e-05
 -7.230000e-01  1.252273e+00  4.328122e+00  6.498284e-05
 -4.820000e-01  1.252273e+00  3.390977e+00  1.143169e-04
 -2.410000e-01  1.252273e+00  2.553689e+00  8.235742e-05
  0.000000e+00  1.252273e+00  5.811507e+00  9.746077e-05
  2.410000e-01  1.252273e+00  6.226043e+00  1.589344e-04
  4.820000e-01  1.252273e+00  7.176968e-01  8.539341e-05
  7.230000e-01  1.252273e+00  2.186132e+00  7.138401e-05
  9.640000e-01  1.252273e+00  1.646769e+00  4.820368e-05
 -1.084500e+00  1.043561e+00  2.755814e+00  3.819082e-05
 -8.435000e-01  1.043561e+00  6.102633e+00  5.515770e-05
 -6.025000e-01  1.043561e+00  2.965186e+00  1.261708e-04
 -3.615000e-01  1.043561e+00  2.799410e+00  1.057123e-04
 -1.205000e-01  1.043561e+00  5.553652e+00  1.277003e-04
  1.205000e-01  1.043561e+00  5.452838e+00  1.586732e-04
  3.615000e-01  1.043561e+00  1.745937e+00  6.479929e-05
  6.025000e-01  1.043561e+00  1.334524e+00  1.355805e-04
  8.435000e-01  1.043561e+00  1.766530e+00  4.858216e-06
  1.084500e+00  1.043561e+00  4.251470e+00  6.431457e-05
 -1.205000e+00  8.348485e-01  2.980481e+00  5.045262e-05
 -9.640000e-01  8.348485e-01  1.290064e+00  6.705477e-05
 -7.230000e-01  8.348485e-01  1.817857e+00  5.960537e-05
 -4.820000e-01  8.348485e-01  3.160738e+00  1.563915e-04
 -2.410000e-01  8.348485e-01  5.625472e+00  1.289084e-04
  0.000000e+00  8.348485e-01  1.537398e-01  9.187048e-05
  2.410000e-01  8.348485e-01  2.788834e+00  3.988278e-05
  4.820000e-01  8.348485e-01  2.707711e+00  8.538202e-05
  7.230000e-01  8.348485e-01  3.954242e-01  1.643844e-04
  9.640000e-01  8.348485e-01  6.227252e+00  3.440131e-05
  1.205000e+00  8.348485e-01  1.632027e-02  1.179851e-05
 -1.325500e+00  6.261364e-01  2.601827e+00  1.496550e-04
 -1.084500e+00  6.261364e-01  2.451514e+00  1.587924e-04
 -8.435000e-01  6.261364e-01  6.478350e-01  1.441015e-04
 -6.025000e-01  6.261364e-01  3.925359e+00  6.748647e-05
 -3.615000e-01  6.261364e-01  4.957112e+00  1.682145e-04
 -1.205000e-01  6.261364e-01  3.377087e+00  8.081236e-05
  1.205000e-01  6.261364e-01  9.437311e-01  1.721565e-04
  3.615000e-01  6.261364e-01  3.932734e+00  4.889264e-05
  6.025000e-01  6.261364e-01  4.750672e+00  1.145748e-04
  8.435000e-01  6.261364e-01  5.842125e+00  1.175659e-04
  1.084500e+00  6.261364e-01  2.936091e+00  2.510271e-05
  1.325500e+00  6.261364e-01  5.759124e+00  1.341945e-04
 -1.446000e+00  4.174242e-01  1.603121e+00  1.577452e-04
 -1.205000e+00  4.174242e-01  2.290794e+00  1.551677e-04
 -9.640000e-01  4.174242e-01  6.231137e+00  4.740866e-05
 -7.230000e-01  4.174242e-01  5.913918e+00  1.806226e-04
 -4.820000e-01  4.174242e-01  4.823961e+00  1.147419e-04
 -2.410000e-01  4.174242e-01  4.050135e+00  1.144116e-04
  0.000000e+00  4.174242e-01  4.253558e+00  1.998666e-04
  2.410000e-01  4.174242e-01  5.535311e+00  1.672840e-04
  4.820000e-01  4.174242e-01  3.945353e+00  2.055443e-05
  7.230000e-01  4.174242e-01  5.630950e+00  1.844835e-04
  9.640000e-01  4.174242e-01  3.829079e+00  1.102718e-04
  1.205000e+00  4.174242e-01  2.500907e-01  1.016764e-04
  1.446000e+00  4.174242e-01  5.215025e-01  2.364694e-04
 -1.566500e+00  2.087121e-01  2.382043e+00  2.059646e-05
 -1.325500e+00  2.087121e-01  1.945890e+00  8.490394e-05
 -1.084500e+00  2.087121e-01  3.576440e-01  5.145630e-05
 -8.435000e-01  2.087121e-01  5.926354e+00  2.349670e-04
 -6.025000e-01  2.087121e-01  5.306916e+00  7.461515e-05
 -3.615000e-01  2.087121e-01  5.382151e+00  6.602535e-05
 -1.205000e-01  2.087121e-01  4.424229e+00  1.393878e-04
  1.205000e-01  2.087121e-01  4.499994e+00  1.022517e-04
  3.615000e-01  2.087121e-01  2.545480e+00  1.168272e-04
  6.025000e-01  2.087121e-01  8.924461e-01  1.378543e-04
  8.435000e-01  2.087121e-01  1.371463e+00  1.476200e-04
  1.084500e+00  2.087121e-01  2.406472e+00  1.530023e-04
  1.325500e+00  2.087121e-01  7.909070e-01  1.783207e-04
  1.566500e+00  2.087121e-01  1.879988e+00  1.245473e-04
 -1.446000e+00  0.000000e+00  4.200367e+00  1.991689e-04
 -1.205000e+00  0.000000e+00  4.791529e+00  1.499144e-04
 -9.640000e-01  0.000000e+00  5.642507e+00  2.226767e-04
 -7.230000e-01  0.000000e+00  5.910574e+00  1.231763e-04
 -4.820000e-01  0.000000e+00  1.478574e+00  5.067851e-05
 -2.410000e-01  0.000000e+00  1.708118e+00  8.292397e-05
  0.000000e+00  0.000000e+00  2.067875e+00  2.265503e-04
  2.410000e-01  0.000000e+00  2.145493e+00  1.807531e-04
  4.820000e-01  0.000000e+00  2.130789e+00  5.474385e-05
  7.230000e-01  0.000000e+00  8.903842e-01  1.418787e-04
  9.640000e-01  0.000000e+00  1.962860e+00  1.121775e-04
  1.205000e+00  0.000000e+00  4.153356e-01  7.118747e-05
  1.446000e+00  0.000000e+00  3.852956e-01  4.020068e-05
 -1.566500e+00 -2.087121e-01  4.021680e+00  6.092439e-05
 -1.325500e+00 -2.087121e-01  4.431450e+00  1.712849e-04
 -1.084500e+00 -2.087121e-01  5.036843e+00  1.839439e-04
 -8.435000e-01 -2.087121e-01  5.812471e+00  7.322319e-05
 -6.025000e-01 -2.087121e-01  2.516053e+00  9.765035e-05
 -3.615000e-01 -2.087121e-01  1.810891e+00  1.315698e-04
 -1.205000e-01 -2.087121e-01  2.199314e+00  1.488130e-04
  1.205000e-01 -2.087121e-01  2.258973e+00  2.087191e-05
  3.615000e-01 -2.087121e-01  5.111098e+00  1.030336e-04
  6.025000e-01 -2.087121e-01  4.790316e+00  1.632585e-04
  8.435000e-01 -2.087121e-01  4.480928e+00  9.942760e-05
  1.084500e+00 -2.087121e-01  5.249660e+00  7.216809e-05
  1.325500e+00 -2.087121e-01  5.464724e+00  1.049777e-04
  1.566500e+00 -2.087121e-01  5.439443e+00  4.481994e-05
 -1.446000e+00 -4.174242e-01  1.551228e+00  1.429960e-05
 -1.205000e+00 -4.174242e-01  5.261938e+00  3.784308e-05
 -9.640000e-01 -4.174242e-01  3.564913e+00  7.963349e-06
 -7.230000e-01 -4.174242e-01  2.331442e+00  7.265250e-05
 -4.820000e-01 -4.174242e-01  2.743137e+00  5.888100e-05
 -2.410000e-01 -4.174242e-01  3.218428e+00  2.927451e-05
  0.000000e+00 -4.174242e-01  4.739698e+00  5.473960e-05
  2.410000e-01 -4.174242e-01  5.629826e+00  8.275766e-05
  4.820000e-01 -4.174242e-01  5.809976e+00  7.223534e-05
  7.230000e-01 -4.174242e-01  4.316292e+00  6.307099e-05
  9.640000e-01 -4.174242e-01  4.557985e+00  1.041267e-04
  1.205000e+00 -4.174242e-01  5.227935e+00  1.183892e-04
  1.446000e+00 -4.174242e-01  5.207135e+00  5.470227e-05
 -1.325500e+00 -6.261364e-01  4.047635e-01  6.200150e-05
 -1.084500e+00 -6.261364e-01  5.443613e+00  2.595935e-05
 -8.435000e-01 -6.261364e-01  3.473348e+00  7.422204e-05
 -6.025000e-01 -6.261364e-01  3.155818e+00  3.972956e-05
 -3.615000e-01 -6.261364e-01  4.015904e+00  4.467733e-05
 -1.205000e-01 -6.261364e-01  4.922539e+00  4.510549e-05
  1.205000e-01 -6.261364e-01  2.370641e+00  6.334347e-05
  3.615000e-01 -6.261364e-01  8.307392e-01  1.241372e-04
  6.025000e-01 -6.261364e-01  8.572542e-01  6.433007e-05
  8.435000e-01 -6.261364e-01  5.411292e+00  9.226692e-05
  1.084500e+00 -6.261364e-01  4.872814e+00  1.325214e-04
  1.325500e+00 -6.261364e-01  3.843082e+00  4.697468e-05
 -1.205000e+00 -8.348485e-01  9.709068e-01  8.593328e-05
 -9.640000e-01 -8.348485e-01  1.807361e+00  1.193633e-04
 -7.230000e-01 -8.348485e-01  2.346422e+00  5.669734e-05
 -4.820000e-01 -8.348485e-01  3.063235e+00  1.307274e-05
 -2.410000e-01 -8.348485e-01  5.147127e+00  4.944726e-05
  0.000000e+00 -8.348485e-01  3.341844e+00  1.229983e-04
  2.410000e-01 -8.348485e-01  5.567219e+00  3.807114e-05
  4.820000e-01 -8.348485e-01  5.690041e+00  1.414602e-04
  7.230000e-01 -8.348485e-01  5.893139e+00  1.120454e-04
  9.640000e-01 -8.348485e-01  6.213400e+00  6.732303e-05
  1.205000e+00 -8.348485e-01  4.660730e+00  3.811456e-05
 -1.084500e+00 -1.043561e+00  1.468549e+00  1.155790e-04
 -8.435000e-01 -1.043561e+00  1.229259e+00  9.387964e-05
 -6.025000e-01 -1.043561e+00  1.592530e+00  5.206306e-05
 -3.615000e-01 -1.043561e+00  6.019651e+00  9.910935e-05
 -1.205000e-01 -1.043561e+00  3.883438e+00  8.402542e-05
  1.205000e-01 -1.043561e+00  4.715644e+00  1.405887e-04
  3.615000e-01 -1.043561e+00  5.194988e+00  1.631669e-04
  6.025000e-01 -1.043561e+00  5.545035e+00  3.371661e-05
  8.435000e-01 -1.043561e+00  5.728354e+00  8.504790e-05
  1.084500e+00 -1.043561e+00  2.681649e+00  4.749187e-05
 -9.640000e-01 -1.252273e+00  6.122580e+00  3.015172e-05
 -7.230000e-01 -1.252273e+00  5.025328e+00  6.821289e-05
 -4.820000e-01 -1.252273e+00  5.559538e+00  1.185974e-04
 -2.410000e-01 -1.252273e+00  5.573803e+00  6.720118e-05
  0.000000e+00 -1.252273e+00  4.361346e+00  6.231554e-05
  2.410000e-01 -1.252273e+00  5.093418e+00  1.541572e-05
  4.820000e-01 -1.252273e+00  1.423282e+00  3.776850e-05
  7.230000e-01 -1.252273e+00  6.001253e+00  1.259373e-04
  9.640000e-01 -1.252273e+00  5.109284e+00  1.467647e-04
 -6.025000e-01 -1.460985e+00  4.602847e+00  1.097474e-04
 -3.615000e-01 -1.460985e+00  5.383833e+00  7.725019e-05
 -1.205000e-01 -1.460985e+00  2.304991e+00  7.073252e-05
  1.205000e-01 -1.460985e+00  5.132106e+00  1.621610e-05
  3.615000e-01 -1.460985e+00  1.969086e+00  1.014977e-04
  6.025000e-01 -1.460985e+00  6.041763e+00  8.860426e-05
 -6.025000e-01  1.460985e+00  5.299722e+00  4.972932e-05
 -3.615000e-01  1.460985e+00  1.648560e+00  7.033799e-05
 -1.205000e-01  1.460985e+00  1.596569e+00  7.881392e-05
  1.205000e-01  1.460985e+00  2.953362e-01  1.239395e-04
  3.615000e-01  1.460985e+00  3.400651e-02  1.115493e-04
  6.025000e-01  1.460985e+00  1.044939e+00  5.730847e-05
 -9.640000e-01  1.252273e+00  4.037625e+00  2.113998e-05
 -7.230000e-01  1.252273e+00  4.631853e+00  5.120469e-05
 -4.820000e-01  1.252273e+00  3.172181e+00  9.053596e-05
 -2.410000e-01  1.252273e+00  2.174675e+00  2.089871e-05
  0.000000e+00  1.252273e+00  5.789197e+00  1.047163e-04
  2.410000e-01  1.252273e+00  1.348740e-01  1.672671e-04
  4.820000e-01  1.252273e+00  4.908875e-01  8.681233e-05
  7.230000e-01  1.252273e+00  2.653939e+00  8.106140e-05
  9.640000e-01  1.252273e+00  1.013399e+00  3.016212e-05
 -1.084500e+00  1.043561e+00  3.734785e+00  4.959710e-05
 -8.435000e-01  1.043561e+00  5.044254e+00  7.162085e-05
 -6.025000e-01  1.043561e+00  3.667002e+00  9.690752e-05
 -3.615000e-01  1.043561e+00  4.328772e+00  6.775439e-05
 -1.205000e-01  1.043561e+00  5.300484e+00  1.539266e-04
  1.205000e-01  1.043561e+00  5.205673e+00  1.189848e-04
  3.615000e-01  1.043561e+00  1.046083e+00  7.815135e-05
  6.025000e-01  1.043561e+00  1.386605e+00  1.278604e-04
  8.435000e-01  1.043561e+00  5.465518e+00  1.594909e-05
  1.084500e+00  1.043561e+00  5.111513e+00  6.047727e-05
 -1.205000e+00  8.348485e-01  3.933682e+00  5.166149e-05
 -9.640000e-01  8.348485e-01  1.477158e-01  1.566265e-05
 -7.230000e-01  8.348485e-01  3.434011e+00  9.071635e-06
 -4.820000e-01  8.348485e-01  3.744541e+00  1.050694e-04
 -2.410000e-01  8.348485e-01  5.585228e+00  7.595367e-05
  0.000000e+00  8.348485e-01  8.445702e-01  7.392752e-05
  2.410000e-01  8.348485e-01  4.273424e+00  2.835324e-05
  4.820000e-01  8.348485e-01  2.688580e+00  5.763855e-05
  7.230000e-01  8.348485e-01  3.677117e-01  1.442630e-04
  9.640000e-01  8.348485e-01  4.745390e-02  5.604093e-05
  1.205000e+00  8.348485e-01  1.020063e+00  2.435558e-05
 -1.325500e+00  6.261364e-01  2.710928e+00  1.644264e-04
 -1.084500e+00  6.261364e-01  2.397132e+00  1.156212e-04
 -8.435000e-01  6.261364e-01  6.716112e-01  8.566567e-05
 -6.025000e-01  6.261364e-01  4.213201e+00  3.689044e-05
 -3.615000e-01  6.261364e-01  4.899559e+00  1.277130e-04
 -1.205000e-01  6.261364e-01  3.731902e+00  1.138407e-04
  1.205000e-01  6.261364e-01  3.507106e-01  1.402667e-04
  3.615000e-01  6.261364e-01  4.428249e+00  8.779466e-05
  6.025000e-01  6.261364e-01  4.513652e+00  1.106984e-04
  8.435000e-01  6.261364e-01  6.017002e+00  1.216416e-04
  1.084500e+00  6.261364e-01  2.512317e+00  4.727834e-05
  1.325500e+00  6.261364e-01  6.229731e+00  1.328730e-04
 -1.446000e+00  4.174242e-01  2.020065e+00  1.344062e-04
 -1.205000e+00  4.174242e-01  2.257014e+00  1.425850e-04
 -9.640000e-01  4.174242e-01  5.243154e-02  5.795298e-05
 -7.230000e-01  4.174242e-01  5.685487e+00  1.622141e-04
 -4.820000e-01  4.174242e-01  4.961878e+00  1.365701e-04
 -2.410000e-01  4.174242e-01  4.230121e+00  1.117094e-04
  0.000000e+00  4.174242e-01  4.448014e+00  1.938307e-04
  2.410000e-01  4.174242e-01  5.585456e+00  1.278596e-04
  4.820000e-01  4.174242e-01  2.841631e+00  7.351997e-05
  7.230000e-01  4.174242e-01  5.749403e+00  1.584695e-04
  9.640000e-01  4.174242e-01  3.527675e+00  1.061083e-04
  1.205000e+00  4.174242e-01  6.849496e-01  9.962301e-05
  1.446000e+00  4.174242e-01  5.976894e-01  2.156927e-04
 -1.566500e+00  2.087121e-01  3.111275e+00  8.086180e-05
 -1.325500e+00  2.087121e-01  2.864845e+00  8.605651e-05
 -1.084500e+00  2.087121e-01  5.876258e+00  6.507748e-05
 -8.435000e-01  2.087121e-01  5.880417e+00  2.229070e-04
 -6.025000e-01  2.087121e-01  5.232879e+00  8.288469e-05
 -3.615000e-01  2.087121e-01  5.097598e+00  8.796285e-05
 -1.205000e-01  2.087121e-01  4.609032e+00  1.823786e-04
  1.205000e-01  2.087121e-01  4.290826e+00  1.416234e-04
  3.615000e-01  2.087121e-01  2.765343e+00  1.033779e-04
  6.025000e-01  2.087121e-01  6.635366e-01  7.330273e-05
  8.435000e-01  2.087121e-01  1.331551e+00  1.139057e-04
  1.084500e+00  2.087121e-01  2.525137e+00  1.750486e-04
  1.325500e+00  2.087121e-01  7.722331e-01  1.771034e-04
  1.566500e+00  2.087121e-01  1.688761e+00  1.246933e-04
 -1.446000e+00  0.000000e+00  4.154523e+00  2.154226e-04
 -1.205000e+00  0.000000e+00  4.574644e+00  1.389798e-04
 -9.640000e-01  0.000000e+00  5.694970e+00  1.898308e-04
 -7.230000e-01  0.000000e+00  6.006921e+00  1.006443e-04
 -4.820000e-01  0.000000e+00  9.537731e-01  6.868361e-05
 -2.410000e-01  0.000000e+00  1.003028e-01  7.756819e-05
  0.000000e+00  0.000000e+00  2.455813e+00  1.694760e-04
  2.410000e-01  0.000000e+00  2.491217e+00  1.645640e-04
  4.820000e-01  0.000000e+00  3.389163e+00  4.060777e-05
  7.230000e-01  0.000000e+00  9.378842e-01  7.091286e-05
  9.640000e-01  0.000000e+00  2.603603e+00  1.048796e-04
  1.205000e+00  0.000000e+00  5.854454e+00  3.814001e-05
  1.446000e+00  0.000000e+00  5.956064e+00  1.151792e-05
 -1.566500e+00 -2.087121e-01  3.558156e+00  7.728675e-05
 -1.325500e+00 -2.087121e-01  4.067432e+00  1.710252e-04
 -1.084500e+00 -2.087121e-01  4.880236e+00  1.493814e-04
 -8.435000e-01 -2.087121e-01  6.265713e+00  6.381299e-05
 -6.025000e-01 -2.087121e-01  2.241333e+00  7.933136e-05
 -3.615000e-01 -2.087121e-01  1.390238e+00  1.663258e-04
 -1.205000e-01 -2.087121e-01  1.807493e+00  2.363285e-04
  1.205000e-01 -2.087121e-01  2.295355e+00  1.081285e-04
  3.615000e-01 -2.087121e-01  5.266161e+00  9.309868e-05
  6.025000e-01 -2.087121e-01  4.647926e+00  1.376681e-04
  8.435000e-01 -2.087121e-01  4.071690e+00  9.153923e-05
  1.084500e+00 -2.087121e-01  5.038578e+00  6.047912e-05
  1.325500e+00 -2.087121e-01  5.133733e+00  1.271953e-04
  1.566500e+00 -2.087121e-01  5.161735e+00  7.484637e-05
 -1.446000e+00 -4.174242e-01  1.612427e+00  7.676093e-05
 -1.205000e+00 -4.174242e-01  4.770726e+00  2.672765e-05
 -9.640000e-01 -4.174242e-01  4.159317e+00  5.245139e-05
 -7.230000e-01 -4.174242e-01  2.399072e+00  8.740356e-05
 -4.820000e-01 -4.174242e-01  2.128345e+00  8.477612e-05
 -2.410000e-01 -4.174242e-01  1.678812e+00  8.083056e-05
  0.000000e+00 -4.174242e-01  6.213554e+00  4.080623e-05
  2.410000e-01 -4.174242e-01  5.738901e+00  1.018756e-04
  4.820000e-01 -4.174242e-01  5.513546e+00  8.677438e-05
  7.230000e-01 -4.174242e-01  3.911039e+00  1.250744e-04
  9.640000e-01 -4.174242e-01  4.291001e+00  1.058207e-04
  1.205000e+00 -4.174242e-01  5.443431e+00  9.096205e-05
  1.446000e+00 -4.174242e-01  5.696015e+00  5.523128e-05
 -1.325500e+00 -6.261364e-01  5.587181e-01  1.062139e-04
 -1.084500e+00 -6.261364e-01  7.829917e-01  3.799704e-05
 -8.435000e-01 -6.261364e-01  3.065151e+00  1.113912e-04
 -6.025000e-01 -6.261364e-01  2.756956e+00  5.725709e-05
 -3.615000e-01 -6.261364e-01  3.614900e+00  3.214474e-05
 -1.205000e-01 -6.261364e-01  5.666244e+00  8.879469e-05
  1.205000e-01 -6.261364e-01  1.794390e+00  3.051254e-05
  3.615000e-01 -6.261364e-01  6.731200e-01  1.402633e-04
  6.025000e-01 -6.261364e-01  1.249032e+00  6.258687e-05
  8.435000e-01 -6.261364e-01  4.399062e+00  5.162430e-05
  1.084500e+00 -6.261364e-01  4.542548e+00  1.075233e-04
  1.325500e+00 -6.261364e-01  3.062093e+00  5.548412e-05
 -1.205000e+00 -8.348485e-01  1.224979e+00  7.407652e-05
 -9.640000e-01 -8.348485e-01  1.882002e+00  1.471325e-04
 -7.230000e-01 -8.348485e-01  2.325512e+00  7.482032e-05
 -4.820000e-01 -8.348485e-01  4.842377e+00  1.626215e-05
 -2.410000e-01 -8.348485e-01  5.372479e+00  9.090947e-05
  0.000000e+00 -8.348485e-01  3.637096e+00  5.930132e-05
  2.410000e-01 -8.348485e-01  5.863137e+00  4.765370e-05
  4.820000e-01 -8.348485e-01  5.804183e+00  1.045057e-04
  7.230000e-01 -8.348485e-01  1.408348e+00  3.416582e-05
  9.640000e-01 -8.348485e-01  9.230127e-01  7.262475e-05
  1.205000e+00 -8.348485e-01  4.726497e+00  2.643713e-05
 -1.084500e+00 -1.043561e+00  1.623773e+00  1.133546e-04
 -8.435000e-01 -1.043561e+00  1.420887e+00  8.775191e-05
 -6.025000e-01 -1.043561e+00  1.255307e+00  5.321628e-05
 -3.615000e-01 -1.043561e+00  5.954903e+00  1.285201e-04
 -1.205000e-01 -1.043561e+00  4.403693e+00  7.801421e-05
  1.205000e-01 -1.043561e+00  4.765003e+00  1.160943e-04
  3.615000e-01 -1.043561e+00  5.391335e+00  1.098245e-04
  6.025000e-01 -1.043561e+00  3.172014e+00  3.344657e-05
  8.435000e-01 -1.043561e+00  4.831933e+00  5.091052e-05
  1.084500e+00 -1.043561e+00  2.430927e+00  3.763988e-05
 -9.640000e-01 -1.252273e+00  9.195850e-01  4.323167e-05
 -7.230000e-01 -1.252273e+00  5.507817e+00  4.092923e-05
 -4.820000e-01 -1.252273e+00  5.925337e+00  1.278553e-04
 -2.410000e-01 -1.252273e+00  6.112519e+00  9.986835e-05
  0.000000e+00 -1.252273e+00  4.616631e+00  6.533311e-05
  2.410000e-01 -1.252273e+00  4.476157e+00  4.041721e-05
  4.820000e-01 -1.252273e+00  1.930081e+00  3.668111e-05
  7.230000e-01 -1.252273e+00  5.697410e+00  8.441640e-05
  9.640000e-01 -1.252273e+00  4.943015e+00  1.370849e-04
 -6.025000e-01 -1.460985e+00  4.715837e+00  8.625132e-05
 -3.615000e-01 -1.460985e+00  6.093041e+00  8.890757e-05
 -1.205000e-01 -1.460985e+00  1.162329e+00  3.981145e-05
  1.205000e-01 -1.460985e+00  5.189525e+00  3.599406e-05
  3.615000e-01 -1.460985e+00  2.541598e+00  7.913208e-05
  6.025000e-01 -1.460985e+00  5.958456e+00  5.657506e-05
 -6.025000e-01  1.460985e+00  7.939585e-01  3.715253e-05
 -3.615000e-01  1.460985e+00  1.546840e+00  9.351734e-05
 -1.205000e-01  1.460985e+00  1.400463e+00  9.812551e-05
  1.205000e-01  1.460985e+00  2.817764e-01  9.632067e-05
  3.615000e-01  1.460985e+00  6.056924e+00  9.327040e-05
  6.025000e-01  1.460985e+00  9.761738e-01  4.774359e-05
 -9.640000e-01  1.252273e+00  4.240703e+00  3.363495e-05
 -7.230000e-01  1.252273e+00  5.488590e+00  3.011908e-05
 -4.820000e-01  1.252273e+00  2.428225e+00  5.498936e-05
 -2.410000e-01  1.252273e+00  6.251264e+00  3.778986e-05
  0.000000e+00  1.252273e+00  5.830113e+00  9.557052e-05
  2.410000e-01  1.252273e+00  2.784706e-01  1.507758e-04
  4.820000e-01  1.252273e+00  4.291697e-01  7.442023e-05
  7.230000e-01  1.252273e+00  2.805812e+00  8.928099e-05
  9.640000e-01  1.252273e+00  5.863588e+00  3.722609e-05
 -1.084500e+00  1.043561e+00  4.188605e+00  6.804390e-05
 -8.435000e-01  1.043561e+00  4.722899e+00  9.839130e-05
 -6.025000e-01  1.043561e+00  4.542835e+00  1.110511e-04
 -3.615000e-01  1.043561e+00  4.984836e+00  1.286113e-04
 -1.205000e-01  1.043561e+00  5.200922e+00  1.194226e-04
  1.205000e-01  1.043561e+00  5.178867e+00  5.047117e-05
  3.615000e-01  1.043561e+00  6.780129e-01  9.866405e-05
  6.025000e-01  1.043561e+00  1.585209e+00  1.055577e-04
  8.435000e-01  1.043561e+00  3.023174e-01  3.870258e-05
  1.084500e+00  1.043561e+00  6.182053e+00  1.029915e-04
 -1.205000e+00  8.348485e-01  4.355444e+00  7.432564e-05
 -9.640000e-01  8.348485e-01  4.836134e+00  6.989402e-05
 -7.230000e-01  8.348485e-01  4.899197e+00  5.762786e-05
 -4.820000e-01  8.348485e-01  4.431551e+00  8.129896e-05
 -2.410000e-01  8.348485e-01  3.103599e+00  9.754317e-06
  0.000000e+00  8.348485e-01  1.294969e+00  7.987691e-05
  2.410000e-01  8.348485e-01  5.400538e+00  6.453993e-05
  4.820000e-01  8.348485e-01  2.777280e+00  3.432245e-05
  7.230000e-01  8.348485e-01  6.345273e-01  7.105789e-05
  9.640000e-01  8.348485e-01  3.141407e-01  1.055466e-04
  1.205000e+00  8.348485e-01  1.194418e+00  5.297847e-05
 -1.325500e+00  6.261364e-01  2.840458e+00  1.144959e-04
 -1.084500e+00  6.261364e-01  2.448908e+00  3.899853e-05
 -8.435000e-01  6.261364e-01  1.602498e+00  7.445839e-06
 -6.025000e-01  6.261364e-01  5.815306e+00  5.264761e-06
 -3.615000e-01  6.261364e-01  4.511548e+00  6.233516e-05
 -1.205000e-01  6.261364e-01  4.132234e+00  1.181066e-04
  1.205000e-01  6.261364e-01  6.063209e+00  1.289262e-04
  3.615000e-01  6.261364e-01  4.772899e+00  5.747589e-05
  6.025000e-01  6.261364e-01  3.966233e+00  8.404520e-05
  8.435000e-01  6.261364e-01  6.103342e+00  9.948217e-05
  1.084500e+00  6.261364e-01  1.686396e+00  3.961439e-05
  1.325500e+00  6.261364e-01  2.662375e-01  1.184337e-04
 -1.446000e+00  4.174242e-01  2.505034e+00  9.784370e-05
 -1.205000e+00  4.174242e-01  2.175312e+00  9.249108e-05
 -9.640000e-01  4.174242e-01  2.163037e-01  4.524235e-05
 -7.230000e-01  4.174242e-01  5.274676e+00  1.096044e-04
 -4.820000e-01  4.174242e-01  5.032607e+00  1.383534e-04
 -2.410000e-01  4.174242e-01  4.398638e+00  9.985669e-05
  0.000000e+00  4.174242e-01  4.443458e+00  1.145576e-04
  2.410000e-01  4.174242e-01  3.727256e-01  4.797288e-05
  4.820000e-01  4.174242e-01  2.267186e+00  1.144601e-04
  7.230000e-01  4.174242e-01  6.199924e+00  9.103555e-05
  9.640000e-01  4.174242e-01  2.793780e+00  6.546293e-05
  1.205000e+00  4.174242e-01  8.733484e-01  1.253369e-04
  1.446000e+00  4.174242e-01  6.691753e-01  1.681929e-04
 -1.566500e+00  2.087121e-01  3.360638e+00  9.098459e-05
 -1.325500e+00  2.087121e-01  3.555863e+00  1.078292e-04
 -1.084500e+00  2.087121e-01  5.443034e+00  8.354147e-05
 -8.435000e-01  2.087121e-01  5.709176e+00  1.579299e-04
 -6.025000e-01  2.087121e-01  5.154538e+00  9.728944e-05
 -3.615000e-01  2.087121e-01  4.665288e+00  1.020159e-04
 -1.205000e-01  2.087121e-01  4.423534e+00  1.592991e-04
  1.205000e-01  2.087121e-01  3.973316e+00  1.384312e-04
  3.615000e-01  2.087121e-01  3.033554e+00  5.214326e-05
  6.025000e-01  2.087121e-01  6.174356e+00  3.532852e-05
  8.435000e-01  2.087121e-01  1.305311e+00  6.562834e-05
  1.084500e+00  2.087121e-01  2.399542e+00  1.153939e-04
  1.325500e+00  2.087121e-01  7.185322e-01  1.617201e-04
  1.566500e+00  2.087121e-01  1.560817e+00  1.120026e-04
 -1.446000e+00  0.000000e+00  4.199355e+00  1.985036e-04
 -1.205000e+00  0.000000e+00  4.316873e+00  1.283408e-04
 -9.640000e-01  0.000000e+00  5.666598e+00  1.243501e-04
 -7.230000e-01  0.000000e+00  5.865061e+00  7.137251e-05
 -4.820000e-01  0.000000e+00  9.603214e-01  5.825991e-05
 -2.410000e-01  0.000000e+00  5.894084e+00  8.593780e-05
  0.000000e+00  0.000000e+00  3.204949e+00  1.452130e-04
  2.410000e-01  0.000000e+00  3.138581e+00  1.029888e-04
  4.820000e-01  0.000000e+00  4.378731e+00  9.155422e-05
  7.230000e-01  0.000000e+00  4.376950e+00  1.629079e-05
  9.640000e-01  0.000000e+00  3.360906e+00  7.814498e-05
  1.205000e+00  0.000000e+00  5.143907e+00  6.605405e-05
  1.446000e+00  0.000000e+00  4.365835e+00  2.636008e-05
 -1.566500e+00 -2.087121e-01  3.381433e+00  8.004921e-05
 -1.325500e+00 -2.087121e-01  3.730275e+00  1.574228e-04
 -1.084500e+00 -2.087121e-01  4.508709e+00  8.898543e-05
 -8.435000e-01 -2.087121e-01  3.060193e-01  5.885166e-05
 -6.025000e-01 -2.087121e-01  2.201420e+00  6.919405e-05
 -3.615000e-01 -2.087121e-01  1.420303e+00  1.694846e-04
 -1.205000e-01 -2.087121e-01  1.644493e+00  2.313909e-04
  1.205000e-01 -2.087121e-01  2.507820e+00  1.195372e-04
  3.615000e-01 -2.087121e-01  5.395950e+00  1.038460e-04
  6.025000e-01 -2.087121e-01  4.460776e+00  1.301954e-04
  8.435000e-01 -2.087121e-01  3.823051e+00  9.390623e-05
  1.084500e+00 -2.087121e-01  5.441280e+00  5.948853e-05
  1.325500e+00 -2.087121e-01  4.995123e+00  1.306774e-04
  1.566500e+00 -2.087121e-01  5.286820e+00  9.871329e-05
 -1.446000e+00 -4.174242e-01  1.844624e+00  1.183906e-04
 -1.205000e+00 -4.174242e-01  3.027760e+00  2.566907e-05
 -9.640000e-01 -4.174242e-01  3.992440e+00  6.318898e-05
 -7.230000e-01 -4.174242e-01  2.170523e+00  1.030011e-04
 -4.820000e-01 -4.174242e-01  2.176601e+00  1.208138e-04
 -2.410000e-01 -4.174242e-01  1.264360e+00  9.802290e-05
  0.000000e+00 -4.174242e-01  4.278862e-01  4.976668e-05
  2.410000e-01 -4.174242e-01  5.789977e+00  1.196917e-04
  4.820000e-01 -4.174242e-01  5.284790e+00  1.127923e-04
  7.230000e-01 -4.174242e-01  3.949988e+00  1.957549e-04
  9.640000e-01 -4.174242e-01  4.278847e+00  1.288191e-04
  1.205000e+00 -4.174242e-01  5.716770e+00  7.380622e-05
  1.446000e+00 -4.174242e-01  6.153111e+00  5.822341e-05
 -1.325500e+00 -6.261364e-01  7.874551e-01  1.385364e-04
 -1.084500e+00 -6.261364e-01  1.228938e+00  6.893725e-05
 -8.435000e-01 -6.261364e-01  2.780477e+00  1.406287e-04
 -6.025000e-01 -6.261364e-01  2.313135e+00  6.394132e-05
 -3.615000e-01 -6.261364e-01  3.660866e+00  1.659662e-05
 -1.205000e-01 -6.261364e-01  5.864624e+00  1.065791e-04
  1.205000e-01 -6.261364e-01  1.591185e-01  2.775866e-05
  3.615000e-01 -6.261364e-01  3.066537e-01  1.463960e-04
  6.025000e-01 -6.261364e-01  1.323507e+00  5.400315e-05
  8.435000e-01 -6.261364e-01  3.497016e+00  8.914922e-05
  1.084500e+00 -6.261364e-01  4.085185e+00  8.906285e-05
  1.325500e+00 -6.261364e-01  2.679571e+00  6.588525e-05
 -1.205000e+00 -8.348485e-01  1.484938e+00  6.848203e-05
 -9.640000e-01 -8.348485e-01  1.953847e+00  1.546715e-04
 -7.230000e-01 -8.348485e-01  2.270752e+00  7.457331e-05
 -4.820000e-01 -8.348485e-01  5.567638e+00  3.369783e-05
 -2.410000e-01 -8.348485e-01  5.499578e+00  1.010537e-04
  0.000000e+00 -8.348485e-01  5.084140e+00  5.986107e-05
  2.410000e-01 -8.348485e-01  5.664099e+00  8.419884e-05
  4.820000e-01 -8.348485e-01  5.998958e+00  4.556674e-05
  7.230000e-01 -8.348485e-01  2.175057e+00  1.222984e-04
  9.640000e-01 -8.348485e-01  1.583037e+00  1.199223e-04
  1.205000e+00 -8.348485e-01  1.041382e+00  7.727943e-06
 -1.084500e+00 -1.043561e+00  1.654451e+00  1.078833e-04
 -8.435000e-01 -1.043561e+00  1.693052e+00  8.201148e-05
 -6.025000e-01 -1.043561e+00  8.203448e-01  6.781420e-05
 -3.615000e-01 -1.043561e+00  6.012677e+00  1.296621e-04
 -1.205000e-01 -1.043561e+00  5.207089e+00  8.497015e-05
  1.205000e-01 -1.043561e+00  5.104434e+00  8.045918e-05
  3.615000e-01 -1.043561e+00  5.683528e+00  4.138723e-05
  6.025000e-01 -1.043561e+00  3.000445e+00  7.946270e-05
  8.435000e-01 -1.043561e+00  3.737317e+00  7.839817e-05
  1.084500e+00 -1.043561e+00  2.343540e+00  3.597697e-05
 -9.640000e-01 -1.252273e+00  1.254554e+00  5.473021e-05
 -7.230000e-01 -1.252273e+00  3.620576e-01  3.242643e-05
 -4.820000e-01 -1.252273e+00  2.935015e-02  1.312360e-04
 -2.410000e-01 -1.252273e+00  8.430391e-02  1.340583e-04
  0.000000e+00 -1.252273e+00  5.279611e+00  6.220386e-05
  2.410000e-01 -1.252273e+00  4.136564e+00  3.573467e-05
  4.820000e-01 -1.252273e+00  2.184183e+00  4.952358e-05
  7.230000e-01 -1.252273e+00  4.902895e+00  4.108806e-05
  9.640000e-01 -1.252273e+00  4.645710e+00  1.011217e-04
 -6.025000e-01 -1.460985e+00  5.358068e+00  3.714641e-05
 -3.615000e-01 -1.460985e+00  2.352131e-01  1.274456e-04
 -1.205000e-01 -1.460985e+00  6.244605e+00  8.966344e-05
  1.205000e-01 -1.460985e+00  5.037978e+00  4.796100e-05
  3.615000e-01 -1.460985e+00  2.992543e+00  7.775289e-05
  6.025000e-01 -1.460985e+00  6.098637e+00  1.772395e-05
 -6.025000e-01  1.460985e+00  1.232483e+00  9.135246e-05
 -3.615000e-01  1.460985e+00  1.511869e+00  1.132220e-04
 -1.205000e-01  1.460985e+00  1.330771e+00  7.774336e-05
  1.205000e-01  1.460985e+00  6.041466e+00  6.808631e-05
  3.615000e-01  1.460985e+00  5.804126e+00  7.831923e-05
  6.025000e-01  1.460985e+00  9.842173e-01  4.288208e-05
 -9.640000e-01  1.252273e+00  4.230348e+00  3.462959e-05
 -7.230000e-01  1.252273e+00  6.232201e+00  4.283108e-05
 -4.820000e-01  1.252273e+00  1.258459e+00  6.164998e-05
 -2.410000e-01  1.252273e+00  6.148412e+00  7.321500e-05
  0.000000e+00  1.252273e+00  5.908714e+00  8.515955e-05
  2.410000e-01  1.252273e+00  4.325132e-01  1.102212e-04
  4.820000e-01  1.252273e+00  6.209031e-01  5.076527e-05
  7.230000e-01  1.252273e+00  2.814093e+00  9.214040e-05
  9.640000e-01  1.252273e+00  5.343947e+00  6.534429e-05
 -1.084500e+00  1.043561e+00  4.491816e+00  7.145553e-05
 -8.435000e-01  1.043561e+00  4.670204e+00  1.017530e-04
 -6.025000e-01  1.043561e+00  5.035528e+00  1.492904e-04
 -3.615000e-01  1.043561e+00  5.130625e+00  1.541920e-04
 -1.205000e-01  1.043561e+00  5.237934e+00  5.165029e-05
  1.205000e-01  1.043561e+00  1.365597e+00  3.164976e-05
  3.615000e-01  1.043561e+00  4.132429e-01  1.019225e-04
  6.025000e-01  1.043561e+00  2.044563e+00  7.495043e-05
  8.435000e-01  1.043561e+00  7.977488e-01  6.711030e-05
  1.084500e+00  1.043561e+00  2.811796e-01  1.694328e-04
 -1.205000e+00  8.348485e-01  4.511994e+00  7.807165e-05
 -9.640000e-01  8.348485e-01  4.787449e+00  1.161471e-04
 -7.230000e-01  8.348485e-01  5.080525e+00  9.028885e-05
 -4.820000e-01  8.348485e-01  5.119099e+00  6.854234e-05
 -2.410000e-01  8.348485e-01  2.656392e+00  7.199258e-05
  0.000000e+00  8.348485e-01  1.340628e+00  6.161332e-05
  2.410000e-01  8.348485e-01  5.674607e+00  1.150056e-04
  4.820000e-01  8.348485e-01  3.505418e+00  1.979083e-05
  7.230000e-01  8.348485e-01  2.668618e+00  6.344075e-05
  9.640000e-01  8.348485e-01  4.510798e-01  1.422776e-04
  1.205000e+00  8.348485e-01  1.266856e+00  7.705566e-05
 -1.325500e+00  6.261364e-01  3.337116e+00  4.303959e-05
 -1.084500e+00  6.261364e-01  5.420217e+00  4.492187e-05
 -8.435000e-01  6.261364e-01  3.798455e+00  6.125602e-05
 -6.025000e-01  6.261364e-01  8.183248e-01  2.897935e-05
 -3.615000e-01  6.261364e-01  3.094277e+00  3.498173e-05
 -1.205000e-01  6.261364e-01  4.665038e+00  1.171269e-04
  1.205000e-01  6.261364e-01  5.523388e+00  1.263249e-04
  3.615000e-01  6.261364e-01  6.226846e+00  3.067820e-05
  6.025000e-01  6.261364e-01  3.157359e+00  9.577770e-05
  8.435000e-01  6.261364e-01  6.032847e+00  4.674064e-05
  1.084500e+00  6.261364e-01  9.244856e-01  5.225608e-05
  1.325500e+00  6.261364e-01  6.098320e-01  8.052112e-05
 -1.446000e+00  4.174242e-01  3.251145e+00  6.387767e-05
 -1.205000e+00  4.174242e-01  1.699949e+00  1.787202e-05
 -9.640000e-01  4.174242e-01  6.282544e+00  2.847977e-05
 -7.230000e-01  4.174242e-01  4.428132e+00  8.309696e-05
 -4.820000e-01  4.174242e-01  5.093610e+00  1.252884e-04
 -2.410000e-01  4.174242e-01  4.734305e+00  8.379632e-05
  0.000000e+00  4.174242e-01  3.231260e+00  1.210251e-05
  2.410000e-01  4.174242e-01  1.660391e+00  1.221926e-04
  4.820000e-01  4.174242e-01  1.956932e+00  1.545009e-04
  7.230000e-01  4.174242e-01  1.423724e+00  7.872363e-05
  9.640000e-01  4.174242e-01  1.781995e+00  1.013620e-04
  1.205000e+00  4.174242e-01  9.532068e-01  1.463945e-04
  1.446000e+00  4.174242e-01  7.315873e-01  1.156822e-04
 -1.566500e+00  2.087121e-01  3.980880e+00  6.550976e-05
 -1.325500e+00  2.087121e-01  4.123996e+00  1.304032e-04
 -1.084500e+00  2.087121e-01  5.212173e+00  1.028151e-04
 -8.435000e-01  2.087121e-01  5.178848e+00  9.435334e-05
 -6.025000e-01  2.087121e-01  5.084447e+00  1.109294e-04
 -3.615000e-01  2.087121e-01  4.426832e+00  1.187480e-04
 -1.205000e-01  2.087121e-01  3.902354e+00  1.223620e-04
  1.205000e-01  2.087121e-01  3.385767e+00  1.158787e-04
  3.615000e-01  2.087121e-01  5.906204e+00  3.758229e-06
  6.025000e-01  2.087121e-01  4.366498e+00  2.149375e-05
  8.435000e-01  2.087121e-01  2.045502e+00  3.156715e-05
  1.084500e+00  2.087121e-01  1.494872e+00  4.407781e-05
  1.325500e+00  2.087121e-01  5.981900e-01  1.352557e-04
  1.566500e+00  2.087121e-01  1.533081e+00  8.718199e-05
 -1.446000e+00  0.000000e+00  4.332862e+00  1.647268e-04
 -1.205000e+00  0.000000e+00  4.118355e+00  1.114811e-04
 -9.640000e-01  0.000000e+00  5.551122e+00  4.903533e-05
 -7.230000e-01  0.000000e+00  5.443401e+00  4.603736e-05
 -4.820000e-01  0.000000e+00  1.287423e+00  3.374335e-05
 -2.410000e-01  0.000000e+00  5.527254e+00  5.135464e-05
  0.000000e+00  0.000000e+00  3.793828e+00  1.876826e-04
  2.410000e-01  0.000000e+00  4.325977e+00  1.166294e-04
  4.820000e-01  0.000000e+00  4.610392e+00  1.610912e-04
  7.230000e-01  0.000000e+00  4.091870e+00  1.133175e-04
  9.640000e-01  0.000000e+00  4.357753e+00  9.386723e-05
  1.205000e+00  0.000000e+00  5.052006e+00  1.038825e-04
  1.446000e+00  0.000000e+00  4.395445e+00  5.405361e-05
 -1.566500e+00 -2.087121e-01  3.260007e+00  6.889771e-05
 -1.325500e+00 -2.087121e-01  3.361199e+00  1.320121e-04
 -1.084500e+00 -2.087121e-01  3.440266e+00  5.350153e-05
 -8.435000e-01 -2.087121e-01  5.038401e-01  5.474740e-05
 -6.025000e-01 -2.087121e-01  2.314274e+00  5.625301e-05
 -3.615000e-01 -2.087121e-01  1.592657e+00  1.370278e-04
 -1.205000e-01 -2.087121e-01  1.404446e+00  1.522079e-04
  1.205000e-01 -2.087121e-01  3.069220e+00  9.216639e-05
  3.615000e-01 -2.087121e-01  5.421778e+00  1.171123e-04
  6.025000e-01 -2.087121e-01  4.199058e+00  1.396304e-04
  8.435000e-01 -2.087121e-01  3.725295e+00  1.168271e-04
  1.084500e+00 -2.087121e-01  5.763196e+00  8.038670e-05
  1.325500e+00 -2.087121e-01  4.949636e+00  1.184960e-04
  1.566500e+00 -2.087121e-01  5.517394e+00  1.162042e-04
 -1.446000e+00 -4.174242e-01  2.090974e+00  1.388654e-04
 -1.205000e+00 -4.174242e-01  2.404915e+00  5.796205e-05
 -9.640000e-01 -4.174242e-01  3.678967e+00  5.081151e-05
 -7.230000e-01 -4.174242e-01  1.860344e+00  1.146311e-04
 -4.820000e-01 -4.174242e-01  2.292816e+00  1.310292e-04
 -2.410000e-01 -4.174242e-01  6.100189e-01  9.016522e-05
  0.000000e+00 -4.174242e-01  8.205200e-01  3.627653e-05
  2.410000e-01 -4.174242e-01  5.863974e+00  1.032523e-04
  4.820000e-01 -4.174242e-01  5.231025e+00  1.102429e-04
  7.230000e-01 -4.174242e-01  3.977141e+00  2.363994e-04
  9.640000e-01 -4.174242e-01  4.349745e+00  1.541382e-04
  1.205000e+00 -4.174242e-01  5.843791e+00  5.745250e-05
  1.446000e+00 -4.174242e-01  2.362532e-01  5.839701e-05
 -1.325500e+00 -6.261364e-01  9.848695e-01  1.517669e-04
 -1.084500e+00 -6.261364e-01  1.428348e+00  8.825912e-05
 -8.435000e-01 -6.261364e-01  2.514007e+00  1.520587e-04
 -6.025000e-01 -6.261364e-01  1.669125e+00  6.772058e-05
 -3.615000e-01 -6.261364e-01  6.166596e+00  1.783280e-05
 -1.205000e-01 -6.261364e-01  6.082954e+00  9.088215e-05
  1.205000e-01 -6.261364e-01  5.788063e+00  4.088808e-05
  3.615000e-01 -6.261364e-01  6.186240e+00  1.421309e-04
  6.025000e-01 -6.261364e-01  1.097526e+00  3.210410e-05
  8.435000e-01 -6.261364e-01  3.321754e+00  1.300642e-04
  1.084500e+00 -6.261364e-01  3.576938e+00  8.829111e-05
  1.325500e+00 -6.261364e-01  2.438320e+00  6.854351e-05
 -1.205000e+00 -8.348485e-01  1.731231e+00  5.922349e-05
 -9.640000e-01 -8.348485e-01  2.046750e+00  1.489803e-04
 -7.230000e-01 -8.348485e-01  1.913063e+00  6.210167e-05
 -4.820000e-01 -8.348485e-01  6.097962e+00  5.411193e-05
 -2.410000e-01 -8.348485e-01  5.839495e+00  8.242734e-05
  0.000000e+00 -8.348485e-01  5.544847e+00  1.091611e-04
  2.410000e-01 -8.348485e-01  5.463547e+00  1.170648e-04
  4.820000e-01 -8.348485e-01  2.315555e+00  1.883452e-05
  7.230000e-01 -8.348485e-01  2.226294e+00  1.724987e-04
  9.640000e-01 -8.348485e-01  1.946184e+00  1.689982e-04
  1.205000e+00 -8.348485e-01  1.656468e+00  4.561609e-05
 -1.084500e+00 -1.043561e+00  1.795332e+00  9.518375e-05
 -8.435000e-01 -1.043561e+00  1.935832e+00  7.670353e-05
 -6.025000e-01 -1.043561e+00  5.958192e-01  1.007840e-04
 -3.615000e-01 -1.043561e+00  6.259533e+00  1.103654e-04
 -1.205000e-01 -1.043561e+00  5.866352e+00  1.139040e-04
  1.205000e-01 -1.043561e+00  6.052541e+00  6.299296e-05
  3.615000e-01 -1.043561e+00  1.992342e+00  3.143023e-05
  6.025000e-01 -1.043561e+00  2.940447e+00  1.106227e-04
  8.435000e-01 -1.043561e+00  3.254869e+00  1.206629e-04
  1.084500e+00 -1.043561e+00  2.478876e+00  5.226990e-05
 -9.640000e-01 -1.252273e+00  1.546118e+00  4.798967e-05
 -7.230000e-01 -1.252273e+00  1.079780e+00  4.942330e-05
 -4.820000e-01 -1.252273e+00  4.877015e-01  1.382098e-04
 -2.410000e-01 -1.252273e+00  3.279780e-01  1.555352e-04
  0.000000e+00 -1.252273e+00  6.107067e+00  8.203781e-05
  2.410000e-01 -1.252273e+00  2.436769e+00  2.016972e-05
  4.820000e-01 -1.252273e+00  2.211215e+00  7.057245e-05
  7.230000e-01 -1.252273e+00  3.513398e+00  5.708871e-05
  9.640000e-01 -1.252273e+00  4.021601e+00  6.899653e-05
 -6.025000e-01 -1.460985e+00  7.794838e-01  6.004838e-05
 -3.615000e-01 -1.460985e+00  4.382884e-01  1.596611e-04
 -1.205000e-01 -1.460985e+00  6.064055e+00  1.521697e-04
  1.205000e-01 -1.460985e+00  4.976998e+00  5.154251e-05
  3.615000e-01 -1.460985e+00  3.015779e+00  6.900131e-05
  6.025000e-01 -1.460985e+00  2.217495e+00  1.749158e-05
 -6.025000e-01  1.460985e+00  1.123315e+00  1.084271e-04
 -3.615000e-01  1.460985e+00  1.423672e+00  1.213067e-04
 -1.205000e-01  1.460985e+00  9.706907e-01  3.328735e-05
  1.205000e-01  1.460985e+00  5.214065e+00  8.562229e-05
  3.615000e-01  1.460985e+00  5.542480e+00  6.713744e-05
  6.025000e-01  1.460985e+00  1.025828e+00  3.814480e-05
 -9.640000e-01  1.252273e+00  4.467291e+00  3.437787e-05
 -7.230000e-01  1.252273e+00  6.033178e+00  5.810178e-05
 -4.820000e-01  1.252273e+00  4.732451e-01  7.932639e-05
 -2.410000e-01  1.252273e+00  6.093409e+00  9.172826e-05
  0.000000e+00  1.252273e+00  5.976735e+00  8.896960e-05
  2.410000e-01  1.252273e+00  7.034842e-01  4.789264e-05
  4.820000e-01  1.252273e+00  1.169945e+00  2.909197e-05
  7.230000e-01  1.252273e+00  2.811621e+00  9.624160e-05
  9.640000e-01  1.252273e+00  4.998348e+00  7.364559e-05
 -1.084500e+00  1.043561e+00  4.844977e+00  6.647931e-05
 -8.435000e-01  1.043561e+00  4.846152e+00  9.192284e-05
 -6.025000e-01  1.043561e+00  5.321392e+00  1.741368e-04
 -3.615000e-01  1.043561e+00  5.094102e+00  1.437921e-04
 -1.205000e-01  1.043561e+00  2.102575e-01  1.610954e-05
  1.205000e-01  1.043561e+00  1.539245e+00  7.465268e-05
  3.615000e-01  1.043561e+00  4.255185e-02  7.825100e-05
  6.025000e-01  1.043561e+00  2.927187e+00  5.994107e-05
  8.435000e-01  1.043561e+00  1.357259e+00  6.483380e-05
  1.084500e+00  1.043561e+00  4.641325e-01  1.870859e-04
 -1.205000e+00  8.348485e-01  4.687019e+00  5.859811e-05
 -9.640000e-01  8.348485e-01  4.911481e+00  1.264075e-04
 -7.230000e-01  8.348485e-01  5.249712e+00  1.065092e-04
 -4.820000e-01  8.348485e-01  5.670396e+00  8.081850e-05
 -2.410000e-01  8.348485e-01  2.916704e+00  8.300289e-05
  0.000000e+00  8.348485e-01  6.360838e-02  3.068547e-05
  2.410000e-01  8.348485e-01  5.623558e+00  1.340677e-04
  4.820000e-01  8.348485e-01  4.431818e+00  3.804052e-05
  7.230000e-01  8.348485e-01  3.121524e+00  1.640516e-04
  9.640000e-01  8.348485e-01  5.564553e-01  1.161674e-04
  1.205000e+00  8.348485e-01  1.417122e+00  7.759579e-05
 -1.325500e+00  6.261364e-01  5.096462e+00  4.611130e-05
 -1.084500e+00  6.261364e-01  5.517246e+00  1.181301e-04
 -8.435000e-01  6.261364e-01  4.206388e+00  9.101170e-05
 -6.025000e-01  6.261364e-01  3.753094e-01  4.420980e-05
 -3.615000e-01  6.261364e-01  2.309687e+00  4.477525e-05
 -1.205000e-01  6.261364e-01  5.127628e+00  1.308109e-04
  1.205000e-01  6.261364e-01  5.062910e+00  1.442301e-04
  3.615000e-01  6.261364e-01  7.950512e-01  3.452677e-05
  6.025000e-01  6.261364e-01  2.775252e+00  1.299360e-04
  8.435000e-01  6.261364e-01  3.683324e+00  3.369907e-05
  1.084500e+00  6.261364e-01  9.307440e-01  3.415862e-05
  1.325500e+00  6.261364e-01  1.462175e+00  4.383811e-05
 -1.446000e+00  4.174242e-01  4.257204e+00  6.039379e-05
 -1.205000e+00  4.174242e-01  5.544685e+00  6.653326e-05
 -9.640000e-01  4.174242e-01  5.663931e+00  4.861665e-05
 -7.230000e-01  4.174242e-01  3.960680e+00  9.807629e-05
 -4.820000e-01  4.174242e-01  5.152223e+00  1.024044e-04
 -2.410000e-01  4.174242e-01  5.312821e+00  8.483501e-05
  0.000000e+00  4.174242e-01  1.243888e+00  7.557296e-05
  2.410000e-01  4.174242e-01  1.917077e+00  1.742893e-04
  4.820000e-01  4.174242e-01  2.023702e+00  1.560368e-04
  7.230000e-01  4.174242e-01  2.092865e+00  1.538096e-04
  9.640000e-01  4.174242e-01  1.667162e+00  1.606934e-04
  1.205000e+00  4.174242e-01  1.181623e+00  1.338202e-04
  1.446000e+00  4.174242e-01  7.297187e-01  7.445012e-05
 -1.566500e+00  2.087121e-01  4.978520e+00  7.751257e-05
 -1.325500e+00  2.087121e-01  4.600739e+00  1.609882e-04
 -1.084500e+00  2.087121e-01  5.189622e+00  1.302975e-04
 -8.435000e-01  2.087121e-01  4.656110e+00  8.844265e-05
 -6.025000e-01  2.087121e-01  5.014210e+00  1.177192e-04
 -3.615000e-01  2.087121e-01  4.453717e+00  1.235684e-04
 -1.205000e-01  2.087121e-01  3.308527e+00  1.073554e-04
  1.205000e-01  2.087121e-01  2.534774e+00  1.283449e-04
  3.615000e-01  2.087121e-01  6.676566e-01  4.336027e-05
  6.025000e-01  2.087121e-01  3.323808e+00  8.545151e-05
  8.435000e-01  2.087121e-01  2.902364e+00  7.290971e-05
  1.084500e+00  2.087121e-01  3.316582e-01  5.069641e-05
  1.325500e+00  2.087121e-01  3.739165e-01  9.941050e-05
  1.566500e+00  2.087121e-01  1.602797e+00  5.322116e-05
 -1.446000e+00  0.000000e+00  4.571906e+00  1.313243e-04
 -1.205000e+00  0.000000e+00  4.239389e+00  8.100596e-05
 -9.640000e-01  0.000000e+00  3.707920e+00  7.168036e-06
 -7.230000e-01  0.000000e+00  5.164123e+00  2.818646e-05
 -4.820000e-01  0.000000e+00  2.203780e+00  1.747643e-05
 -2.410000e-01  0.000000e+00  4.726756e+00  2.182691e-05
  0.000000e+00  0.000000e+00  4.041366e+00  2.280762e-04
  2.410000e-01  0.000000e+00  4.730013e+00  1.807294e-04
  4.820000e-01  0.000000e+00  4.695396e+00  2.001049e-04
  7.230000e-01  0.000000e+00  4.002023e+00  2.220527e-04
  9.640000e-01  0.000000e+00  4.632379e+00  1.477867e-04
  1.205000e+00  0.000000e+00  4.956899e+00  1.227545e-04
  1.446000e+00  0.000000e+00  4.622845e+00  8.006851e-05
 -1.566500e+00 -2.087121e-01  3.078570e+00  6.151689e-05
 -1.325500e+00 -2.087121e-01  2.831076e+00  9.581175e-05
 -1.084500e+00 -2.087121e-01  2.360105e+00  6.992410e-05
 -8.435000e-01 -2.087121e-01  7.450063e-01  5.602891e-05
 -6.025000e-01 -2.087121e-01  1.998048e+00  3.578966e-05
 -3.615000e-01 -2.087121e-01  1.707309e+00  8.496312e-05
 -1.205000e-01 -2.087121e-01  5.941795e-01  7.512993e-05
  1.205000e-01 -2.087121e-01  3.872721e+00  1.047477e-04
  3.615000e-01 -2.087121e-01  5.369708e+00  1.153431e-04
  6.025000e-01 -2.087121e-01  3.971788e+00  1.480717e-04
  8.435000e-01 -2.087121e-01  3.609914e+00  1.716368e-04
  1.084500e+00 -2.087121e-01  5.593872e+00  7.195475e-05
  1.325500e+00 -2.087121e-01  4.967145e+00  1.008605e-04
  1.566500e+00 -2.087121e-01  5.727687e+00  1.233895e-04
 -1.446000e+00 -4.174242e-01  2.289457e+00  1.373576e-04
 -1.205000e+00 -4.174242e-01  1.927601e+00  7.029974e-05
 -9.640000e-01 -4.174242e-01  2.904627e+00  3.568658e-05
 -7.230000e-01 -4.174242e-01  1.470289e+00  1.147703e-04
 -4.820000e-01 -4.174242e-01  2.271720e+00  9.681326e-05
 -2.410000e-01 -4.174242e-01  4.861867e-02  1.021836e-04
  0.000000e+00 -4.174242e-01  1.493849e+00  4.259747e-05
  2.410000e-01 -4.174242e-01  5.471905e-02  3.673474e-05
  4.820000e-01 -4.174242e-01  5.550932e+00  5.835463e-05
  7.230000e-01 -4.174242e-01  3.794429e+00  2.169686e-04
  9.640000e-01 -4.174242e-01  4.275345e+00  1.541198e-04
  1.205000e+00 -4.174242e-01  5.507232e+00  3.068086e-05
  1.446000e+00 -4.174242e-01  5.340994e-01  5.454813e-05
 -1.325500e+00 -6.261364e-01  1.088314e+00  1.388081e-04
 -1.084500e+00 -6.261364e-01  1.522629e+00  9.886251e-05
 -8.435000e-01 -6.261364e-01  2.127094e+00  1.458720e-04
 -6.025000e-01 -6.261364e-01  9.832699e-01  9.881192e-05
 -3.615000e-01 -6.261364e-01  3.817266e-01  5.480549e-05
 -1.205000e-01 -6.261364e-01  2.762724e-01  6.460203e-05
  1.205000e-01 -6.261364e-01  5.247231e+00  2.928225e-05
  3.615000e-01 -6.261364e-01  5.792916e+00  1.138097e-04
  6.025000e-01 -6.261364e-01  9.615826e-01  3.907154e-06
  8.435000e-01 -6.261364e-01  3.248865e+00  1.473971e-04
  1.084500e+00 -6.261364e-01  3.222664e+00  1.014586e-04
  1.325500e+00 -6.261364e-01  2.331452e+00  7.181800e-05
 -1.205000e+00 -8.348485e-01  2.153853e+00  4.840543e-05
 -9.640000e-01 -8.348485e-01  2.136898e+00  1.423443e-04
 -7.230000e-01 -8.348485e-01  1.204358e+00  8.968582e-05
 -4.820000e-01 -8.348485e-01  4.754011e-01  9.359962e-05
 -2.410000e-01 -8.348485e-01  4.044392e-01  8.339400e-05
  0.000000e+00 -8.348485e-01  5.838109e+00  1.202398e-04
  2.410000e-01 -8.348485e-01  5.293063e+00  1.081932e-04
  4.820000e-01 -8.348485e-01  2.604874e+00  7.200615e-05
  7.230000e-01 -8.348485e-01  2.263850e+00  1.844301e-04
  9.640000e-01 -8.348485e-01  2.182054e+00  1.991359e-04
  1.205000e+00 -8.348485e-01  1.905187e+00  8.207818e-05
 -1.084500e+00 -1.043561e+00  2.191507e+00  9.195270e-05
 -8.435000e-01 -1.043561e+00  2.033933e+00  6.883837e-05
 -6.025000e-01 -1.043561e+00  5.632755e-01  1.363745e-04
 -3.615000e-01 -1.043561e+00  4.510017e-01  1.101650e-04
 -1.205000e-01 -1.043561e+00  1.159297e-01  1.438198e-04
  1.205000e-01 -1.043561e+00  6.662871e-01  9.702726e-05
  3.615000e-01 -1.043561e+00  2.215472e+00  8.762905e-05
  6.025000e-01 -1.043561e+00  2.841718e+00  1.342214e-04
  8.435000e-01 -1.043561e+00  2.908837e+00  1.524120e-04
  1.084500e+00 -1.043561e+00  2.530899e+00  8.896544e-05
 -9.640000e-01 -1.252273e+00  1.895936e+00  3.874185e-05
 -7.230000e-01 -1.252273e+00  1.380518e+00  6.118649e-05
 -4.820000e-01 -1.252273e+00  8.847524e-01  1.645589e-04
 -2.410000e-01 -1.252273e+00  6.455596e-01  1.743531e-04
  0.000000e+00 -1.252273e+00  4.289598e-01  1.231172e-04
  2.410000e-01 -1.252273e+00  1.518261e+00  7.337985e-05
  4.820000e-01 -1.252273e+00  2.225513e+00  9.328929e-05
  7.230000e-01 -1.252273e+00  3.107296e+00  1.026484e-04
  9.640000e-01 -1.252273e+00  3.177974e+00  7.490144e-05
 -6.025000e-01 -1.460985e+00  1.134126e+00  1.223962e-04
 -3.615000e-01 -1.460985e+00  6.105654e-01  1.752147e-04
 -1.205000e-01 -1.460985e+00  6.173944e+00  1.719058e-04
  1.205000e-01 -1.460985e+00  5.358992e+00  4.141571e-05
  3.615000e-01 -1.460985e+00  2.525052e+00  5.198842e-05
  6.025000e-01 -1.460985e+00  2.337478e+00  4.141836e-05
 -6.025000e-01  1.460985e+00  7.919323e-01  9.442866e-05
 -3.615000e-01  1.460985e+00  1.276729e+00  1.145817e-04
 -1.205000e-01  1.460985e+00  5.702113e+00  3.326502e-05
  1.205000e-01  1.460985e+00  4.875997e+00  1.256649e-04
  3.615000e-01  1.460985e+00  5.273318e+00  5.907850e-05
  6.025000e-01  1.460985e+00  1.088494e+00  3.155369e-05
 -9.640000e-01  1.252273e+00  4.854866e+00  4.435035e-05
 -7.230000e-01  1.252273e+00  5.630689e+00  8.061646e-05
 -4.820000e-01  1.252273e+00  6.060323e+00  1.025050e-04
 -2.410000e-01  1.252273e+00  5.951251e+00  9.847475e-05
  0.000000e+00  1.252273e+00  5.976405e+00  1.071059e-04
  2.410000e-01  1.252273e+00  3.041771e+00  2.732270e-05
  4.820000e-01  1.252273e+00  2.171065e+00  2.156117e-05
  7.230000e-01  1.252273e+00  2.869044e+00  1.022850e-04
  9.640000e-01  1.252273e+00  4.540790e+00  6.816558e-05
 -1.084500e+00  1.043561e+00  5.198222e+00  6.855689e-05
 -8.435000e-01  1.043561e+00  5.148875e+00  9.672327e-05
 -6.025000e-01  1.043561e+00  5.494605e+00  1.914948e-04
 -3.615000e-01  1.043561e+00  4.883047e+00  1.320144e-04
 -1.205000e-01  1.043561e+00  1.861880e-01  2.841807e-05
  1.205000e-01  1.043561e+00  1.589363e+00  6.601161e-05
  3.615000e-01  1.043561e+00  5.499858e+00  5.810764e-05
  6.025000e-01  1.043561e+00  3.729643e+00  8.152477e-05
  8.435000e-01  1.043561e+00  2.434831e+00  6.875726e-05
  1.084500e+00  1.043561e+00  6.294961e-01  1.466233e-04
 -1.205000e+00  8.348485e-01  5.211673e+00  3.699297e-05
 -9.640000e-01  8.348485e-01  5.179840e+00  1.209895e-04
 -7.230000e-01  8.348485e-01  5.407066e+00  1.230133e-04
 -4.820000e-01  8.348485e-01  5.778977e+00  1.081745e-04
 -2.410000e-01  8.348485e-01  3.650244e+00  7.735773e-05
  0.000000e+00  8.348485e-01  5.371129e+00  9.459646e-05
  2.410000e-01  8.348485e-01  5.283850e+00  1.266624e-04
  4.820000e-01  8.348485e-01  4.651083e+00  7.785128e-05
  7.230000e-01  8.348485e-01  3.302521e+00  2.364736e-04
  9.640000e-01  8.348485e-01  9.576491e-01  2.990267e-05
  1.205000e+00  8.348485e-01  1.826939e+00  5.653056e-05
 -1.325500e+00  6.261364e-01  5.483868e+00  8.187715e-05
 -1.084500e+00  6.261364e-01  5.582028e+00  1.728195e-04
 -8.435000e-01  6.261364e-01  4.747481e+00  1.135724e-04
 -6.025000e-01  6.261364e-01  6.142287e+00  7.678408e-05
 -3.615000e-01  6.261364e-01  1.909370e+00  2.919356e-05
 -1.205000e-01  6.261364e-01  5.379454e+00  1.443042e-04
  1.205000e-01  6.261364e-01  4.814423e+00  1.769557e-04
  3.615000e-01  6.261364e-01  2.916220e+00  1.726463e-05
  6.025000e-01  6.261364e-01  2.631690e+00  1.428524e-04
  8.435000e-01  6.261364e-01  3.492564e+00  1.099082e-04
  1.084500e+00  6.261364e-01  3.321425e+00  4.309641e-05
  1.325500e+00  6.261364e-01  2.568416e+00  5.841794e-05
 -1.446000e+00  4.174242e-01  4.942618e+00  7.618952e-05
 -1.205000e+00  4.174242e-01  5.582583e+00  1.335466e-04
 -9.640000e-01  4.174242e-01  5.608559e+00  9.890862e-05
 -7.230000e-01  4.174242e-01  4.074003e+00  9.788832e-05
 -4.820000e-01  4.174242e-01  5.226416e+00  7.723307e-05
 -2.410000e-01  4.174242e-01  5.771293e+00  1.025475e-04
  0.000000e+00  4.174242e-01  8.421218e-01  1.171509e-04
  2.410000e-01  4.174242e-01  2.188562e+00  1.674457e-04
  4.820000e-01  4.174242e-01  2.493798e+00  1.356163e-04
  7.230000e-01  4.174242e-01  2.348760e+00  1.985151e-04
  9.640000e-01  4.174242e-01  1.822148e+00  1.873549e-04
  1.205000e+00  4.174242e-01  1.840514e+00  1.091941e-04
  1.446000e+00  4.174242e-01  6.040021e-01  4.062505e-05
 -1.566500e+00  2.087121e-01  5.371933e+00  1.117591e-04
 -1.325500e+00  2.087121e-01  4.961601e+00  1.943656e-04
 -1.084500e+00  2.087121e-01  5.321579e+00  1.703865e-04
 -8.435000e-01  2.087121e-01  4.791150e+00  9.987105e-05
 -6.025000e-01  2.087121e-01  4.953410e+00  1.190162e-04
 -3.615000e-01  2.087121e-01  4.569669e+00  1.173075e-04
 -1.205000e-01  2.087121e-01  2.842253e+00  8.661194e-05
  1.205000e-01  2.087121e-01  1.970919e+00  1.783407e-04
  3.615000e-01  2.087121e-01  1.170175e+00  7.381623e-05
  6.025000e-01  2.087121e-01  3.191750e+00  1.700533e-04
  8.435000e-01  2.087121e-01  2.933764e+00  1.349062e-04
  1.084500e+00  2.087121e-01  1.836448e-01  2.468162e-05
  1.325500e+00  2.087121e-01  6.148183e+00  6.000978e-05
  1.566500e+00  2.087121e-01  1.748946e+00  1.364301e-05
 -1.446000e+00  0.000000e+00  4.919175e+00  1.088059e-04
 -1.205000e+00  0.000000e+00  5.235235e+00  7.030270e-05
 -9.640000e-01  0.000000e+00  2.659093e+00  1.214213e-05
 -7.230000e-01  0.000000e+00  6.213241e+00  1.541242e-05
 -4.820000e-01  0.000000e+00  3.340190e+00  2.173318e-05
 -2.410000e-01  0.000000e+00  4.054611e+00  2.490870e-05
  0.000000e+00  0.000000e+00  4.183134e+00  2.312463e-04
  2.410000e-01  0.000000e+00  4.806341e+00  1.971217e-04
  4.820000e-01  0.000000e+00  4.724308e+00  1.872311e-04
  7.230000e-01  0.000000e+00  3.935420e+00  3.107682e-04
  9.640000e-01  0.000000e+00  4.558629e+00  1.853546e-04
  1.205000e+00  0.000000e+00  4.716282e+00  1.178437e-04
  1.446000e+00  0.000000e+00  4.855260e+00  9.913205e-05
 -1.566500e+00 -2.087121e-01  2.939364e+00  6.929765e-05
 -1.325500e+00 -2.087121e-01  1.891995e+00  7.820183e-05
 -1.084500e+00 -2.087121e-01  1.588960e+00  9.914517e-05
 -8.435000e-01 -2.087121e-01  1.037255e+00  7.169146e-05
 -6.025000e-01 -2.087121e-01  9.312159e-01  5.297608e-05
 -3.615000e-01 -2.087121e-01  1.370088e+00  3.462404e-05
 -1.205000e-01 -2.087121e-01  5.774462e+00  9.623334e-05
  1.205000e-01 -2.087121e-01  4.157190e+00  1.371255e-04
  3.615000e-01 -2.087121e-01  5.293894e+00  8.431159e-05
  6.025000e-01 -2.087121e-01  3.760685e+00  1.345107e-04
  8.435000e-01 -2.087121e-01  3.478869e+00  2.317858e-04
  1.084500e+00 -2.087121e-01  4.449142e+00  4.845303e-05
  1.325500e+00 -2.087121e-01  4.988998e+00  7.660854e-05
  1.566500e+00 -2.087121e-01  5.917613e+00  1.137431e-04
 -1.446000e+00 -4.174242e-01  2.432438e+00  1.135840e-04
 -1.205000e+00 -4.174242e-01  1.118450e+00  8.126549e-05
 -9.640000e-01 -4.174242e-01  1.948207e+00  4.161839e-05
 -7.230000e-01 -4.174242e-01  1.014338e+00  1.095163e-04
 -4.820000e-01 -4.174242e-01  1.574563e+00  4.162155e-05
 -2.410000e-01 -4.174242e-01  6.149783e+00  1.091298e-04
  0.000000e+00 -4.174242e-01  1.741440e+00  7.284783e-05
  2.410000e-01 -4.174242e-01  2.300101e+00  8.112578e-05
  4.820000e-01 -4.174242e-01  9.481996e-01  5.707031e-05
  7.230000e-01 -4.174242e-01  3.293446e+00  1.813811e-04
  9.640000e-01 -4.174242e-01  3.956892e+00  1.275915e-04
  1.205000e+00 -4.174242e-01  3.914265e+00  3.149914e-05
  1.446000e+00 -4.174242e-01  8.175103e-01  4.790539e-05
 -1.325500e+00 -6.261364e-01  9.991663e-01  1.074934e-04
 -1.084500e+00 -6.261364e-01  1.424615e+00  1.036416e-04
 -8.435000e-01 -6.261364e-01  1.622974e+00  1.475214e-04
 -6.025000e-01 -6.261364e-01  6.436876e-01  1.470101e-04
 -3.615000e-01 -6.261364e-01  6.734862e-01  8.842420e-05
 -1.205000e-01 -6.261364e-01  1.052213e+00  6.568354e-05
  1.205000e-01 -6.261364e-01  3.529609e+00  2.992721e-05
  3.615000e-01 -6.261364e-01  5.213148e+00  7.706591e-05
  6.025000e-01 -6.261364e-01  3.743561e+00  2.898254e-05
  8.435000e-01 -6.261364e-01  3.189120e+00  1.499452e-04
  1.084500e+00 -6.261364e-01  3.048398e+00  1.159838e-04
  1.325500e+00 -6.261364e-01  2.386730e+00  7.929003e-05
 -1.205000e+00 -8.348485e-01  2.731155e+00  4.657773e-05
 -9.640000e-01 -8.348485e-01  2.137788e+00  1.419033e-04
 -7.230000e-01 -8.348485e-01  9.942132e-01  1.680736e-04
 -4.820000e-01 -8.348485e-01  8.888187e-01  1.701261e-04
 -2.410000e-01 -8.348485e-01  9.770027e-01  1.401120e-04
  0.000000e+00 -8.348485e-01  9.452858e-02  1.060722e-04
  2.410000e-01 -8.348485e-01  4.992796e+00  5.680378e-05
  4.820000e-01 -8.348485e-01  2.544369e+00  1.075059e-04
  7.230000e-01 -8.348485e-01  2.335586e+00  1.792828e-04
  9.640000e-01 -8.348485e-01  2.359970e+00  2.032537e-04
  1.205000e+00 -8.348485e-01  2.131334e+00  1.100654e-04
 -1.084500e+00 -1.043561e+00  2.553904e+00  1.121900e-04
 -8.435000e-01 -1.043561e+00  1.962559e+00  6.115847e-05
 -6.025000e-01 -1.043561e+00  6.243177e-01  1.616483e-04
 -3.615000e-01 -1.043561e+00  7.906541e-01  1.417015e-04
 -1.205000e-01 -1.043561e+00  5.602429e-01  1.733353e-04
  1.205000e-01 -1.043561e+00  1.071628e+00  1.499505e-04
  3.615000e-01 -1.043561e+00  2.180668e+00  1.229940e-04
  6.025000e-01 -1.043561e+00  2.702350e+00  1.519102e-04
  8.435000e-01 -1.043561e+00  2.604833e+00  1.768139e-04
  1.084500e+00 -1.043561e+00  2.497530e+00  1.269996e-04
 -9.640000e-01 -1.252273e+00  2.103650e+00  3.369298e-05
 -7.230000e-01 -1.252273e+00  1.590619e+00  6.036849e-05
 -4.820000e-01 -1.252273e+00  1.102380e+00  1.954967e-04
 -2.410000e-01 -1.252273e+00  9.300775e-01  1.980414e-04
  0.000000e+00 -1.252273e+00  8.144737e-01  1.652819e-04
  2.410000e-01 -1.252273e+00  1.320510e+00  1.295470e-04
  4.820000e-01 -1.252273e+00  2.263928e+00  1.118191e-04
  7.230000e-01 -1.252273e+00  2.924912e+00  1.403909e-04
  9.640000e-01 -1.252273e+00  2.672614e+00  1.071937e-04
 -6.025000e-01 -1.460985e+00  1.283864e+00  1.685268e-04
 -3.615000e-01 -1.460985e+00  7.904410e-01  1.839074e-04
 -1.205000e-01 -1.460985e+00  1.795483e-01  1.590285e-04
  1.205000e-01 -1.460985e+00  3.110451e-02  4.617287e-05
  3.615000e-01 -1.460985e+00  1.726131e+00  5.734013e-05
  6.025000e-01 -1.460985e+00  2.361485e+00  5.804090e-05
 -6.025000e-01  1.460985e+00  2.682268e-01  7.557291e-05
 -3.615000e-01  1.460985e+00  1.021167e+00  9.071797e-05
 -1.205000e-01  1.460985e+00  5.766736e+00  5.631927e-05
  1.205000e-01  1.460985e+00  4.751640e+00  1.316803e-04
  3.615000e-01  1.460985e+00  5.057937e+00  5.021335e-05
  6.025000e-01  1.460985e+00  1.226936e+00  2.880653e-05
 -9.640000e-01  1.252273e+00  5.033451e+00  5.154086e-05
 -7.230000e-01  1.252273e+00  5.399341e+00  9.865054e-05
 -4.820000e-01  1.252273e+00  5.617764e+00  1.248967e-04
 -2.410000e-01  1.252273e+00  5.799234e+00  9.760572e-05
  0.000000e+00  1.252273e+00  5.996190e+00  1.211280e-04
  2.410000e-01  1.252273e+00  3.404661e+00  6.702888e-05
  4.820000e-01  1.252273e+00  2.692287e+00  2.653604e-05
  7.230000e-01  1.252273e+00  2.930770e+00  1.083566e-04
  9.640000e-01  1.252273e+00  4.013708e+00  6.391283e-05
 -1.084500e+00  1.043561e+00  5.387331e+00  7.566387e-05
 -8.435000e-01  1.043561e+00  5.261737e+00  1.056516e-04
 -6.025000e-01  1.043561e+00  5.571618e+00  1.915312e-04
 -3.615000e-01  1.043561e+00  4.669765e+00  1.312347e-04
 -1.205000e-01  1.043561e+00  5.782658e+00  5.781138e-05
  1.205000e-01  1.043561e+00  1.912815e+00  3.393599e-05
  3.615000e-01  1.043561e+00  4.804841e+00  5.949711e-05
  6.025000e-01  1.043561e+00  4.055731e+00  1.012923e-04
  8.435000e-01  1.043561e+00  3.104079e+00  1.115268e-04
  1.084500e+00  1.043561e+00  8.715018e-01  7.301442e-05
 -1.205000e+00  8.348485e-01  5.823794e+00  3.774083e-05
 -9.640000e-01  8.348485e-01  5.423786e+00  1.162551e-04
 -7.230000e-01  8.348485e-01  5.441959e+00  1.360104e-04
 -4.820000e-01  8.348485e-01  5.635533e+00  1.323497e-04
 -2.410000e-01  8.348485e-01  4.270645e+00  1.029029e-04
  0.000000e+00  8.348485e-01  5.224234e+00  1.396861e-04
  2.410000e-01  8.348485e-01  4.803413e+00  1.252913e-04
  4.820000e-01  8.348485e-01  4.764389e+00  1.128461e-04
  7.230000e-01  8.348485e-01  3.469914e+00  2.475849e-04
  9.640000e-01  8.348485e-01  3.544426e+00  7.630109e-05
  1.205000e+00  8.348485e-01  2.650623e+00  4.409860e-05
 -1.325500e+00  6.261364e-01  5.641045e+00  8.628298e-05
 -1.084500e+00  6.261364e-01  5.639813e+00  1.917969e-04
 -8.435000e-01  6.261364e-01  5.108402e+00  1.368048e-04
 -6.025000e-01  6.261364e-01  5.920499e+00  1.168093e-04
 -3.615000e-01  6.261364e-01  5.709128e+00  2.649701e-07
 -1.205000e-01  6.261364e-01  5.463350e+00  1.289653e-04
  1.205000e-01  6.261364e-01  4.779680e+00  1.983809e-04
  3.615000e-01  6.261364e-01  3.749364e+00  7.940192e-05
  6.025000e-01  6.261364e-01  2.491013e+00  1.280323e-04
  8.435000e-01  6.261364e-01  3.507212e+00  1.499140e-04
  1.084500e+00  6.261364e-01  3.529010e+00  1.264794e-04
  1.325500e+00  6.261364e-01  2.878510e+00  8.211709e-05
 -1.446000e+00  4.174242e-01  5.315575e+00  8.166638e-05
 -1.205000e+00  4.174242e-01  5.728945e+00  1.650428e-04
 -9.640000e-01  4.174242e-01  5.667706e+00  1.361948e-04
 -7.230000e-01  4.174242e-01  4.521832e+00  8.904427e-05
 -4.820000e-01  4.174242e-01  5.325823e+00  4.406147e-05
 -2.410000e-01  4.174242e-01  6.121974e+00  9.394748e-05
  0.000000e+00  4.174242e-01  4.449821e-01  1.459492e-04
  2.410000e-01  4.174242e-01  2.549489e+00  1.387674e-04
  4.820000e-01  4.174242e-01  3.063590e+00  1.554160e-04
  7.230000e-01  4.174242e-01  2.474255e+00  1.774768e-04
  9.640000e-01  4.174242e-01  2.024504e+00  1.755377e-04
  1.205000e+00  4.174242e-01  2.620692e+00  1.390802e-04
  1.446000e+00  4.174242e-01  5.609945e+00  1.008299e-05
 -1.566500e+00  2.087121e-01  5.400391e+00  1.076286e-04
 -1.325500e+00  2.087121e-01  5.178284e+00  2.060732e-04
 -1.084500e+00  2.087121e-01  5.460456e+00  2.091824e-04
 -8.435000e-01  2.087121e-01  5.110458e+00  1.210276e-04
 -6.025000e-01  2.087121e-01  4.843035e+00  1.073922e-04
 -3.615000e-01  2.087121e-01  4.514169e+00  9.626007e-05
 -1.205000e-01  2.087121e-01  2.225374e+00  4.728439e-05
  1.205000e-01  2.087121e-01  1.637839e+00  2.058246e-04
  3.615000e-01  2.087121e-01  1.562811e+00  8.704684e-05
  6.025000e-01  2.087121e-01  3.240744e+00  2.146423e-04
  8.435000e-01  2.087121e-01  2.888506e+00  1.615299e-04
  1.084500e+00  2.087121e-01  2.970600e+00  3.810855e-05
  1.325500e+00  2.087121e-01  5.140408e+00  5.900556e-05
  1.566500e+00  2.087121e-01  5.116401e+00  3.501935e-05
 -1.446000e+00  0.000000e+00  5.226602e+00  9.096651e-05
 -1.205000e+00  0.000000e+00  5.866629e+00  1.359467e-04
 -9.640000e-01  0.000000e+00  1.382535e-01  6.499273e-06
 -7.230000e-01  0.000000e+00  8.637476e-01  3.620745e-05
 -4.820000e-01  0.000000e+00  3.733123e+00  4.222011e-05
 -2.410000e-01  0.000000e+00  4.417171e+00  4.607314e-05
  0.000000e+00  0.000000e+00  4.329715e+00  1.966103e-04
  2.410000e-01  0.000000e+00  4.790579e+00  1.627086e-04
  4.820000e-01  0.000000e+00  4.686274e+00  1.277288e-04
  7.230000e-01  0.000000e+00  3.855799e+00  3.239879e-04
  9.640000e-01  0.000000e+00  4.430977e+00  1.847186e-04
  1.205000e+00  0.000000e+00  4.390982e+00  1.029336e-04
  1.446000e+00  0.000000e+00  5.145670e+00  1.074370e-04
 -1.566500e+00 -2.087121e-01  2.921894e+00  8.782344e-05
 -1.325500e+00 -2.087121e-01  1.154139e+00  1.040337e-04
 -1.084500e+00 -2.087121e-01  1.111388e+00  1.430289e-04
 -8.435000e-01 -2.087121e-01  1.308085e+00  9.835467e-05
 -6.025000e-01 -2.087121e-01  6.701358e-01  1.011023e-04
 -3.615000e-01 -2.087121e-01  5.676813e-02  2.692499e-05
 -1.205000e-01 -2.087121e-01  5.467175e+00  1.267423e-04
  1.205000e-01 -2.087121e-01  4.144578e+00  1.397693e-04
  3.615000e-01 -2.087121e-01  5.212785e+00  2.888465e-05
  6.025000e-01 -2.087121e-01  3.460137e+00  1.071410e-04
  8.435000e-01 -2.087121e-01  3.371525e+00  2.404160e-04
  1.084500e+00 -2.087121e-01  3.528353e+00  9.103364e-05
  1.325500e+00 -2.087121e-01  5.120007e+00  4.618189e-05
  1.566500e+00 -2.087121e-01  6.165777e+00  9.084661e-05
 -1.446000e+00 -4.174242e-01  2.502392e+00  7.971052e-05
 -1.205000e+00 -4.174242e-01  5.253521e-01  1.235778e-04
 -9.640000e-01 -4.174242e-01  1.596915e+00  4.992834e-05
 -7.230000e-01 -4.174242e-01  5.796768e-01  1.042660e-04
 -4.820000e-01 -4.174242e-01  2.736083e-01  6.400554e-05
 -2.410000e-01 -4.174242e-01  6.204860e+00  9.550019e-05
  0.000000e+00 -4.174242e-01  1.803753e+00  9.471508e-05
  2.410000e-01 -4.174242e-01  2.491093e+00  1.672155e-04
  4.820000e-01 -4.174242e-01  1.324910e+00  1.041034e-04
  7.230000e-01 -4.174242e-01  2.809528e+00  1.748684e-04
  9.640000e-01 -4.174242e-01  3.513273e+00  1.025257e-04
  1.205000e+00 -4.174242e-01  3.505149e+00  6.155240e-05
  1.446000e+00 -4.174242e-01  1.039275e+00  4.213844e-05
 -1.325500e+00 -6.261364e-01  5.644419e-01  8.591636e-05
 -1.084500e+00 -6.261364e-01  1.215491e+00  1.022403e-04
 -8.435000e-01 -6.261364e-01  1.259053e+00  1.559450e-04
 -6.025000e-01 -6.261364e-01  4.716624e-01  1.724676e-04
 -3.615000e-01 -6.261364e-01  8.789078e-01  9.945873e-05
 -1.205000e-01 -6.261364e-01  1.404167e+00  8.463090e-05
  1.205000e-01 -6.261364e-01  3.083475e+00  6.737663e-05
  3.615000e-01 -6.261364e-01  4.535819e+00  7.439600e-05
  6.025000e-01 -6.261364e-01  3.762385e+00  5.332321e-05
  8.435000e-01 -6.261364e-01  3.205957e+00  1.338497e-04
  1.084500e+00 -6.261364e-01  3.032873e+00  1.186583e-04
  1.325500e+00 -6.261364e-01  2.508340e+00  8.820850e-05
 -1.205000e+00 -8.348485e-01  3.244729e+00  5.737025e-05
 -9.640000e-01 -8.348485e-01  2.095311e+00  1.387272e-04
 -7.230000e-01 -8.348485e-01  9.844287e-01  2.327810e-04
 -4.820000e-01 -8.348485e-01  1.063740e+00  2.402626e-04
 -2.410000e-01 -8.348485e-01  1.195633e+00  1.879636e-04
  0.000000e+00 -8.348485e-01  7.193585e-01  1.164007e-04
  2.410000e-01 -8.348485e-01  3.267865e+00  2.116546e-05
  4.820000e-01 -8.348485e-01  2.459278e+00  1.159563e-04
  7.230000e-01 -8.348485e-01  2.404665e+00  1.617246e-04
  9.640000e-01 -8.348485e-01  2.471406e+00  1.755193e-04
  1.205000e+00 -8.348485e-01  2.373383e+00  1.216846e-04
 -1.084500e+00 -1.043561e+00  2.719549e+00  1.322390e-04
 -8.435000e-01 -1.043561e+00  1.885356e+00  5.119574e-05
 -6.025000e-01 -1.043561e+00  7.283293e-01  1.609722e-04
 -3.615000e-01 -1.043561e+00  8.889194e-01  1.685666e-04
 -1.205000e-01 -1.043561e+00  8.746447e-01  1.815141e-04
  1.205000e-01 -1.043561e+00  1.229447e+00  1.840353e-04
  3.615000e-01 -1.043561e+00  2.047648e+00  1.268355e-04
  6.025000e-01 -1.043561e+00  2.606565e+00  1.521870e-04
  8.435000e-01 -1.043561e+00  2.360899e+00  1.828761e-04
  1.084500e+00 -1.043561e+00  2.399987e+00  1.359413e-04
 -9.640000e-01 -1.252273e+00  1.852937e+00  3.301518e-05
 -7.230000e-01 -1.252273e+00  1.888707e+00  4.475910e-05
 -4.820000e-01 -1.252273e+00  1.166581e+00  1.945601e-04
 -2.410000e-01 -1.252273e+00  1.101927e+00  2.021834e-04
  0.000000e+00 -1.252273e+00  1.048174e+00  1.768847e-04
  2.410000e-01 -1.252273e+00  1.137752e+00  1.518489e-04
  4.820000e-01 -1.252273e+00  2.320712e+00  1.089922e-04
  7.230000e-01 -1.252273e+00  2.850528e+00  1.621234e-04
  9.640000e-01 -1.252273e+00  2.395845e+00  1.338501e-04
 -6.025000e-01 -1.460985e+00  1.394802e+00  1.779079e-04
 -3.615000e-01 -1.460985e+00  9.412349e-01  1.832911e-04
 -1.205000e-01 -1.460985e+00  5.577805e-01  1.386906e-04
  1.205000e-01 -1.460985e+00  4.632468e-01  7.641867e-05
  3.615000e-01 -1.460985e+00  1.235631e+00  7.214417e-05
  6.025000e-01 -1.460985e+00  2.433153e+00  6.234486e-05
 -6.025000e-01  1.460985e+00  6.006510e+00  6.570281e-05
 -3.615000e-01  1.460985e+00  5.362329e-01  6.326489e-05
 -1.205000e-01  1.460985e+00  8.804065e-02  7.099434e-05
  1.205000e-01  1.460985e+00  4.650273e+00  9.128967e-05
  3.615000e-01  1.460985e+00  4.982546e+00  3.238761e-05
  6.025000e-01  1.460985e+00  1.267529e+00  3.333011e-05
 -9.640000e-01  1.252273e+00  5.043416e+00  3.999512e-05
 -7.230000e-01  1.252273e+00  5.324632e+00  9.478728e-05
 -4.820000e-01  1.252273e+00  5.364950e+00  1.150089e-04
 -2.410000e-01  1.252273e+00  5.783862e+00  8.160837e-05
  0.000000e+00  1.252273e+00  6.124042e+00  1.109535e-04
  2.410000e-01  1.252273e+00  3.322234e+00  6.673500e-05
  4.820000e-01  1.252273e+00  2.309494e+00  2.714874e-05
  7.230000e-01  1.252273e+00  2.885517e+00  9.421717e-05
  9.640000e-01  1.252273e+00  3.537867e+00  5.734005e-05
 -1.084500e+00  1.043561e+00  5.377539e+00  7.917318e-05
 -8.435000e-01  1.043561e+00  5.157063e+00  9.861197e-05
 -6.025000e-01  1.043561e+00  5.598836e+00  1.595532e-04
 -3.615000e-01  1.043561e+00  4.540927e+00  1.147861e-04
 -1.205000e-01  1.043561e+00  5.603959e+00  8.604398e-05
  1.205000e-01  1.043561e+00  2.570565e+00  3.333179e-05
  3.615000e-01  1.043561e+00  4.463864e+00  3.209583e-05
  6.025000e-01  1.043561e+00  4.263712e+00  8.140125e-05
  8.435000e-01  1.043561e+00  3.319923e+00  1.263841e-04
  1.084500e+00  1.043561e+00  2.280396e+00  2.118371e-05
 -1.205000e+00  8.348485e-01  5.741368e+00  3.798304e-05
 -9.640000e-01  8.348485e-01  5.446882e+00  1.045394e-04
 -7.230000e-01  8.348485e-01  5.310953e+00  1.301909e-04
 -4.820000e-01  8.348485e-01  5.395596e+00  1.342267e-04
 -2.410000e-01  8.348485e-01  4.485995e+00  1.113086e-04
  0.000000e+00  8.348485e-01  5.085172e+00  1.168044e-04
  2.410000e-01  8.348485e-01  4.495039e+00  1.169902e-04
  4.820000e-01  8.348485e-01  4.964685e+00  1.217115e-04
  7.230000e-01  8.348485e-01  3.659126e+00  1.905933e-04
  9.640000e-01  8.348485e-01  3.662743e+00  1.296121e-04
  1.205000e+00  8.348485e-01  3.227796e+00  4.208407e-05
 -1.325500e+00  6.261364e-01  5.792417e+00  5.524728e-05
 -1.084500e+00  6.261364e-01  5.695764e+00  1.632940e-04
 -8.435000e-01  6.261364e-01  5.244590e+00  1.276393e-04
 -6.025000e-01  6.261364e-01  5.794439e+00  1.229507e-04
 -3.615000e-01  6.261364e-01  4.084456e+00  2.819930e-05
 -1.205000e-01  6.261364e-01  5.492162e+00  7.543168e-05
  1.205000e-01  6.261364e-01  4.858347e+00  1.880565e-04
  3.615000e-01  6.261364e-01  3.947941e+00  1.189389e-04
  6.025000e-01  6.261364e-01  2.172978e+00  1.003179e-04
  8.435000e-01  6.261364e-01  3.544729e+00  1.274588e-04
  1.084500e+00  6.261364e-01  3.610150e+00  1.663344e-04
  1.325500e+00  6.261364e-01  3.001428e+00  8.407706e-05
 -1.446000e+00  4.174242e-01  5.591659e+00  5.662413e-05
 -1.205000e+00  4.174242e-01  5.961806e+00  1.493927e-04
 -9.640000e-01  4.174242e-01  5.749184e+00  1.303687e-04
 -7.230000e-01  4.174242e-01  4.913179e+00  7.547894e-05
 -4.820000e-01  4.174242e-01  2.549804e+00  4.573429e-06
 -2.410000e-01  4.174242e-01  6.084018e-01  5.460846e-05
  0.000000e+00  4.174242e-01  1.790354e-01  1.651226e-04
  2.410000e-01  4.174242e-01  2.879996e+00  1.075514e-04
  4.820000e-01  4.174242e-01  3.294404e+00  1.701366e-04
  7.230000e-01  4.174242e-01  2.443162e+00  9.386470e-05
  9.640000e-01  4.174242e-01  2.140004e+00  1.195096e-04
  1.205000e+00  4.174242e-01  2.993369e+00  1.741415e-04
  1.446000e+00  4.174242e-01  4.212079e+00  4.199001e-05
 -1.566500e+00  2.087121e-01  5.059539e+00  6.166945e-05
 -1.325500e+00  2.087121e-01  5.289999e+00  1.645657e-04
 -1.084500e+00  2.087121e-01  5.597429e+00  2.146989e-04
 -8.435000e-01  2.087121e-01  5.223794e+00  1.285288e-04
 -6.025000e-01  2.087121e-01  4.535589e+00  8.602928e-05
 -3.615000e-01  2.087121e-01  3.963972e+00  7.556331e-05
 -1.205000e-01  2.087121e-01  7.431209e-01  3.787543e-05
  1.205000e-01  2.087121e-01  1.335438e+00  1.858244e-04
  3.615000e-01  2.087121e-01  1.961215e+00  7.836905e-05
  6.025000e-01  2.087121e-01  3.387636e+00  1.822076e-04
  8.435000e-01  2.087121e-01  2.811194e+00  1.219179e-04
  1.084500e+00  2.087121e-01  2.993582e+00  8.073807e-05
  1.325500e+00  2.087121e-01  4.730554e+00  8.896667e-05
  1.566500e+00  2.087121e-01  5.246939e+00  8.467129e-05
 -1.446000e+00  0.000000e+00  5.287952e+00  5.567457e-05
 -1.205000e+00  0.000000e+00  6.049151e+00  1.878391e-04
 -9.640000e-01  0.000000e+00  6.227040e+00  2.836328e-05
 -7.230000e-01  0.000000e+00  1.196231e+00  4.787355e-05
 -4.820000e-01  0.000000e+00  3.714935e+00  7.820114e-05
 -2.410000e-01  0.000000e+00  4.485978e+00  7.844605e-05
  0.000000e+00  0.000000e+00  4.619996e+00  1.361451e-04
  2.410000e-01  0.000000e+00  4.707810e+00  1.036395e-04
  4.820000e-01  0.000000e+00  4.487820e+00  5.153751e-05
  7.230000e-01  0.000000e+00  3.750087e+00  2.341075e-04
  9.640000e-01  0.000000e+00  4.442496e+00  1.333277e-04
  1.205000e+00  0.000000e+00  4.137910e+00  8.134985e-05
  1.446000e+00  0.000000e+00  5.482753e+00  1.082399e-04
 -1.566500e+00 -2.087121e-01  2.987704e+00  1.069784e-04
 -1.325500e+00 -2.087121e-01  8.534306e-01  1.078356e-04
 -1.084500e+00 -2.087121e-01  8.620707e-01  1.642178e-04
 -8.435000e-01 -2.087121e-01  1.500114e+00  1.216136e-04
 -6.025000e-01 -2.087121e-01  6.897997e-01  1.234217e-04
 -3.615000e-01 -2.087121e-01  5.484839e+00  2.246378e-05
 -1.205000e-01 -2.087121e-01  5.319414e+00  1.278624e-04
  1.205000e-01 -2.087121e-01  4.057685e+00  1.129090e-04
  3.615000e-01 -2.087121e-01  2.277749e+00  2.585982e-05
  6.025000e-01 -2.087121e-01  3.145621e+00  7.591001e-05
  8.435000e-01 -2.087121e-01  3.270379e+00  1.636139e-04
  1.084500e+00 -2.087121e-01  3.219901e+00  1.005038e-04
  1.325500e+00 -2.087121e-01  5.988991e+00  2.146409e-05
  1.566500e+00 -2.087121e-01  2.588688e-01  7.136704e-05
 -1.446000e+00 -4.174242e-01  2.567928e+00  5.418592e-05
 -1.205000e+00 -4.174242e-01  2.793094e-01  1.495969e-04
 -9.640000e-01 -4.174242e-01  1.611390e+00  3.832783e-05
 -7.230000e-01 -4.174242e-01  2.859123e-01  8.563804e-05
 -4.820000e-01 -4.174242e-01  1.344547e-01  8.654851e-05
 -2.410000e-01 -4.174242e-01  6.283095e+00  6.924091e-05
  0.000000e+00 -4.174242e-01  1.890924e+00  8.383631e-05
  2.410000e-01 -4.174242e-01  2.581459e+00  1.907559e-04
  4.820000e-01 -4.174242e-01  1.295623e+00  8.976398e-05
  7.230000e-01 -4.174242e-01  2.662074e+00  1.334857e-04
  9.640000e-01 -4.174242e-01  3.258624e+00  6.408487e-05
  1.205000e+00 -4.174242e-01  3.450867e+00  6.404693e-05
  1.446000e+00 -4.174242e-01  1.115254e+00  3.660584e-05
 -1.325500e+00 -6.261364e-01  1.222466e-01  9.158529e-05
 -1.084500e+00 -6.261364e-01  1.021642e+00  9.073798e-05
 -8.435000e-01 -6.261364e-01  1.102984e+00  1.391654e-04
 -6.025000e-01 -6.261364e-01  3.256375e-01  1.486233e-04
 -3.615000e-01 -6.261364e-01  9.860004e-01  7.746241e-05
 -1.205000e-01 -6.261364e-01  1.498476e+00  8.639245e-05
  1.205000e-01 -6.261364e-01  3.087114e+00  8.092847e-05
  3.615000e-01 -6.261364e-01  4.457995e+00  9.021515e-05
  6.025000e-01 -6.261364e-01  4.071129e+00  5.936701e-05
  8.435000e-01 -6.261364e-01  3.447627e+00  9.737550e-05
  1.084500e+00 -6.261364e-01  3.197055e+00  9.755602e-05
  1.325500e+00 -6.261364e-01  2.624909e+00  8.770398e-05
 -1.205000e+00 -8.348485e-01  3.638568e+00  7.895334e-05
 -9.640000e-01 -8.348485e-01  2.124634e+00  1.159367e-04
 -7.230000e-01 -8.348485e-01  1.001366e+00  2.351668e-04
 -4.820000e-01 -8.348485e-01  1.121674e+00  2.426784e-04
 -2.410000e-01 -8.348485e-01  1.346070e+00  1.756182e-04
  0.000000e+00 -8.348485e-01  9.889262e-01  1.222165e-04
  2.410000e-01 -8.348485e-01  2.322522e+00  3.240281e-05
  4.820000e-01 -8.348485e-01  2.419452e+00  8.885675e-05
  7.230000e-01 -8.348485e-01  2.437296e+00  1.187017e-04
  9.640000e-01 -8.348485e-01  2.549772e+00  1.104023e-04
  1.205000e+00 -8.348485e-01  2.687712e+00  1.107451e-04
 -1.084500e+00 -1.043561e+00  2.876612e+00  1.339213e-04
 -8.435000e-01 -1.043561e+00  2.272834e+00  3.018310e-05
 -6.025000e-01 -1.043561e+00  8.424031e-01  1.295477e-04
 -3.615000e-01 -1.043561e+00  8.502165e-01  1.593992e-04
 -1.205000e-01 -1.043561e+00  1.098644e+00  1.393827e-04
  1.205000e-01 -1.043561e+00  1.219299e+00  1.706556e-04
  3.615000e-01 -1.043561e+00  1.785542e+00  9.475569e-05
  6.025000e-01 -1.043561e+00  2.608443e+00  1.214069e-04
  8.435000e-01 -1.043561e+00  2.105587e+00  1.555034e-04
  1.084500e+00 -1.043561e+00  2.180062e+00  1.030524e-04
 -9.640000e-01 -1.252273e+00  1.510944e+00  3.743755e-05
 -7.230000e-01 -1.252273e+00  2.903107e+00  2.879567e-05
 -4.820000e-01 -1.252273e+00  1.110800e+00  1.461602e-04
 -2.410000e-01 -1.252273e+00  1.176028e+00  1.644539e-04
  0.000000e+00 -1.252273e+00  1.200755e+00  1.376760e-04
  2.410000e-01 -1.252273e+00  8.207928e-01  1.368395e-04
  4.820000e-01 -1.252273e+00  2.448236e+00  7.685783e-05
  7.230000e-01 -1.252273e+00  2.853241e+00  1.607297e-04
  9.640000e-01 -1.252273e+00  2.153623e+00  1.398778e-04
 -6.025000e-01 -1.460985e+00  1.521754e+00  1.435561e-04
 -3.615000e-01 -1.460985e+00  1.028753e+00  1.604491e-04
 -1.205000e-01 -1.460985e+00  8.674354e-01  1.104460e-04
  1.205000e-01 -1.460985e+00  5.093566e-01  9.171196e-05
  3.615000e-01 -1.460985e+00  8.295778e-01  7.538896e-05
  6.025000e-01 -1.460985e+00  2.640404e+00  5.244648e-05
 -6.025000e-01  1.460985e+00  5.594672e+00  5.751032e-05
 -3.615000e-01  1.460985e+00  6.082392e+00  5.608166e-05
 -1.205000e-01  1.460985e+00  7.266141e-01  1.021888e-04
  1.205000e-01  1.460985e+00  4.182310e+00  2.867009e-05
  3.615000e-01  1.460985e+00  5.778327e+00  1.210441e-05
  6.025000e-01  1.460985e+00  1.231282e+00  3.897817e-05
 -9.640000e-01  1.252273e+00  4.641230e+00  1.662770e-05
 -7.230000e-01  1.252273e+00  5.397739e+00  7.415203e-05
 -4.820000e-01  1.252273e+00  5.128189e+00  7.101824e-05
 -2.410000e-01  1.252273e+00  6.014620e+00  5.537816e-05
  0.000000e+00  1.252273e+00  8.460757e-02  7.323056e-05
  2.410000e-01  1.252273e+00  2.953893e+00  3.204124e-05
  4.820000e-01  1.252273e+00  1.662215e+00  3.878901e-05
  7.230000e-01  1.252273e+00  2.587167e+00  6.126519e-05
  9.640000e-01  1.252273e+00  3.039473e+00  4.265249e-05
 -1.084500e+00  1.043561e+00  5.213770e+00  7.819293e-05
 -8.435000e-01  1.043561e+00  4.828744e+00  8.359782e-05
 -6.025000e-01  1.043561e+00  5.629545e+00  9.873252e-05
 -3.615000e-01  1.043561e+00  4.525115e+00  7.209235e-05
 -1.205000e-01  1.043561e+00  5.602763e+00  8.427609e-05
  1.205000e-01  1.043561e+00  2.459824e+00  5.465058e-05
  3.615000e-01  1.043561e+00  1.580225e+00  2.359875e-05
  6.025000e-01  1.043561e+00  4.512155e+00  3.366536e-05
  8.435000e-01  1.043561e+00  3.375104e+00  8.283352e-05
  1.084500e+00  1.043561e+00  3.450833e+00  4.543233e-05
 -1.205000e+00  8.348485e-01  5.175121e+00  4.493587e-05
 -9.640000e-01  8.348485e-01  5.159555e+00  8.493358e-05
 -7.230000e-01  8.348485e-01  4.966498e+00  1.048295e-04
 -4.820000e-01  8.348485e-01  5.078623e+00  1.051776e-04
 -2.410000e-01  8.348485e-01  4.561772e+00  6.853499e-05
  0.000000e+00  8.348485e-01  4.392435e+00  4.184556e-05
  2.410000e-01  8.348485e-01  4.448457e+00  6.923866e-05
  4.820000e-01  8.348485e-01  5.264891e+00  1.040884e-04
  7.230000e-01  8.348485e-01  4.005313e+00  9.953736e-05
  9.640000e-01  8.348485e-01  3.722017e+00  1.080088e-04
  1.205000e+00  8.348485e-01  3.575501e+00  2.106662e-05
 -1.325500e+00  6.261364e-01  1.005765e+00  2.796105e-06
 -1.084500e+00  6.261364e-01  5.773611e+00  9.800421e-05
 -8.435000e-01  6.261364e-01  5.121313e+00  7.902730e-05
 -6.025000e-01  6.261364e-01  5.524954e+00  8.048528e-05
 -3.615000e-01  6.261364e-01  3.614897e+00  5.040734e-05
 -1.205000e-01  6.261364e-01  6.172133e+00  6.323201e-06
  1.205000e-01  6.261364e-01  5.019756e+00  1.420161e-04
  3.615000e-01  6.261364e-01  4.255319e+00  1.053668e-04
  6.025000e-01  6.261364e-01  1.766802e+00  7.498214e-05
  8.435000e-01  6.261364e-01  3.648725e+00  6.245938e-05
  1.084500e+00  6.261364e-01  3.739816e+00  1.354885e-04
  1.325500e+00  6.261364e-01  3.086009e+00  6.271062e-05
 -1.446000e+00  4.174242e-01  8.488611e-01  1.427004e-05
 -1.205000e+00  4.174242e-01  1.171822e-01  1.023626e-04
 -9.640000e-01  4.174242e-01  5.890535e+00  8.153405e-05
 -7.230000e-01  4.174242e-01  5.041970e+00  3.233155e-05
 -4.820000e-01  4.174242e-01  2.464496e+00  5.554747e-05
 -2.410000e-01  4.174242e-01  1.968890e+00  6.987329e-05
  0.000000e+00  4.174242e-01  4.872259e-02  1.503776e-04
  2.410000e-01  4.174242e-01  3.172798e+00  5.223409e-05
  4.820000e-01  4.174242e-01  3.312101e+00  1.299780e-04
  7.230000e-01  4.174242e-01  9.050947e-01  2.212707e-05
  9.640000e-01  4.174242e-01  1.951656e+00  3.006879e-05
  1.205000e+00  4.174242e-01  3.238926e+00  1.562135e-04
  1.446000e+00  4.174242e-01  4.045372e+00  7.283039e-05
 -1.566500e+00  2.087121e-01  3.535568e+00  4.698374e-05
 -1.325500e+00  2.087121e-01  5.366339e+00  7.394903e-05
 -1.084500e+00  2.087121e-01  5.789325e+00  1.683436e-04
 -8.435000e-01  2.087121e-01  5.103596e+00  9.136303e-05
 -6.025000e-01  2.087121e-01  3.988996e+00  7.295313e-05
 -3.615000e-01  2.087121e-01  3.342340e+00  8.958672e-05
 -1.205000e-01  2.087121e-01  6.217734e+00  6.014550e-05
  1.205000e-01  2.087121e-01  8.108632e-01  1.272842e-04
  3.615000e-01  2.087121e-01  2.546776e+00  5.465209e-05
  6.025000e-01  2.087121e-01  3.667369e+00  1.014767e-04
  8.435000e-01  2.087121e-01  2.321459e+00  3.285773e-05
  1.084500e+00  2.087121e-01  3.064404e+00  6.940097e-05
  1.325500e+00  2.087121e-01  4.609386e+00  1.086488e-04
  1.566500e+00  2.087121e-01  5.278561e+00  1.132238e-04
 -1.446000e+00  0.000000e+00  3.954639e+00  1.966253e-05
 -1.205000e+00  0.000000e+00  6.161658e+00  1.800703e-04
 -9.640000e-01  0.000000e+00  4.484415e-02  3.934568e-05
 -7.230000e-01  0.000000e+00  1.644268e+00  3.614865e-05
 -4.820000e-01  0.000000e+00  3.670150e+00  1.073955e-04
 -2.410000e-01  0.000000e+00  4.351531e+00  9.474000e-05
  0.000000e+00  0.000000e+00  5.349792e+00  8.492985e-05
  2.410000e-01  0.000000e+00  4.584933e+00  3.817952e-05
  4.820000e-01  0.000000e+00  2.683690e+00  3.141623e-05
  7.230000e-01  0.000000e+00  3.381015e+00  8.425397e-05
  9.640000e-01  0.000000e+00  5.260921e+00  6.057463e-05
  1.205000e+00  0.000000e+00  4.121762e+00  4.888955e-05
  1.446000e+00  0.000000e+00  5.766674e+00  9.305940e-05
 -1.566500e+00 -2.087121e-01  3.074463e+00  1.165726e-04
 -1.325500e+00 -2.087121e-01  6.469900e-01  6.614902e-05
 -1.084500e+00 -2.087121e-01  7.067364e-01  1.383888e-04
 -8.435000e-01 -2.087121e-01  1.615761e+00  1.232692e-04
 -6.025000e-01 -2.087121e-01  9.040137e-01  1.031287e-04
 -3.615000e-01 -2.087121e-01  3.891270e+00  2.696579e-05
 -1.205000e-01 -2.087121e-01  5.142482e+00  9.651358e-05
  1.205000e-01 -2.087121e-01  3.979884e+00  5.222122e-05
  3.615000e-01 -2.087121e-01  2.156513e+00  6.012166e-05
  6.025000e-01 -2.087121e-01  2.923593e+00  5.220088e-05
  8.435000e-01 -2.087121e-01  2.788210e+00  2.741483e-05
  1.084500e+00 -2.087121e-01  2.566178e+00  4.914007e-05
  1.325500e+00 -2.087121e-01  1.089329e+00  3.607340e-05
  1.566500e+00 -2.087121e-01  7.907981e-01  5.446255e-05
 -1.446000e+00 -4.174242e-01  2.618933e+00  4.442415e-05
 -1.205000e+00 -4.174242e-01  1.788704e-01  1.243882e-04
 -9.640000e-01 -4.174242e-01  2.154887e+00  1.952655e-05
 -7.230000e-01 -4.174242e-01  1.386821e-01  4.411050e-05
 -4.820000e-01 -4.174242e-01  2.558574e-01  7.178068e-05
 -2.410000e-01 -4.174242e-01  5.886531e+00  4.237591e-05
  0.000000e+00 -4.174242e-01  2.529642e+00  4.024366e-05
  2.410000e-01 -4.174242e-01  2.650837e+00  1.388711e-04
  4.820000e-01 -4.174242e-01  7.471404e-01  3.505854e-05
  7.230000e-01 -4.174242e-01  3.307494e+00  5.136412e-05
  9.640000e-01 -4.174242e-01  5.033395e+00  1.727086e-05
  1.205000e+00 -4.174242e-01  3.388669e+00  3.862281e-05
  1.446000e+00 -4.174242e-01  1.074768e+00  3.074791e-05
 -1.325500e+00 -6.261364e-01  6.272662e+00  9.633964e-05
 -1.084500e+00 -6.261364e-01  7.748999e-01  6.034970e-05
 -8.435000e-01 -6.261364e-01  1.054417e+00  8.059886e-05
 -6.025000e-01 -6.261364e-01  1.823915e-03  8.096896e-05
 -3.615000e-01 -6.261364e-01  7.358015e-01  4.119736e-05
 -1.205000e-01 -6.261364e-01  1.523984e+00  6.453782e-05
  1.205000e-01 -6.261364e-01  3.332966e+00  7.620665e-05
  3.615000e-01 -6.261364e-01  4.752574e+00  1.003651e-04
  6.025000e-01 -6.261364e-01  4.711927e+00  6.639850e-05
  8.435000e-01 -6.261364e-01  4.283060e+00  7.174721e-05
  1.084500e+00 -6.261364e-01  3.661609e+00  7.240144e-05
  1.325500e+00 -6.261364e-01  2.741155e+00  7.969069e-05
 -1.205000e+00 -8.348485e-01  3.938551e+00  9.275623e-05
 -9.640000e-01 -8.348485e-01  2.275551e+00  7.273373e-05
 -7.230000e-01 -8.348485e-01  1.025957e+00  1.645154e-04
 -4.820000e-01 -8.348485e-01  1.123566e+00  1.585808e-04
 -2.410000e-01 -8.348485e-01  1.554471e+00  1.148567e-04
  0.000000e+00 -8.348485e-01  1.036705e+00  9.587102e-05
  2.410000e-01 -8.348485e-01  1.028878e+00  9.122741e-06
  4.820000e-01 -8.348485e-01  2.608781e+00  2.286297e-05
  7.230000e-01 -8.348485e-01  2.470386e+00  4.803109e-05
  9.640000e-01 -8.348485e-01  2.811524e+00  2.756788e-05
  1.205000e+00 -8.348485e-01  3.194180e+00  9.580758e-05
 -1.084500e+00 -1.043561e+00  3.047428e+00  1.148265e-04
 -8.435000e-01 -1.043561e+00  3.267625e+00  2.818479e-05
 -6.025000e-01 -1.043561e+00  9.940228e-01  8.348687e-05
 -3.615000e-01 -1.043561e+00  7.317759e-01  1.065346e-04
 -1.205000e-01 -1.043561e+00  1.380999e+00  5.818177e-05
  1.205000e-01 -1.043561e+00  1.013086e+00  1.171438e-04
  3.615000e-01 -1.043561e+00  9.623969e-01  5.357627e-05
  6.025000e-01 -1.043561e+00  2.747904e+00  6.589810e-05
  8.435000e-01 -1.043561e+00  1.706348e+00  1.098098e-04
  1.084500e+00 -1.043561e+00  1.463201e+00  5.481118e-05
 -9.640000e-01 -1.252273e+00  1.349524e+00  4.131358e-05
 -7.230000e-01 -1.252273e+00  3.798847e+00  4.458377e-05
 -4.820000e-01 -1.252273e+00  8.619770e-01  7.877645e-05
 -2.410000e-01 -1.252273e+00  1.183032e+00  9.290049e-05
  0.000000e+00 -1.252273e+00  1.327122e+00  6.399197e-05
  2.410000e-01 -1.252273e+00  3.124449e-01  1.171509e-04
  4.820000e-01 -1.252273e+00  2.855249e+00  2.797689e-05
  7.230000e-01 -1.252273e+00  2.888447e+00  1.351544e-04
  9.640000e-01 -1.252273e+00  1.869773e+00  1.264439e-04
 -6.025000e-01 -1.460985e+00  1.764730e+00  7.923138e-05
 -3.615000e-01 -1.460985e+00  1.034095e+00  1.128069e-04
 -1.205000e-01 -1.460985e+00  1.097907e+00  6.393056e-05
  1.205000e-01 -1.460985e+00  4.034090e-01  8.366988e-05
  3.615000e-01 -1.460985e+00  3.423101e-01  7.360729e-05
  6.025000e-01 -1.460985e+00  3.100164e+00  3.693191e-05
 -6.025000e-01  1.460985e+00  5.244014e+00  5.454646e-05
 -3.615000e-01  1.460985e+00  5.582813e+00  6.931984e-05
 -1.205000e-01  1.460985e+00  1.123216e+00  1.391773e-04
  1.205000e-01  1.460985e+00  2.307663e+00  4.000917e-05
  3.615000e-01  1.460985e+00  6.526714e-01  2.535372e-05
  6.025000e-01  1.460985e+00  1.154057e+00  3.622073e-05
 -9.640000e-01  1.252273e+00  3.156759e+00  1.444073e-05
 -7.230000e-01  1.252273e+00  5.581932e+00  5.851423e-05
 -4.820000e-01  1.252273e+00  4.352728e+00  3.277922e-05
 -2.410000e-01  1.252273e+00  4.036733e-01  3.607957e-05
  0.000000e+00  1.252273e+00  7.681571e-01  2.665843e-05
  2.410000e-01  1.252273e+00  6.002206e-01  1.599347e-05
  4.820000e-01  1.252273e+00  1.391813e+00  4.979466e-05
  7.230000e-01  1.252273e+00  1.574429e+00  3.942402e-05
  9.640000e-01  1.252273e+00  2.065358e+00  3.497164e-05
 -1.084500e+00  1.043561e+00  4.986843e+00  7.647301e-05
 -8.435000e-01  1.043561e+00  4.432379e+00  7.544165e-05
 -6.025000e-01  1.043561e+00  6.088782e+00  2.676216e-05
 -3.615000e-01  1.043561e+00  4.555653e+00  1.291999e-05
 -1.205000e-01  1.043561e+00  5.768002e+00  6.009178e-05
  1.205000e-01  1.043561e+00  2.218899e+00  7.136788e-05
  3.615000e-01  1.043561e+00  1.480766e+00  6.661634e-05
  6.025000e-01  1.043561e+00  9.890006e-01  1.681220e-05
  8.435000e-01  1.043561e+00  2.592877e+00  1.140298e-05
  1.084500e+00  1.043561e+00  3.606092e+00  5.484755e-05
 -1.205000e+00  8.348485e-01  4.804123e+00  6.676064e-05
 -9.640000e-01  8.348485e-01  4.612867e+00  7.254106e-05
 -7.230000e-01  8.348485e-01  4.304989e+00  8.217244e-05
 -4.820000e-01  8.348485e-01  4.396965e+00  5.923831e-05
 -2.410000e-01  8.348485e-01  5.062813e-01  8.518249e-06
  0.000000e+00  8.348485e-01  2.493094e+00  7.955171e-05
  2.410000e-01  8.348485e-01  3.968578e-01  1.586346e-05
  4.820000e-01  8.348485e-01  5.707562e+00  7.126781e-05
  7.230000e-01  8.348485e-01  5.271354e+00  4.437889e-05
  9.640000e-01  8.348485e-01  3.774944e+00  4.077162e-05
  1.205000e+00  8.348485e-01  6.081294e+00  1.711281e-05
 -1.325500e+00  6.261364e-01  2.849477e+00  6.325356e-05
 -1.084500e+00  6.261364e-01  6.055542e+00  2.051757e-05
 -8.435000e-01  6.261364e-01  4.200340e+00  3.920733e-05
 -6.025000e-01  6.261364e-01  4.225841e+00  5.349246e-05
 -3.615000e-01  6.261364e-01  3.316703e+00  6.041527e-05
 -1.205000e-01  6.261364e-01  2.215741e+00  5.069614e-05
  1.205000e-01  6.261364e-01  5.358383e+00  7.668971e-05
  3.615000e-01  6.261364e-01  4.971677e+00  7.892268e-05
  6.025000e-01  6.261364e-01  1.340881e+00  4.008314e-05
  8.435000e-01  6.261364e-01  5.280552e+00  1.271415e-05
  1.084500e+00  6.261364e-01  4.195196e+00  6.479917e-05
  1.325500e+00  6.261364e-01  3.318784e+00  2.333750e-05
 -1.446000e+00  4.174242e-01  2.160606e+00  7.196650e-05
 -1.205000e+00  4.174242e-01  1.138201e+00  7.103275e-05
 -9.640000e-01  4.174242e-01  4.378979e-01  2.542899e-05
 -7.230000e-01  4.174242e-01  2.236124e+00  3.333675e-05
 -4.820000e-01  4.174242e-01  2.619942e+00  9.250165e-05
 -2.410000e-01  4.174242e-01  2.459730e+00  9.792077e-05
  0.000000e+00  4.174242e-01  6.126701e+00  9.904367e-05
  2.410000e-01  4.174242e-01  5.303321e+00  4.588986e-05
  4.820000e-01  4.174242e-01  3.354016e+00  5.730155e-05
  7.230000e-01  4.174242e-01  6.052522e+00  6.651294e-05
  9.640000e-01  4.174242e-01  5.493504e+00  6.615860e-05
  1.205000e+00  4.174242e-01  3.648518e+00  1.008323e-04
  1.446000e+00  4.174242e-01  3.958638e+00  7.725907e-05
 -1.566500e+00  2.087121e-01  2.854608e+00  9.288675e-05
 -1.325500e+00  2.087121e-01  2.158769e+00  3.486148e-05
 -1.084500e+00  2.087121e-01  5.828757e-03  8.678034e-05
 -8.435000e-01  2.087121e-01  4.320063e+00  2.673308e-05
 -6.025000e-01  2.087121e-01  3.432857e+00  7.250597e-05
 -3.615000e-01  2.087121e-01  3.126800e+00  9.005379e-05
 -1.205000e-01  2.087121e-01  5.705867e+00  8.112442e-05
  1.205000e-01  2.087121e-01  6.052819e+00  1.142157e-04
  3.615000e-01  2.087121e-01  3.477369e+00  4.851545e-05
  6.025000e-01  2.087121e-01  4.426706e+00  3.238723e-05
  8.435000e-01  2.087121e-01  1.502502e-02  7.554035e-05
  1.084500e+00  2.087121e-01  3.743971e+00  3.021451e-05
  1.325500e+00  2.087121e-01  4.515906e+00  1.103000e-04
  1.566500e+00  2.087121e-01  5.230877e+00  1.067304e-04
 -1.446000e+00  0.000000e+00  2.940785e+00  6.338510e-05
 -1.205000e+00  0.000000e+00  2.441079e-02  1.150228e-04
 -9.640000e-01  0.000000e+00  6.506224e-02  3.135280e-05
 -7.230000e-01  0.000000e+00  2.602361e+00  2.127407e-05
 -4.820000e-01  0.000000e+00  3.677754e+00  1.019711e-04
 -2.410000e-01  0.000000e+00  4.174418e+00  7.992598e-05
  0.000000e+00  0.000000e+00  5.974891e-02  9.614338e-05
  2.410000e-01  0.000000e+00  1.707188e+00  2.556114e-05
  4.820000e-01  0.000000e+00  2.368142e+00  6.918212e-05
  7.230000e-01  0.000000e+00  1.158219e+00  7.332120e-05
  9.640000e-01  0.000000e+00  2.177012e-01  1.116463e-04
  1.205000e+00  0.000000e+00  4.715131e+00  1.619907e-05
  1.446000e+00  0.000000e+00  6.011674e+00  5.957211e-05
 -1.566500e+00 -2.087121e-01  3.135000e+00  1.151250e-04
 -1.325500e+00 -2.087121e-01  5.822880e+00  1.020216e-05
 -1.084500e+00 -2.087121e-01  5.922646e-01  7.326603e-05
 -8.435000e-01 -2.087121e-01  1.705332e+00  1.017485e-04
 -6.025000e-01 -2.087121e-01  1.466947e+00  7.738061e-05
 -3.615000e-01 -2.087121e-01  3.233484e+00  4.194985e-05
 -1.205000e-01 -2.087121e-01  4.686223e+00  3.806228e-05
  1.205000e-01 -2.087121e-01  8.608160e-01  3.598522e-05
  3.615000e-01 -2.087121e-01  2.058465e+00  6.521122e-05
  6.025000e-01 -2.087121e-01  2.965454e+00  3.477077e-05
  8.435000e-01 -2.087121e-01  3.124936e-01  1.005621e-04
  1.084500e+00 -2.087121e-01  9.245856e-01  7.488310e-05
  1.325500e+00 -2.087121e-01  1.472848e+00  6.225764e-05
  1.566500e+00 -2.087121e-01  1.580892e+00  4.545755e-05
 -1.446000e+00 -4.174242e-01  2.545605e+00  4.430861e-05
 -1.205000e+00 -4.174242e-01  2.176863e-01  5.823001e-05
 -9.640000e-01 -4.174242e-01  3.010293e+00  2.679597e-05
 -7.230000e-01 -4.174242e-01  3.174345e+00  5.060989e-06
 -4.820000e-01 -4.174242e-01  4.753600e-01  4.881442e-05
 -2.410000e-01 -4.174242e-01  4.929341e+00  4.809254e-05
  0.000000e+00 -4.174242e-01  4.073389e+00  5.788135e-05
  2.410000e-01 -4.174242e-01  2.509306e+00  4.631718e-05
  4.820000e-01 -4.174242e-01  5.516171e+00  3.562006e-05
  7.230000e-01 -4.174242e-01  4.759394e+00  7.565124e-05
  9.640000e-01 -4.174242e-01  5.826432e+00  8.416995e-05
  1.205000e+00 -4.174242e-01  2.174563e+00  5.198338e-06
  1.446000e+00 -4.174242e-01  9.111053e-01  2.506114e-05
 -1.325500e+00 -6.261364e-01  4.511623e-02  8.107195e-05
 -1.084500e+00 -6.261364e-01  6.016358e+00  2.169475e-05
 -8.435000e-01 -6.261364e-01  5.541538e+00  8.710075e-06
 -6.025000e-01 -6.261364e-01  4.837088e+00  5.219749e-05
 -3.615000e-01 -6.261364e-01  5.973648e+00  3.933976e-05
 -1.205000e-01 -6.261364e-01  1.623824e+00  2.295720e-05
  1.205000e-01 -6.261364e-01  3.700302e+00  7.508362e-05
  3.615000e-01 -6.261364e-01  5.153329e+00  9.465982e-05
  6.025000e-01 -6.261364e-01  5.173237e+00  8.299011e-05
  8.435000e-01 -6.261364e-01  5.082304e+00  1.040107e-04
  1.084500e+00 -6.261364e-01  4.397688e+00  7.183557e-05
  1.325500e+00 -6.261364e-01  2.894407e+00  6.862691e-05
 -1.205000e+00 -8.348485e-01  4.271513e+00  8.990238e-05
 -9.640000e-01 -8.348485e-01  3.090428e+00  3.085820e-05
 -7.230000e-01 -8.348485e-01  1.067931e+00  5.610707e-05
 -4.820000e-01 -8.348485e-01  9.479503e-01  3.206202e-05
 -2.410000e-01 -8.348485e-01  2.020213e+00  4.471942e-05
  0.000000e+00 -8.348485e-01  1.058344e+00  5.068169e-05
  2.410000e-01 -8.348485e-01  5.494873e+00  3.877626e-05
  4.820000e-01 -8.348485e-01  5.440520e+00  6.404257e-05
  7.230000e-01 -8.348485e-01  5.271246e+00  3.603867e-05
  9.640000e-01 -8.348485e-01  5.422704e+00  6.155036e-05
  1.205000e+00 -8.348485e-01  3.783601e+00  1.012723e-04
 -1.084500e+00 -1.043561e+00  3.258994e+00  8.482742e-05
 -8.435000e-01 -1.043561e+00  3.615424e+00  3.641943e-05
 -6.025000e-01 -1.043561e+00  1.227279e+00  3.859950e-05
 -3.615000e-01 -1.043561e+00  2.214630e-01  3.557638e-05
 -1.205000e-01 -1.043561e+00  3.716356e+00  3.037529e-05
  1.205000e-01 -1.043561e+00  4.028293e-01  5.718850e-05
  3.615000e-01 -1.043561e+00  6.075814e+00  8.108233e-05
  6.025000e-01 -1.043561e+00  4.280563e+00  1.553163e-05
  8.435000e-01 -1.043561e+00  9.300932e-01  7.979313e-05
  1.084500e+00 -1.043561e+00  1.828355e-01  6.675823e-05
 -9.640000e-01 -1.252273e+00  1.367653e+00  3.827278e-05
 -7.230000e-01 -1.252273e+00  4.102783e+00  5.434584e-05
 -4.820000e-01 -1.252273e+00  8.216498e-02  3.474131e-05
 -2.410000e-01 -1.252273e+00  1.208787e+00  2.136994e-05
  0.000000e+00 -1.252273e+00  3.502482e+00  8.536857e-06
  2.410000e-01 -1.252273e+00  6.065548e+00  1.174326e-04
  4.820000e-01 -1.252273e+00  5.101209e+00  3.501580e-05
  7.230000e-01 -1.252273e+00  2.899069e+00  8.813997e-05
  9.640000e-01 -1.252273e+00  1.497842e+00  1.048276e-04
 -6.025000e-01 -1.460985e+00  2.993620e+00  3.161306e-05
 -3.615000e-01 -1.460985e+00  9.633425e-01  5.510663e-05
 -1.205000e-01 -1.460985e+00  1.876311e+00  1.918260e-05
  1.205000e-01 -1.460985e+00  2.191487e-01  7.025736e-05
  3.615000e-01 -1.460985e+00  6.094960e+00  8.213047e-05
  6.025000e-01 -1.460985e+00  3.796970e+00  3.141881e-05
 -6.025000e-01  1.460985e+00  5.043868e+00  6.073126e-05
 -3.615000e-01  1.460985e+00  5.414547e+00  7.358243e-05
 -1.205000e-01  1.460985e+00  1.400561e+00  1.549214e-04
  1.205000e-01  1.460985e+00  2.242332e+00  6.735318e-05
  3.615000e-01  1.460985e+00  8.355862e-01  4.361420e-05
  6.025000e-01  1.460985e+00  1.069375e+00  2.363973e-05
 -9.640000e-01  1.252273e+00  3.430074e+00  1.291886e-05
 -7.230000e-01  1.252273e+00  5.732235e+00  5.858801e-05
 -4.820000e-01  1.252273e+00  3.352534e+00  4.552905e-05
 -2.410000e-01  1.252273e+00  1.387116e+00  4.616379e-05
  0.000000e+00  1.252273e+00  2.513816e+00  3.924401e-05
  2.410000e-01  1.252273e+00  6.185222e+00  4.283243e-05
  4.820000e-01  1.252273e+00  1.241966e+00  4.656797e-05
  7.230000e-01  1.252273e+00  6.618875e-01  6.317945e-05
  9.640000e-01  1.252273e+00  1.360997e+00  6.088270e-05
 -1.084500e+00  1.043561e+00  4.757327e+00  7.045016e-05
 -8.435000e-01  1.043561e+00  4.270172e+00  6.274813e-05
 -6.025000e-01  1.043561e+00  1.958790e+00  6.045366e-05
 -3.615000e-01  1.043561e+00  1.733386e+00  5.036254e-05
 -1.205000e-01  1.043561e+00  1.430144e-01  3.500650e-05
  1.205000e-01  1.043561e+00  1.925571e+00  6.318316e-05
  3.615000e-01  1.043561e+00  1.597729e+00  6.968588e-05
  6.025000e-01  1.043561e+00  1.259382e+00  4.574138e-05
  8.435000e-01  1.043561e+00  6.306767e-01  5.846397e-05
  1.084500e+00  1.043561e+00  3.480986e+00  5.025536e-05
 -1.205000e+00  8.348485e-01  4.668795e+00  7.794545e-05
 -9.640000e-01  8.348485e-01  4.047526e+00  6.255083e-05
 -7.230000e-01  8.348485e-01  3.506571e+00  8.515665e-05
 -4.820000e-01  8.348485e-01  3.066795e+00  7.093147e-05
 -2.410000e-01  8.348485e-01  1.192607e+00  7.160370e-05
  0.000000e+00  8.348485e-01  2.159454e+00  1.262794e-04
  2.410000e-01  8.348485e-01  1.050602e+00  8.280905e-05
  4.820000e-01  8.348485e-01  2.770643e-01  4.310823e-05
  7.230000e-01  8.348485e-01  3.424680e-02  7.248862e-05
  9.640000e-01  8.348485e-01  6.564690e-01  2.397005e-05
  1.205000e+00  8.348485e-01  6.200202e+00  4.737046e-05
 -1.325500e+00  6.261364e-01  3.039055e+00  1.165565e-04
 -1.084500e+00  6.261364e-01  2.642731e+00  4.365373e-05
 -8.435000e-01  6.261364e-01  3.319697e+00  5.106265e-05
 -6.025000e-01  6.261364e-01  3.523489e+00  1.160882e-04
 -3.615000e-01  6.261364e-01  3.214729e+00  5.446111e-05
 -1.205000e-01  6.261364e-01  2.255594e+00  5.836051e-05
  1.205000e-01  6.261364e-01  1.015934e-01  3.630572e-05
  3.615000e-01  6.261364e-01  5.679384e+00  8.845158e-05
  6.025000e-01  6.261364e-01  5.434920e+00  2.420074e-05
  8.435000e-01  6.261364e-01  6.236582e+00  3.776704e-05
  1.084500e+00  6.261364e-01  5.806243e+00  5.710405e-05
  1.325500e+00  6.261364e-01  5.812479e+00  3.030910e-05
 -1.446000e+00  4.174242e-01  2.282401e+00  1.248362e-04
 -1.205000e+00  4.174242e-01  2.114205e+00  9.982795e-05
 -9.640000e-01  4.174242e-01  2.036720e+00  4.326249e-05
 -7.230000e-01  4.174242e-01  2.224031e+00  8.837981e-05
 -4.820000e-01  4.174242e-01  2.829490e+00  1.065566e-04
 -2.410000e-01  4.174242e-01  2.917310e+00  7.266361e-05
  0.000000e+00  4.174242e-01  5.316211e+00  5.886054e-05
  2.410000e-01  4.174242e-01  5.493873e+00  1.324288e-04
  4.820000e-01  4.174242e-01  5.119314e+00  3.740038e-05
  7.230000e-01  4.174242e-01  5.586722e+00  7.233823e-05
  9.640000e-01  4.174242e-01  5.310276e+00  1.335487e-04
  1.205000e+00  4.174242e-01  4.688627e+00  7.323847e-05
  1.446000e+00  4.174242e-01  3.855992e+00  3.965322e-05
 -1.566500e+00  2.087121e-01  2.518720e+00  1.092325e-04
 -1.325500e+00  2.087121e-01  2.199879e+00  1.241516e-04
 -1.084500e+00  2.087121e-01  1.514378e+00  7.574097e-05
 -8.435000e-01  2.087121e-01  2.294200e+00  6.243755e-05
 -6.025000e-01  2.087121e-01  2.978319e+00  7.059505e-05
 -3.615000e-01  2.087121e-01  3.180659e+00  4.508262e-05
 -1.205000e-01  2.087121e-01  5.389011e+00  1.029267e-04
  1.205000e-01  2.087121e-01  5.437171e+00  1.715548e-04
  3.615000e-01  2.087121e-01  4.161066e+00  6.313213e-05
  6.025000e-01  2.087121e-01  4.159664e-02  1.696432e-05
  8.435000e-01  2.087121e-01  6.118751e+00  1.295053e-04
  1.084500e+00  2.087121e-01  5.129564e+00  5.276499e-05
  1.325500e+00  2.087121e-01  4.307082e+00  9.369524e-05
  1.566500e+00  2.087121e-01  4.873749e+00  6.077534e-05
 -1.446000e+00  0.000000e+00  2.788434e+00  9.578898e-05
 -1.205000e+00  0.000000e+00  8.835342e-01  3.791233e-05
 -9.640000e-01  0.000000e+00  1.376937e-01  1.000679e-05
 -7.230000e-01  0.000000e+00  3.649248e+00  2.287079e-05
 -4.820000e-01  0.000000e+00  3.808094e+00  5.585542e-05
 -2.410000e-01  0.000000e+00  4.091090e+00  3.120594e-05
  0.000000e+00  0.000000e+00  4.702316e-01  1.297634e-04
  2.410000e-01  0.000000e+00  1.617923e+00  7.680558e-05
  4.820000e-01  0.000000e+00  2.377413e+00  8.546247e-05
  7.230000e-01  0.000000e+00  7.700349e-01  1.209861e-04
  9.640000e-01  0.000000e+00  4.695054e-01  1.612111e-04
  1.205000e+00  0.000000e+00  6.417832e-01  2.202832e-05
  1.446000e+00  0.000000e+00  5.337169e-01  1.197908e-05
 -1.566500e+00 -2.087121e-01  3.135001e+00  1.072648e-04
 -1.325500e+00 -2.087121e-01  3.784258e+00  4.551401e-05
 -1.084500e+00 -2.087121e-01  1.448426e+00  4.150515e-06
 -8.435000e-01 -2.087121e-01  1.740602e+00  7.032435e-05
 -6.025000e-01 -2.087121e-01  2.065900e+00  8.443562e-05
 -3.615000e-01 -2.087121e-01  2.336421e+00  2.738197e-05
 -1.205000e-01 -2.087121e-01  2.340084e+00  4.512607e-05
  1.205000e-01 -2.087121e-01  8.958987e-01  1.285147e-04
  3.615000e-01 -2.087121e-01  1.867817e+00  5.712331e-05
  6.025000e-01 -2.087121e-01  2.631152e+00  1.351647e-05
  8.435000e-01 -2.087121e-01  3.362769e-01  1.384202e-04
  1.084500e+00 -2.087121e-01  6.984439e-01  1.253097e-04
  1.325500e+00 -2.087121e-01  1.683874e+00  7.386134e-05
  1.566500e+00 -2.087121e-01  2.457252e+00  5.686342e-05
 -1.446000e+00 -4.174242e-01  2.445473e+00  4.182990e-05
 -1.205000e+00 -4.174242e-01  3.002037e+00  2.104649e-05
 -9.640000e-01 -4.174242e-01  2.994076e+00  4.302749e-05
 -7.230000e-01 -4.174242e-01  3.159501e+00  3.730721e-05
 -4.820000e-01 -4.174242e-01  3.129450e-01  3.877691e-05
 -2.410000e-01 -4.174242e-01  4.524579e+00  6.499726e-05
  0.000000e+00 -4.174242e-01  4.437833e+00  8.330093e-05
  2.410000e-01 -4.174242e-01  3.012527e-01  4.650677e-05
  4.820000e-01 -4.174242e-01  5.788700e+00  2.741261e-05
  7.230000e-01 -4.174242e-01  5.105831e+00  7.100315e-05
  9.640000e-01 -4.174242e-01  5.958982e+00  1.134302e-04
  1.205000e+00 -4.174242e-01  3.841075e-01  3.107558e-05
  1.446000e+00 -4.174242e-01  2.414923e-01  1.803142e-05
 -1.325500e+00 -6.261364e-01  1.267315e-01  4.063335e-05
 -1.084500e+00 -6.261364e-01  4.401483e+00  5.837992e-05
 -8.435000e-01 -6.261364e-01  4.579071e+00  8.380345e-05
 -6.025000e-01 -6.261364e-01  4.233423e+00  1.008739e-04
 -3.615000e-01 -6.261364e-01  5.799871e+00  6.509541e-05
 -1.205000e-01 -6.261364e-01  4.134997e+00  2.567584e-05
  1.205000e-01 -6.261364e-01  3.877176e+00  6.942976e-05
  3.615000e-01 -6.261364e-01  5.810905e+00  5.891932e-05
  6.025000e-01 -6.261364e-01  5.473784e+00  8.429358e-05
  8.435000e-01 -6.261364e-01  5.419929e+00  1.402652e-04
  1.084500e+00 -6.261364e-01  4.903792e+00  9.398346e-05
  1.325500e+00 -6.261364e-01  3.142266e+00  5.306568e-05
 -1.205000e+00 -8.348485e-01  4.702863e+00  7.146713e-05
 -9.640000e-01 -8.348485e-01  4.361764e+00  4.991155e-05
 -7.230000e-01 -8.348485e-01  4.151095e+00  4.559512e-05
 -4.820000e-01 -8.348485e-01  4.394849e+00  7.746464e-05
 -2.410000e-01 -8.348485e-01  4.101795e+00  2.705767e-05
  0.000000e+00 -8.348485e-01  2.275738e+00  1.781176e-05
  2.410000e-01 -8.348485e-01  5.121545e+00  5.270919e-05
  4.820000e-01 -8.348485e-01  5.555356e+00  1.428711e-04
  7.230000e-01 -8.348485e-01  5.329070e+00  1.145855e-04
  9.640000e-01 -8.348485e-01  5.457044e+00  1.326643e-04
  1.205000e+00 -8.348485e-01  4.195914e+00  1.149873e-04
 -1.084500e+00 -1.043561e+00  3.585097e+00  5.271252e-05
 -8.435000e-01 -1.043561e+00  3.591704e+00  2.940809e-05
 -6.025000e-01 -1.043561e+00  3.839080e+00  3.475229e-06
 -3.615000e-01 -1.043561e+00  4.509593e+00  5.302519e-05
 -1.205000e-01 -1.043561e+00  4.069522e+00  7.664624e-05
  1.205000e-01 -1.043561e+00  5.062234e+00  5.131066e-05
  3.615000e-01 -1.043561e+00  5.691658e+00  1.368812e-04
  6.025000e-01 -1.043561e+00  5.565315e+00  6.641525e-05
  8.435000e-01 -1.043561e+00  1.426580e-01  9.636076e-05
  1.084500e+00 -1.043561e+00  6.002989e+00  9.782555e-05
 -9.640000e-01 -1.252273e+00  1.813009e+00  2.167694e-05
 -7.230000e-01 -1.252273e+00  4.389504e+00  4.049801e-05
 -4.820000e-01 -1.252273e+00  5.484641e+00  2.683041e-05
 -2.410000e-01 -1.252273e+00  3.963288e+00  2.804565e-05
  0.000000e+00 -1.252273e+00  4.169857e+00  4.429431e-05
  2.410000e-01 -1.252273e+00  5.706045e+00  1.213098e-04
  4.820000e-01 -1.252273e+00  5.339131e+00  8.003095e-05
  7.230000e-01 -1.252273e+00  2.579732e+00  3.021291e-05
  9.640000e-01 -1.252273e+00  1.004546e+00  8.506335e-05
 -6.025000e-01 -1.460985e+00  4.116836e+00  6.042504e-05
 -3.615000e-01 -1.460985e+00  3.847592e-01  4.162562e-06
 -1.205000e-01 -1.460985e+00  3.339338e+00  3.444640e-05
  1.205000e-01 -1.460985e+00  1.579917e-01  6.070681e-05
  3.615000e-01 -1.460985e+00  5.735772e+00  1.009731e-04
  6.025000e-01 -1.460985e+00  4.224084e+00  3.410591e-05
 -6.025000e-01  1.460985e+00  4.929047e+00  6.424735e-05
 -3.615000e-01  1.460985e+00  5.279622e+00  5.652599e-05
 -1.205000e-01  1.460985e+00  1.648454e+00  1.483164e-04
  1.205000e-01  1.460985e+00  2.322618e+00  7.750305e-05
  3.615000e-01  1.460985e+00  1.036303e+00  5.577947e-05
  6.025000e-01  1.460985e+00  1.214296e+00  8.636250e-06
 -9.640000e-01  1.252273e+00  5.041081e+00  2.060807e-05
 -7.230000e-01  1.252273e+00  5.871737e+00  6.402675e-05
 -4.820000e-01  1.252273e+00  3.060936e+00  7.539058e-05
 -2.410000e-01  1.252273e+00  1.856979e+00  8.550248e-05
  0.000000e+00  1.252273e+00  2.637525e+00  7.322945e-05
  2.410000e-01  1.252273e+00  5.966513e+00  5.238117e-05
  4.820000e-01  1.252273e+00  1.144595e+00  3.225039e-05
  7.230000e-01  1.252273e+00  3.349904e-01  9.049274e-05
  9.640000e-01  1.252273e+00  1.173175e+00  9.344850e-05
 -1.084500e+00  1.043561e+00  4.540289e+00  5.416091e-05
 -8.435000e-01  1.043561e+00  4.489995e+00  2.980625e-05
 -6.025000e-01  1.043561e+00  2.096561e+00  1.366238e-04
 -3.615000e-01  1.043561e+00  1.908789e+00  1.200858e-04
 -1.205000e-01  1.043561e+00  1.122325e+00  4.698728e-05
  1.205000e-01  1.043561e+00  1.157830e+00  4.318982e-05
  3.615000e-01  1.043561e+00  1.993405e+00  4.670822e-05
  6.025000e-01  1.043561e+00  1.295421e+00  5.242970e-05
  8.435000e-01  1.043561e+00  6.209051e-01  8.862022e-05
  1.084500e+00  1.043561e+00  3.156528e+00  4.850704e-05
 -1.205000e+00  8.348485e-01  4.556405e+00  6.870358e-05
 -9.640000e-01  8.348485e-01  3.306289e+00  4.910381e-05
 -7.230000e-01  8.348485e-01  2.898701e+00  1.082265e-04
 -4.820000e-01  8.348485e-01  2.637922e+00  1.323853e-04
 -2.410000e-01  8.348485e-01  1.180429e+00  1.063666e-04
  0.000000e+00  8.348485e-01  1.793482e+00  1.172689e-04
  2.410000e-01  8.348485e-01  1.170566e+00  1.162524e-04
  4.820000e-01  8.348485e-01  1.346353e+00  5.179514e-05
  7.230000e-01  8.348485e-01  3.500691e-01  9.307459e-05
  9.640000e-01  8.348485e-01  7.034158e-01  5.775281e-05
  1.205000e+00  8.348485e-01  6.013364e+00  6.548099e-05
 -1.325500e+00  6.261364e-01  3.221947e+00  1.480048e-04
 -1.084500e+00  6.261364e-01  2.856543e+00  8.363695e-05
 -8.435000e-01  6.261364e-01  3.024485e+00  5.528440e-05
 -6.025000e-01  6.261364e-01  3.404389e+00  1.654488e-04
 -3.615000e-01  6.261364e-01  3.449073e+00  4.801417e-05
 -1.205000e-01  6.261364e-01  2.069269e+00  2.094452e-05
  1.205000e-01  6.261364e-01  1.023642e+00  4.923667e-05
  3.615000e-01  6.261364e-01  5.994834e+00  8.663937e-05
  6.025000e-01  6.261364e-01  5.002867e+00  7.477151e-05
  8.435000e-01  6.261364e-01  1.141736e-02  3.785251e-05
  1.084500e+00  6.261364e-01  3.432647e-02  1.098657e-04
  1.325500e+00  6.261364e-01  5.986732e+00  7.892310e-05
 -1.446000e+00  4.174242e-01  2.343425e+00  1.438074e-04
 -1.205000e+00  4.174242e-01  2.613755e+00  1.411115e-04
 -9.640000e-01  4.174242e-01  2.400881e+00  7.046584e-05
 -7.230000e-01  4.174242e-01  2.220202e+00  1.168092e-04
 -4.820000e-01  4.174242e-01  3.011421e+00  1.028573e-04
 -2.410000e-01  4.174242e-01  4.099084e+00  5.398070e-05
  0.000000e+00  4.174242e-01  4.582881e+00  7.754510e-05
  2.410000e-01  4.174242e-01  5.422723e+00  1.816583e-04
  4.820000e-01  4.174242e-01  5.427435e+00  1.037749e-04
  7.230000e-01  4.174242e-01  4.877210e+00  8.025765e-05
  9.640000e-01  4.174242e-01  5.144951e+00  1.678633e-04
  1.205000e+00  4.174242e-01  5.444951e+00  1.138570e-04
  1.446000e+00  4.174242e-01  1.026710e+00  2.420365e-05
 -1.566500e+00  2.087121e-01  2.100123e+00  9.981846e-05
 -1.325500e+00  2.087121e-01  2.195630e+00  1.745635e-04
 -1.084500e+00  2.087121e-01  2.144659e+00  1.443634e-04
 -8.435000e-01  2.087121e-01  2.111326e+00  1.182769e-04
 -6.025000e-01  2.087121e-01  2.444121e+00  6.882789e-05
 -3.615000e-01  2.087121e-01  5.949807e+00  1.944682e-05
 -1.205000e-01  2.087121e-01  5.293621e+00  1.104312e-04
  1.205000e-01  2.087121e-01  5.219422e+00  2.056679e-04
  3.615000e-01  2.087121e-01  4.616704e+00  8.176117e-05
  6.025000e-01  2.087121e-01  8.039105e-01  2.237207e-05
  8.435000e-01  2.087121e-01  5.957032e+00  1.271561e-04
  1.084500e+00  2.087121e-01  5.315601e+00  8.780877e-05
  1.325500e+00  2.087121e-01  3.896522e+00  7.090987e-05
  1.566500e+00  2.087121e-01  3.385102e+00  5.001251e-05
 -1.446000e+00  0.000000e+00  2.598094e+00  1.036702e-04
 -1.205000e+00  0.000000e+00  2.358394e+00  8.358701e-05
 -9.640000e-01  0.000000e+00  2.855288e+00  2.594972e-05
 -7.230000e-01  0.000000e+00  3.896250e+00  2.742376e-05
 -4.820000e-01  0.000000e+00  5.663653e+00  1.455641e-05
 -2.410000e-01  0.000000e+00  6.455386e-01  3.579179e-05
  0.000000e+00  0.000000e+00  5.947574e-01  1.405601e-04
  2.410000e-01  0.000000e+00  1.569480e+00  1.036776e-04
  4.820000e-01  0.000000e+00  2.257041e+00  7.624369e-05
  7.230000e-01  0.000000e+00  5.579613e-01  1.014860e-04
  9.640000e-01  0.000000e+00  6.752999e-01  1.514179e-04
  1.205000e+00  0.000000e+00  1.117588e+00  5.529874e-05
  1.446000e+00  0.000000e+00  2.592121e+00  4.229664e-05
 -1.566500e+00 -2.087121e-01  3.043418e+00  9.443474e-05
 -1.325500e+00 -2.087121e-01  3.389024e+00  7.188737e-05
 -1.084500e+00 -2.087121e-01  3.201555e+00  5.398335e-05
 -8.435000e-01 -2.087121e-01  1.811196e+00  4.345767e-05
 -6.025000e-01 -2.087121e-01  2.352910e+00  9.365625e-05
 -3.615000e-01 -2.087121e-01  8.509769e-01  4.814362e-05
 -1.205000e-01 -2.087121e-01  1.946819e+00  1.006311e-04
  1.205000e-01 -2.087121e-01  9.436390e-01  1.964898e-04
  3.615000e-01 -2.087121e-01  1.511425e+00  5.446577e-05
  6.025000e-01 -2.087121e-01  7.890062e-01  3.343927e-05
  8.435000e-01 -2.087121e-01  5.771257e-01  1.021324e-04
  1.084500e+00 -2.087121e-01  7.085263e-01  1.231036e-04
  1.325500e+00 -2.087121e-01  1.809833e+00  6.490267e-05
  1.566500e+00 -2.087121e-01  2.949491e+00  8.119725e-05
 -1.446000e+00 -4.174242e-01  2.373834e+00  3.105237e-05
 -1.205000e+00 -4.174242e-01  3.314820e+00  8.404864e-05
 -9.640000e-01 -4.174242e-01  2.890129e+00  5.934008e-05
 -7.230000e-01 -4.174242e-01  3.131454e+00  4.452061e-05
 -4.820000e-01 -4.174242e-01  5.969465e+00  4.866569e-05
 -2.410000e-01 -4.174242e-01  4.301947e+00  6.806866e-05
  0.000000e+00 -4.174242e-01  4.719549e+00  6.806065e-05
  2.410000e-01 -4.174242e-01  2.151466e-01  9.789109e-05
  4.820000e-01 -4.174242e-01  9.933043e-01  4.891037e-05
  7.230000e-01 -4.174242e-01  1.961492e-01  3.312174e-05
  9.640000e-01 -4.174242e-01  6.126823e+00  9.669053e-05
  1.205000e+00 -4.174242e-01  3.129503e-02  5.471832e-05
  1.446000e+00 -4.174242e-01  5.427448e+00  3.226191e-05
 -1.325500e+00 -6.261364e-01  3.815732e+00  1.790921e-05
 -1.084500e+00 -6.261364e-01  4.105980e+00  1.178769e-04
 -8.435000e-01 -6.261364e-01  4.605088e+00  1.416177e-04
 -6.025000e-01 -6.261364e-01  4.181244e+00  1.215537e-04
 -3.615000e-01 -6.261364e-01  5.880689e+00  8.192577e-05
 -1.205000e-01 -6.261364e-01  4.167593e+00  7.018626e-05
  1.205000e-01 -6.261364e-01  3.886830e+00  4.788341e-05
  3.615000e-01 -6.261364e-01  9.518995e-01  6.620951e-05
  6.025000e-01 -6.261364e-01  5.925903e+00  7.333249e-05
  8.435000e-01 -6.261364e-01  5.651698e+00  1.541294e-04
  1.084500e+00 -6.261364e-01  5.187630e+00  1.159187e-04
  1.325500e+00 -6.261364e-01  3.776153e+00  3.327030e-05
 -1.205000e+00 -8.348485e-01  5.270786e+00  5.035586e-05
 -9.640000e-01 -8.348485e-01  4.585659e+00  8.683044e-05
 -7.230000e-01 -8.348485e-01  4.209389e+00  1.248183e-04
 -4.820000e-01 -8.348485e-01  4.399132e+00  1.373736e-04
 -2.410000e-01 -8.348485e-01  4.696605e+00  6.463320e-05
  0.000000e+00 -8.348485e-01  3.225408e+00  5.672137e-05
  2.410000e-01 -8.348485e-01  4.489940e+00  4.215861e-05
  4.820000e-01 -8.348485e-01  5.645956e+00  1.921313e-04
  7.230000e-01 -8.348485e-01  5.365538e+00  1.746078e-04
  9.640000e-01 -8.348485e-01  5.448614e+00  1.791551e-04
  1.205000e+00 -8.348485e-01  4.500947e+00  1.176394e-04
 -1.084500e+00 -1.043561e+00  4.429030e+00  3.166695e-05
 -8.435000e-01 -1.043561e+00  3.613557e+00  1.579876e-05
 -6.025000e-01 -1.043561e+00  4.528216e+00  4.814261e-05
 -3.615000e-01 -1.043561e+00  4.304393e+00  1.061098e-04
 -1.205000e-01 -1.043561e+00  3.995285e+00  9.559091e-05
  1.205000e-01 -1.043561e+00  4.385319e+00  1.075859e-04
  3.615000e-01 -1.043561e+00  5.506433e+00  1.801864e-04
  6.025000e-01 -1.043561e+00  5.704918e+00  1.231815e-04
  8.435000e-01 -1.043561e+00  6.030915e+00  1.335920e-04
  1.084500e+00 -1.043561e+00  5.745056e+00  1.084108e-04
 -9.640000e-01 -1.252273e+00  3.466458e+00  2.439107e-05
 -7.230000e-01 -1.252273e+00  5.200723e+00  2.310319e-05
 -4.820000e-01 -1.252273e+00  4.857940e+00  2.024822e-05
 -2.410000e-01 -1.252273e+00  3.794195e+00  5.891488e-05
  0.000000e+00 -1.252273e+00  4.124650e+00  5.874145e-05
  2.410000e-01 -1.252273e+00  5.391345e+00  1.240750e-04
  4.820000e-01 -1.252273e+00  5.338561e+00  1.169238e-04
  7.230000e-01 -1.252273e+00  3.761958e-01  3.855552e-05
  9.640000e-01 -1.252273e+00  4.051939e-01  7.923650e-05
 -6.025000e-01 -1.460985e+00  4.394881e+00  8.223433e-05
 -3.615000e-01 -1.460985e+00  3.888591e+00  3.829240e-05
 -1.205000e-01 -1.460985e+00  3.389674e+00  5.427559e-05
  1.205000e-01 -1.460985e+00  2.226687e-01  5.502365e-05
  3.615000e-01 -1.460985e+00  5.516786e+00  1.182684e-04
  6.025000e-01 -1.460985e+00  4.366471e+00  3.559594e-05
 -6.025000e-01  1.460985e+00  4.768624e+00  4.840773e-05
 -3.615000e-01  1.460985e+00  4.551922e+00  2.537264e-05
 -1.205000e-01  1.460985e+00  1.918176e+00  1.334825e-04
  1.205000e-01  1.460985e+00  2.259884e+00  8.713949e-05
  3.615000e-01  1.460985e+00  1.372962e+00  6.669438e-05
  6.025000e-01  1.460985e+00  2.151477e+00  7.777117e-06
 -9.640000e-01  1.252273e+00  5.608869e+00  3.835602e-05
 -7.230000e-01  1.252273e+00  6.218992e+00  6.689958e-05
 -4.820000e-01  1.252273e+00  2.788872e+00  1.093783e-04
 -2.410000e-01  1.252273e+00  2.060821e+00  1.421470e-04
  0.000000e+00  1.252273e+00  2.436590e+00  1.065277e-04
  2.410000e-01  1.252273e+00  6.232542e+00  4.071321e-05
  4.820000e-01  1.252273e+00  1.129754e+00  2.269129e-05
  7.230000e-01  1.252273e+00  1.257514e-01  1.097628e-04
  9.640000e-01  1.252273e+00  1.145108e+00  1.135088e-04
 -1.084500e+00  1.043561e+00  4.161579e+00  2.555823e-05
 -8.435000e-01  1.043561e+00  4.416410e-01  3.175887e-05
 -6.025000e-01  1.043561e+00  2.134639e+00  1.993120e-04
 -3.615000e-01  1.043561e+00  2.033591e+00  2.002981e-04
 -1.205000e-01  1.043561e+00  1.492605e+00  8.450339e-05
  1.205000e-01  1.043561e+00  2.676925e-01  5.596567e-05
  3.615000e-01  1.043561e+00  2.702304e+00  3.248633e-05
  6.025000e-01  1.043561e+00  1.027874e+00  5.334680e-05
  8.435000e-01  1.043561e+00  6.756849e-01  8.990205e-05
  1.084500e+00  1.043561e+00  2.987037e+00  6.317425e-05
 -1.205000e+00  8.348485e-01  4.218727e+00  5.125336e-05
 -9.640000e-01  8.348485e-01  2.439302e+00  5.405410e-05
 -7.230000e-01  8.348485e-01  2.467873e+00  1.346571e-04
 -4.820000e-01  8.348485e-01  2.549235e+00  1.926098e-04
 -2.410000e-01  8.348485e-01  1.189197e+00  1.089832e-04
  0.000000e+00  8.348485e-01  1.169079e+00  9.995173e-05
  2.410000e-01  8.348485e-01  1.271999e+00  1.133653e-04
  4.820000e-01  8.348485e-01  1.706133e+00  7.056046e-05
  7.230000e-01  8.348485e-01  5.143399e-01  1.068675e-04
  9.640000e-01  8.348485e-01  7.647550e-01  6.245859e-05
  1.205000e+00  8.348485e-01  5.751046e+00  7.991942e-05
 -1.325500e+00  6.261364e-01  3.403685e+00  1.532108e-04
 -1.084500e+00  6.261364e-01  3.038216e+00  1.115811e-04
 -8.435000e-01  6.261364e-01  2.617062e+00  5.809160e-05
 -6.025000e-01  6.261364e-01  3.311499e+00  1.698575e-04
 -3.615000e-01  6.261364e-01  3.713221e+00  6.165871e-05
 -1.205000e-01  6.261364e-01  5.979378e+00  2.887211e-05
  1.205000e-01  6.261364e-01  1.213000e+00  6.712655e-05
  3.615000e-01  6.261364e-01  1.281489e-01  5.952652e-05
  6.025000e-01  6.261364e-01  5.145315e+00  1.002547e-04
  8.435000e-01  6.261364e-01  7.400401e-02  2.674517e-05
  1.084500e+00  6.261364e-01  1.601837e-01  1.457520e-04
  1.325500e+00  6.261364e-01  5.991877e+00  1.129978e-04
 -1.446000e+00  4.174242e-01  2.425344e+00  1.278913e-04
 -1.205000e+00  4.174242e-01  2.935458e+00  1.740743e-04
 -9.640000e-01  4.174242e-01  2.687571e+00  1.023664e-04
 -7.230000e-01  4.174242e-01  2.168303e+00  1.227699e-04
 -4.820000e-01  4.174242e-01  3.004074e+00  8.649974e-05
 -2.410000e-01  4.174242e-01  4.670965e+00  7.469891e-05
  0.000000e+00  4.174242e-01  4.483817e+00  8.387442e-05
  2.410000e-01  4.174242e-01  5.322596e+00  1.613206e-04
  4.820000e-01  4.174242e-01  5.561002e+00  1.490865e-04
  7.230000e-01  4.174242e-01  4.627113e+00  1.040698e-04
  9.640000e-01  4.174242e-01  5.043236e+00  1.783208e-04
  1.205000e+00  4.174242e-01  5.707559e+00  1.556294e-04
  1.446000e+00  4.174242e-01  8.519095e-01  7.572985e-05
 -1.566500e+00  2.087121e-01  1.631366e+00  9.248404e-05
 -1.325500e+00  2.087121e-01  2.183325e+00  1.929600e-04
 -1.084500e+00  2.087121e-01  2.405327e+00  1.978161e-04
 -8.435000e-01  2.087121e-01  2.240108e+00  1.443482e-04
 -6.025000e-01  2.087121e-01  2.000852e+00  8.105828e-05
 -3.615000e-01  2.087121e-01  1.969800e-01  5.769644e-05
 -1.205000e-01  2.087121e-01  5.433227e+00  8.555185e-05
  1.205000e-01  2.087121e-01  5.150901e+00  1.766713e-04
  3.615000e-01  2.087121e-01  4.928923e+00  9.581868e-05
  6.025000e-01  2.087121e-01  3.057724e-02  4.963533e-05
  8.435000e-01  2.087121e-01  5.669186e+00  9.749546e-05
  1.084500e+00  2.087121e-01  5.448452e+00  9.956686e-05
  1.325500e+00  2.087121e-01  3.219921e+00  5.496624e-05
  1.566500e+00  2.087121e-01  2.800378e+00  9.072540e-05
 -1.446000e+00  0.000000e+00  2.286101e+00  1.082024e-04
 -1.205000e+00  0.000000e+00  2.460223e+00  1.476872e-04
 -9.640000e-01  0.000000e+00  2.755341e+00  6.733646e-05
 -7.230000e-01  0.000000e+00  3.451019e+00  4.290333e-05
 -4.820000e-01  0.000000e+00  4.555784e-01  4.166937e-05
 -2.410000e-01  0.000000e+00  8.393175e-01  8.528042e-05
  0.000000e+00  0.000000e+00  6.412857e-01  1.389859e-04
  2.410000e-01  0.000000e+00  1.398491e+00  9.870334e-05
  4.820000e-01  0.000000e+00  1.419386e+00  5.216542e-05
  7.230000e-01  0.000000e+00  3.340598e-01  7.468647e-05
  9.640000e-01  0.000000e+00  1.046183e+00  1.170369e-04
  1.205000e+00  0.000000e+00  1.250630e+00  9.270562e-05
  1.446000e+00  0.000000e+00  2.568709e+00  6.654566e-05
 -1.566500e+00 -2.087121e-01  2.852647e+00  7.016933e-05
 -1.325500e+00 -2.087121e-01  2.994854e+00  9.448168e-05
 -1.084500e+00 -2.087121e-01  2.967151e+00  8.657083e-05
 -8.435000e-01 -2.087121e-01  2.311855e+00  3.359924e-05
 -6.025000e-01 -2.087121e-01  2.648809e+00  9.115825e-05
 -3.615000e-01 -2.087121e-01  4.610506e-01  6.565062e-05
 -1.205000e-01 -2.087121e-01  1.758685e+00  1.048987e-04
  1.205000e-01 -2.087121e-01  9.040438e-01  2.115500e-04
  3.615000e-01 -2.087121e-01  1.060670e+00  5.934548e-05
  6.025000e-01 -2.087121e-01  5.221858e-01  8.680810e-05
  8.435000e-01 -2.087121e-01  1.193559e+00  6.072281e-05
  1.084500e+00 -2.087121e-01  7.350403e-01  8.291791e-05
  1.325500e+00 -2.087121e-01  1.643614e+00  3.546231e-05
  1.566500e+00 -2.087121e-01  3.234655e+00  8.742620e-05
 -1.446000e+00 -4.174242e-01  2.865935e+00  1.982135e-05
 -1.205000e+00 -4.174242e-01  3.427742e+00  1.258180e-04
 -9.640000e-01 -4.174242e-01  2.844731e+00  6.413501e-05
 -7.230000e-01 -4.174242e-01  3.078006e+00  4.301094e-05
 -4.820000e-01 -4.174242e-01  5.467443e+00  6.730421e-05
 -2.410000e-01 -4.174242e-01  4.118543e+00  7.253241e-05
  0.000000e+00 -4.174242e-01  5.327293e+00  4.387918e-05
  2.410000e-01 -4.174242e-01  2.271415e-01  1.207438e-04
  4.820000e-01 -4.174242e-01  1.046344e+00  9.112626e-05
  7.230000e-01 -4.174242e-01  9.535435e-01  8.441389e-05
  9.640000e-01 -4.174242e-01  1.276606e-02  6.108110e-05
  1.205000e+00 -4.174242e-01  5.928548e+00  8.030211e-05
  1.446000e+00 -4.174242e-01  5.169106e+00  6.734797e-05
 -1.325500e+00 -6.261364e-01  3.675496e+00  8.461698e-05
 -1.084500e+00 -6.261364e-01  3.991923e+00  1.647440e-04
 -8.435000e-01 -6.261364e-01  4.571438e+00  1.692565e-04
 -6.025000e-01 -6.261364e-01  4.297359e+00  1.162498e-04
 -3.615000e-01 -6.261364e-01  5.716552e+00  8.345608e-05
 -1.205000e-01 -6.261364e-01  4.114321e+00  1.104900e-04
  1.205000e-01 -6.261364e-01  4.196480e+00  1.663468e-05
  3.615000e-01 -6.261364e-01  1.298636e+00  1.130639e-04
  6.025000e-01 -6.261364e-01  2.113368e-01  8.510735e-05
  8.435000e-01 -6.261364e-01  5.892991e+00  1.521367e-04
  1.084500e+00 -6.261364e-01  5.386876e+00  1.263806e-04
  1.325500e+00 -6.261364e-01  5.036109e+00  4.080936e-05
 -1.205000e+00 -8.348485e-01  5.929694e+00  3.467599e-05
 -9.640000e-01 -8.348485e-01  4.666174e+00  1.222670e-04
 -7.230000e-01 -8.348485e-01  4.262501e+00  1.885099e-04
 -4.820000e-01 -8.348485e-01  4.503557e+00  1.615281e-04
 -2.410000e-01 -8.348485e-01  4.655602e+00  9.981000e-05
  0.000000e+00 -8.348485e-01  3.426791e+00  1.035338e-04
  2.410000e-01 -8.348485e-01  3.792665e+00  3.674867e-05
  4.820000e-01 -8.348485e-01  5.733156e+00  2.042444e-04
  7.230000e-01 -8.348485e-01  5.474415e+00  2.094167e-04
  9.640000e-01 -8.348485e-01  5.463435e+00  1.988383e-04
  1.205000e+00 -8.348485e-01  4.796549e+00  1.087545e-04
 -1.084500e+00 -1.043561e+00  5.408122e+00  5.561599e-05
 -8.435000e-01 -1.043561e+00  4.452163e+00  2.036781e-05
 -6.025000e-01 -1.043561e+00  4.523136e+00  9.357447e-05
 -3.615000e-01 -1.043561e+00  4.239565e+00  1.324767e-04
 -1.205000e-01 -1.043561e+00  3.792748e+00  1.061109e-04
  1.205000e-01 -1.043561e+00  4.209616e+00  1.587981e-04
  3.615000e-01 -1.043561e+00  5.392436e+00  2.044491e-04
  6.025000e-01 -1.043561e+00  5.744978e+00  1.689553e-04
  8.435000e-01 -1.043561e+00  5.872646e+00  1.706166e-04
  1.084500e+00 -1.043561e+00  5.561763e+00  1.103113e-04
 -9.640000e-01 -1.252273e+00  4.049374e+00  5.995743e-05
 -7.230000e-01 -1.252273e+00  5.811626e+00  2.536349e-05
 -4.820000e-01 -1.252273e+00  4.137050e+00  3.696674e-05
 -2.410000e-01 -1.252273e+00  3.689134e+00  8.880294e-05
  0.000000e+00 -1.252273e+00  4.178388e+00  7.169799e-05
  2.410000e-01 -1.252273e+00  5.094254e+00  1.372621e-04
  4.820000e-01 -1.252273e+00  5.285902e+00  1.443254e-04
  7.230000e-01 -1.252273e+00  1.112344e-01  8.629578e-05
  9.640000e-01 -1.252273e+00  6.260158e+00  9.153471e-05
 -6.025000e-01 -1.460985e+00  4.540054e+00  8.820586e-05
 -3.615000e-01 -1.460985e+00  3.757584e+00  8.080790e-05
 -1.205000e-01 -1.460985e+00  3.424932e+00  6.212864e-05
  1.205000e-01 -1.460985e+00  1.557973e-01  4.564174e-05
  3.615000e-01 -1.460985e+00  5.355574e+00  1.273747e-04
  6.025000e-01 -1.460985e+00  4.551305e+00  4.213127e-05
 -6.025000e-01  1.460985e+00  4.029956e+00  1.899780e-05
 -3.615000e-01  1.460985e+00  3.132851e+00  4.467920e-05
 -1.205000e-01  1.460985e+00  2.190350e+00  1.262821e-04
  1.205000e-01  1.460985e+00  2.093726e+00  1.049289e-04
  3.615000e-01  1.460985e+00  1.652955e+00  8.017736e-05
  6.025000e-01  1.460985e+00  1.820697e+00  1.926464e-05
 -9.640000e-01  1.252273e+00  6.095882e+00  4.628061e-05
 -7.230000e-01  1.252273e+00  4.005594e-01  8.173029e-05
 -4.820000e-01  1.252273e+00  2.549474e+00  1.418262e-04
 -2.410000e-01  1.252273e+00  2.184311e+00  1.913175e-04
  0.000000e+00  1.252273e+00  2.299433e+00  1.440590e-04
  2.410000e-01  1.252273e+00  8.508965e-01  4.287376e-05
  4.820000e-01  1.252273e+00  1.212181e+00  2.506391e-05
  7.230000e-01  1.252273e+00  6.248486e+00  1.224139e-04
  9.640000e-01  1.252273e+00  1.176412e+00  1.122454e-04
 -1.084500e+00  1.043561e+00  2.247112e+00  1.614720e-05
 -8.435000e-01  1.043561e+00  7.223730e-01  8.623508e-05
 -6.025000e-01  1.043561e+00  2.131434e+00  2.223817e-04
 -3.615000e-01  1.043561e+00  2.103431e+00  2.612837e-04
 -1.205000e-01  1.043561e+00  1.697506e+00  1.187854e-04
  1.205000e-01  1.043561e+00  6.168118e+00  6.913660e-05
  3.615000e-01  1.043561e+00  3.398588e+00  2.804460e-05
  6.025000e-01  1.043561e+00  6.079516e-01  6.397067e-05
  8.435000e-01  1.043561e+00  7.055036e-01  7.769239e-05
  1.084500e+00  1.043561e+00  3.064828e+00  9.008730e-05
 -1.205000e+00  8.348485e-01  3.760046e+00  4.490238e-05
 -9.640000e-01  8.348485e-01  2.018527e+00  6.477469e-05
 -7.230000e-01  8.348485e-01  2.113499e+00  1.507178e-04
 -4.820000e-01  8.348485e-01  2.520462e+00  2.335091e-04
 -2.410000e-01  8.348485e-01  1.302473e+00  9.408809e-05
  0.000000e+00  8.348485e-01  6.159620e-01  1.032388e-04
  2.410000e-01  8.348485e-01  1.339470e+00  8.878577e-05
  4.820000e-01  8.348485e-01  1.834621e+00  6.846381e-05
  7.230000e-01  8.348485e-01  5.441816e-01  1.184500e-04
  9.640000e-01  8.348485e-01  8.675288e-01  5.037159e-05
  1.205000e+00  8.348485e-01  5.501956e+00  9.053250e-05
 -1.325500e+00  6.261364e-01  3.612483e+00  1.346480e-04
 -1.084500e+00  6.261364e-01  3.156559e+00  1.281493e-04
 -8.435000e-01  6.261364e-01  2.281244e+00  7.912348e-05
 -6.025000e-01  6.261364e-01  3.097000e+00  1.362615e-04
 -3.615000e-01  6.261364e-01  3.704967e+00  7.647764e-05
 -1.205000e-01  6.261364e-01  5.970387e+00  5.602443e-05
  1.205000e-01  6.261364e-01  1.273294e+00  8.044056e-05
  3.615000e-01  6.261364e-01  1.038908e+00  5.420995e-05
  6.025000e-01  6.261364e-01  5.465707e+00  1.088883e-04
  8.435000e-01  6.261364e-01  6.212177e+00  1.596806e-05
  1.084500e+00  6.261364e-01  1.711722e-01  1.544310e-04
  1.325500e+00  6.261364e-01  5.938507e+00  1.190216e-04
 -1.446000e+00  4.174242e-01  2.586921e+00  9.638268e-05
 -1.205000e+00  4.174242e-01  3.138363e+00  1.876393e-04
 -9.640000e-01  4.174242e-01  2.861677e+00  1.426970e-04
 -7.230000e-01  4.174242e-01  2.064571e+00  1.158536e-04
 -4.820000e-01  4.174242e-01  2.671523e+00  6.579180e-05
 -2.410000e-01  4.174242e-01  4.692038e+00  6.039452e-05
  0.000000e+00  4.174242e-01  4.551674e+00  5.816056e-05
  2.410000e-01  4.174242e-01  5.149857e+00  8.576593e-05
  4.820000e-01  4.174242e-01  5.853260e+00  1.699421e-04
  7.230000e-01  4.174242e-01  4.774912e+00  1.048664e-04
  9.640000e-01  4.174242e-01  5.018371e+00  1.681989e-04
  1.205000e+00  4.174242e-01  5.794012e+00  1.663064e-04
  1.446000e+00  4.174242e-01  8.560937e-01  8.546797e-05
 -1.566500e+00  2.087121e-01  1.340157e+00  8.903645e-05
 -1.325500e+00  2.087121e-01  2.159894e+00  1.910278e-04
 -1.084500e+00  2.087121e-01  2.560758e+00  2.219110e-04
 -8.435000e-01  2.087121e-01  2.544779e+00  1.526846e-04
 -6.025000e-01  2.087121e-01  1.805809e+00  9.228281e-05
 -3.615000e-01  2.087121e-01  6.598102e-01  7.614095e-05
 -1.205000e-01  2.087121e-01  6.184825e+00  4.528177e-05
  1.205000e-01  2.087121e-01  5.189852e+00  9.617094e-05
  3.615000e-01  2.087121e-01  5.149429e+00  9.532541e-05
  6.025000e-01  2.087121e-01  6.087179e+00  1.332700e-04
  8.435000e-01  2.087121e-01  5.271967e+00  7.032283e-05
  1.084500e+00  2.087121e-01  5.709603e+00  9.475511e-05
  1.325500e+00  2.087121e-01  2.594232e+00  6.255282e-05
  1.566500e+00  2.087121e-01  2.601292e+00  1.007388e-04
 -1.446000e+00  0.000000e+00  2.006208e+00  1.225204e-04
 -1.205000e+00  0.000000e+00  2.412895e+00  1.803538e-04
 -9.640000e-01  0.000000e+00  2.688859e+00  9.121019e-05
 -7.230000e-01  0.000000e+00  3.255640e+00  8.134234e-05
 -4.820000e-01  0.000000e+00  9.871040e-01  4.723069e-05
 -2.410000e-01  0.000000e+00  1.178516e+00  1.066477e-04
  0.000000e+00  0.000000e+00  7.655039e-01  1.395111e-04
  2.410000e-01  0.000000e+00  9.746069e-01  8.520583e-05
  4.820000e-01  0.000000e+00  3.860615e-01  9.707774e-05
  7.230000e-01  0.000000e+00  2.297016e-01  7.314312e-05
  9.640000e-01  0.000000e+00  1.556694e+00  9.671555e-05
  1.205000e+00  0.000000e+00  1.291733e+00  1.180541e-04
  1.446000e+00  0.000000e+00  2.420895e+00  6.919208e-05
 -1.566500e+00 -2.087121e-01  2.331580e+00  3.724250e-05
 -1.325500e+00 -2.087121e-01  2.720610e+00  1.137604e-04
 -1.084500e+00 -2.087121e-01  2.708046e+00  8.628417e-05
 -8.435000e-01 -2.087121e-01  2.971679e+00  4.780736e-05
 -6.025000e-01 -2.087121e-01  3.104678e+00  9.989428e-05
 -3.615000e-01 -2.087121e-01  2.594201e-02  4.043334e-05
 -1.205000e-01 -2.087121e-01  1.636972e+00  5.649301e-05
  1.205000e-01 -2.087121e-01  7.144627e-01  1.805222e-04
  3.615000e-01 -2.087121e-01  6.063015e-01  7.508404e-05
  6.025000e-01 -2.087121e-01  3.431594e-01  1.420710e-04
  8.435000e-01 -2.087121e-01  1.829635e+00  3.920686e-05
  1.084500e+00 -2.087121e-01  5.360331e-01  2.798146e-05
  1.325500e+00 -2.087121e-01  2.195960e-01  1.890667e-05
  1.566500e+00 -2.087121e-01  3.542330e+00  7.150266e-05
 -1.446000e+00 -4.174242e-01  3.717120e+00  2.912435e-05
 -1.205000e+00 -4.174242e-01  3.503109e+00  1.366369e-04
 -9.640000e-01 -4.174242e-01  2.655622e+00  4.233889e-05
 -7.230000e-01 -4.174242e-01  3.088365e+00  4.960085e-05
 -4.820000e-01 -4.174242e-01  4.997911e+00  8.700527e-05
 -2.410000e-01 -4.174242e-01  4.064446e+00  9.481841e-05
  0.000000e+00 -4.174242e-01  5.720512e+00  3.839915e-05
  2.410000e-01 -4.174242e-01  1.158118e-01  1.272674e-04
  4.820000e-01 -4.174242e-01  6.646977e-01  1.056892e-04
  7.230000e-01 -4.174242e-01  7.104830e-01  1.170040e-04
  9.640000e-01 -4.174242e-01  6.141540e+00  2.250437e-05
  1.205000e+00 -4.174242e-01  5.596513e+00  9.598456e-05
  1.446000e+00 -4.174242e-01  5.156031e+00  9.482364e-05
 -1.325500e+00 -6.261364e-01  3.685215e+00  1.404120e-04
 -1.084500e+00 -6.261364e-01  4.028764e+00  1.752732e-04
 -8.435000e-01 -6.261364e-01  4.488281e+00  1.729099e-04
 -6.025000e-01 -6.261364e-01  4.463357e+00  1.043111e-04
 -3.615000e-01 -6.261364e-01  5.233854e+00  8.030689e-05
 -1.205000e-01 -6.261364e-01  4.055714e+00  1.388106e-04
  1.205000e-01 -6.261364e-01  5.797183e+00  2.259196e-05
  3.615000e-01 -6.261364e-01  1.124607e+00  1.224918e-04
  6.025000e-01 -6.261364e-01  4.566169e-01  1.149185e-04
  8.435000e-01 -6.261364e-01  6.185558e+00  1.432742e-04
  1.084500e+00 -6.261364e-01  5.524025e+00  1.078462e-04
  1.325500e+00 -6.261364e-01  5.473236e+00  6.485462e-05
 -1.205000e+00 -8.348485e-01  4.167505e-01  3.909752e-05
 -9.640000e-01 -8.348485e-01  4.842259e+00  1.426338e-04
 -7.230000e-01 -8.348485e-01  4.287842e+00  2.317383e-04
 -4.820000e-01 -8.348485e-01  4.596122e+00  1.682831e-04
 -2.410000e-01 -8.348485e-01  4.429522e+00  1.248203e-04
  0.000000e+00 -8.348485e-01  3.575319e+00  1.383813e-04
  2.410000e-01 -8.348485e-01  3.558734e+00  2.088277e-05
  4.820000e-01 -8.348485e-01  5.851282e+00  1.859936e-04
  7.230000e-01 -8.348485e-01  5.637943e+00  2.110138e-04
  9.640000e-01 -8.348485e-01  5.521739e+00  1.819732e-04
  1.205000e+00 -8.348485e-01  5.034025e+00  8.829514e-05
 -1.084500e+00 -1.043561e+00  5.803995e+00  1.053504e-04
 -8.435000e-01 -1.043561e+00  4.870636e+00  3.565910e-05
 -6.025000e-01 -1.043561e+00  4.446904e+00  1.212335e-04
 -3.615000e-01 -1.043561e+00  4.076843e+00  1.370540e-04
 -1.205000e-01 -1.043561e+00  3.588054e+00  1.125987e-04
  1.205000e-01 -1.043561e+00  4.176769e+00  1.760689e-04
  3.615000e-01 -1.043561e+00  5.360114e+00  1.968568e-04
  6.025000e-01 -1.043561e+00  5.822216e+00  1.845765e-04
  8.435000e-01 -1.043561e+00  5.865533e+00  1.844940e-04
  1.084500e+00 -1.043561e+00  5.484644e+00  1.074206e-04
 -9.640000e-01 -1.252273e+00  4.322228e+00  9.169348e-05
 -7.230000e-01 -1.252273e+00  5.707997e+00  2.686327e-05
 -4.820000e-01 -1.252273e+00  3.986694e+00  7.728779e-05
 -2.410000e-01 -1.252273e+00  3.704475e+00  1.236781e-04
  0.000000e+00 -1.252273e+00  4.337929e+00  9.087099e-05
  2.410000e-01 -1.252273e+00  4.858430e+00  1.499113e-04
  4.820000e-01 -1.252273e+00  5.250003e+00  1.493490e-04
  7.230000e-01 -1.252273e+00  7.612056e-02  1.156756e-04
  9.640000e-01 -1.252273e+00  6.125155e+00  1.022172e-04
 -6.025000e-01 -1.460985e+00  4.634958e+00  8.573466e-05
 -3.615000e-01 -1.460985e+00  3.743119e+00  1.243300e-04
 -1.205000e-01 -1.460985e+00  3.621942e+00  6.737201e-05
  1.205000e-01 -1.460985e+00  5.939326e+00  2.985405e-05
  3.615000e-01 -1.460985e+00  5.178907e+00  1.246631e-04
  6.025000e-01 -1.460985e+00  4.741829e+00  5.562360e-05
 -6.025000e-01  1.460985e+00  2.568808e+00  2.723204e-05
 -3.615000e-01  1.460985e+00  3.019593e+00  7.348922e-05
 -1.205000e-01  1.460985e+00  2.425972e+00  1.214754e-04
  1.205000e-01  1.460985e+00  2.041617e+00  1.127076e-04
  3.615000e-01  1.460985e+00  1.764493e+00  7.144081e-05
  6.025000e-01  1.460985e+00  1.460206e+00  2.956748e-05
 -9.640000e-01  1.252273e+00  6.111655e-01  4.786935e-05
 -7.230000e-01  1.252273e+00  6.622411e-01  9.988900e-05
 -4.820000e-01  1.252273e+00  2.453072e+00  1.392654e-04
 -2.410000e-01  1.252273e+00  2.360979e+00  1.978667e-04
  0.000000e+00  1.252273e+00  2.348755e+00  1.555621e-04
  2.410000e-01  1.252273e+00  1.194046e+00  5.063398e-05
  4.820000e-01  1.252273e+00  1.208429e+00  2.984424e-05
  7.230000e-01  1.252273e+00  6.154581e+00  1.211711e-04
  9.640000e-01  1.252273e+00  1.264276e+00  9.411688e-05
 -1.084500e+00  1.043561e+00  1.707742e+00  3.939592e-05
 -8.435000e-01  1.043561e+00  7.989541e-01  1.200819e-04
 -6.025000e-01  1.043561e+00  2.003470e+00  1.782904e-04
 -3.615000e-01  1.043561e+00  2.188134e+00  2.635305e-04
 -1.205000e-01  1.043561e+00  1.932878e+00  1.241743e-04
  1.205000e-01  1.043561e+00  5.645854e+00  6.843215e-05
  3.615000e-01  1.043561e+00  3.973862e+00  4.098952e-05
  6.025000e-01  1.043561e+00  3.396416e-01  7.198167e-05
  8.435000e-01  1.043561e+00  6.827447e-01  6.160006e-05
  1.084500e+00  1.043561e+00  3.194927e+00  1.174292e-04
 -1.205000e+00  8.348485e-01  3.620418e+00  4.160729e-05
 -9.640000e-01  8.348485e-01  1.971400e+00  5.493231e-05
 -7.230000e-01  8.348485e-01  1.710193e+00  1.437840e-04
 -4.820000e-01  8.348485e-01  2.436890e+00  2.345910e-04
 -2.410000e-01  8.348485e-01  1.598146e+00  7.612509e-05
  0.000000e+00  8.348485e-01  2.817432e-01  9.618669e-05
  2.410000e-01  8.348485e-01  1.496226e+00  5.902074e-05
  4.820000e-01  8.348485e-01  2.190119e+00  4.397545e-05
  7.230000e-01  8.348485e-01  3.957569e-01  1.066546e-04
  9.640000e-01  8.348485e-01  1.075221e+00  2.504220e-05
  1.205000e+00  8.348485e-01  5.327192e+00  9.054042e-05
 -1.325500e+00  6.261364e-01  3.852632e+00  1.023881e-04
 -1.084500e+00  6.261364e-01  3.180560e+00  1.249374e-04
 -8.435000e-01  6.261364e-01  2.172693e+00  9.700872e-05
 -6.025000e-01  6.261364e-01  2.589946e+00  9.243359e-05
 -3.615000e-01  6.261364e-01  3.606881e+00  6.479076e-05
 -1.205000e-01  6.261364e-01  6.086558e+00  5.324034e-05
  1.205000e-01  6.261364e-01  1.447922e+00  9.093322e-05
  3.615000e-01  6.261364e-01  1.486312e+00  7.865404e-05
  6.025000e-01  6.261364e-01  5.751700e+00  1.194427e-04
  8.435000e-01  6.261364e-01  4.481944e+00  1.891276e-05
  1.084500e+00  6.261364e-01  1.104063e-01  1.263258e-04
  1.325500e+00  6.261364e-01  5.832953e+00  9.017673e-05
 -1.446000e+00  4.174242e-01  2.818322e+00  7.252176e-05
 -1.205000e+00  4.174242e-01  3.227988e+00  1.708945e-04
 -9.640000e-01  4.174242e-01  2.913426e+00  1.632329e-04
 -7.230000e-01  4.174242e-01  1.874423e+00  9.663955e-05
 -4.820000e-01  4.174242e-01  2.038350e+00  5.887978e-05
 -2.410000e-01  4.174242e-01  4.381019e+00  1.395451e-05
  0.000000e+00  4.174242e-01  4.278493e+00  2.335468e-05
  2.410000e-01  4.174242e-01  4.096806e+00  2.542093e-05
  4.820000e-01  4.174242e-01  6.181065e+00  1.805564e-04
  7.230000e-01  4.174242e-01  5.145010e+00  8.266076e-05
  9.640000e-01  4.174242e-01  4.965047e+00  1.379032e-04
  1.205000e+00  4.174242e-01  5.730246e+00  1.316193e-04
  1.446000e+00  4.174242e-01  9.274110e-01  4.688130e-05
 -1.566500e+00  2.087121e-01  1.342557e+00  7.678957e-05
 -1.325500e+00  2.087121e-01  2.128482e+00  1.719451e-04
 -1.084500e+00  2.087121e-01  2.649891e+00  2.100008e-04
 -8.435000e-01  2.087121e-01  2.805123e+00  1.458825e-04
 -6.025000e-01  2.087121e-01  1.779352e+00  8.939905e-05
 -3.615000e-01  2.087121e-01  9.397912e-01  9.359134e-05
 -1.205000e-01  2.087121e-01  1.080125e+00  5.824342e-05
  1.205000e-01  2.087121e-01  6.139763e-02  1.567057e-05
  3.615000e-01  2.087121e-01  5.317986e+00  6.696015e-05
  6.025000e-01  2.087121e-01  6.078083e+00  2.119343e-04
  8.435000e-01  2.087121e-01  4.799518e+00  5.153227e-05
  1.084500e+00  2.087121e-01  6.019406e+00  7.561050e-05
  1.325500e+00  2.087121e-01  2.405286e+00  7.301372e-05
  1.566500e+00  2.087121e-01  2.305857e+00  6.432476e-05
 -1.446000e+00  0.000000e+00  1.829033e+00  1.325532e-04
 -1.205000e+00  0.000000e+00  2.360842e+00  1.680668e-04
 -9.640000e-01  0.000000e+00  2.802397e+00  7.797709e-05
 -7.230000e-01  0.000000e+00  3.262281e+00  1.109129e-04
 -4.820000e-01  0.000000e+00  1.354333e+00  4.906852e-05
 -2.410000e-01  0.000000e+00  1.569144e+00  1.134619e-04
  0.000000e+00  0.000000e+00  1.049195e+00  1.419156e-04
  2.410000e-01  0.000000e+00  5.442492e-01  8.530627e-05
  4.820000e-01  0.000000e+00  8.283055e-02  1.599401e-04
  7.230000e-01  0.000000e+00  1.275968e-01  8.536232e-05
  9.640000e-01  0.000000e+00  2.119033e+00  9.037785e-05
  1.205000e+00  0.000000e+00  1.388331e+00  1.134886e-04
  1.446000e+00  0.000000e+00  2.265356e+00  5.378225e-05
 -1.566500e+00 -2.087121e-01  8.118478e-01  3.966518e-05
 -1.325500e+00 -2.087121e-01  2.462075e+00  1.065273e-04
 -1.084500e+00 -2.087121e-01  2.251877e+00  5.290080e-05
 -8.435000e-01 -2.087121e-01  3.290926e+00  7.847540e-05
 -6.025000e-01 -2.087121e-01  3.405998e+00  1.195355e-04
 -3.615000e-01 -2.087121e-01  5.006916e+00  2.102796e-05
 -1.205000e-01 -2.087121e-01  3.320798e+00  7.207679e-06
  1.205000e-01 -2.087121e-01  3.327864e-01  1.398533e-04
  3.615000e-01 -2.087121e-01  2.443697e-01  9.647616e-05
  6.025000e-01 -2.087121e-01  1.696776e-01  1.819553e-04
  8.435000e-01 -2.087121e-01  2.860887e+00  2.331634e-05
  1.084500e+00 -2.087121e-01  4.062621e+00  2.908490e-05
  1.325500e+00 -2.087121e-01  5.811374e+00  3.943742e-05
  1.566500e+00 -2.087121e-01  4.214961e+00  4.455244e-05
 -1.446000e+00 -4.174242e-01  3.930010e+00  3.986052e-05
 -1.205000e+00 -4.174242e-01  3.492848e+00  1.026356e-04
 -9.640000e-01 -4.174242e-01  1.215145e+00  3.052587e-05
 -7.230000e-01 -4.174242e-01  3.303056e+00  6.624423e-05
 -4.820000e-01 -4.174242e-01  4.722895e+00  1.163399e-04
 -2.410000e-01 -4.174242e-01  4.101760e+00  1.243209e-04
  0.000000e+00 -4.174242e-01  5.283024e+00  3.384073e-05
  2.410000e-01 -4.174242e-01  6.237727e+00  1.295915e-04
  4.820000e-01 -4.174242e-01  1.155989e-01  1.270369e-04
  7.230000e-01 -4.174242e-01  3.688129e-01  1.290226e-04
  9.640000e-01 -4.174242e-01  3.759618e+00  2.779858e-05
  1.205000e+00 -4.174242e-01  5.187605e+00  8.758148e-05
  1.446000e+00 -4.174242e-01  5.287510e+00  9.091639e-05
 -1.325500e+00 -6.261364e-01  3.688261e+00  1.532668e-04
 -1.084500e+00 -6.261364e-01  4.339422e+00  1.445677e-04
 -8.435000e-01 -6.261364e-01  4.449440e+00  1.638892e-04
 -6.025000e-01 -6.261364e-01  4.638431e+00  9.709404e-05
 -3.615000e-01 -6.261364e-01  4.648491e+00  9.235550e-05
 -1.205000e-01 -6.261364e-01  3.984818e+00  1.465306e-04
  1.205000e-01 -6.261364e-01  5.785651e+00  3.552061e-05
  3.615000e-01 -6.261364e-01  5.929807e-01  1.283760e-04
  6.025000e-01 -6.261364e-01  5.639528e-01  1.240628e-04
  8.435000e-01 -6.261364e-01  2.772283e-01  1.249338e-04
  1.084500e+00 -6.261364e-01  5.540320e+00  5.869637e-05
  1.325500e+00 -6.261364e-01  5.477125e+00  5.822017e-05
 -1.205000e+00 -8.348485e-01  4.975974e-01  6.897451e-05
 -9.640000e-01 -8.348485e-01  5.173736e+00  1.431130e-04
 -7.230000e-01 -8.348485e-01  4.283505e+00  2.268209e-04
 -4.820000e-01 -8.348485e-01  4.573502e+00  1.467513e-04
 -2.410000e-01 -8.348485e-01  4.109794e+00  1.222762e-04
  0.000000e+00 -8.348485e-01  3.626945e+00  1.482569e-04
  2.410000e-01 -8.348485e-01  1.102564e-01  1.579040e-05
  4.820000e-01 -8.348485e-01  6.106681e+00  1.505372e-04
  7.230000e-01 -8.348485e-01  5.835153e+00  1.659036e-04
  9.640000e-01 -8.348485e-01  5.666967e+00  1.352369e-04
  1.205000e+00 -8.348485e-01  5.070638e+00  5.516035e-05
 -1.084500e+00 -1.043561e+00  6.043476e+00  1.565470e-04
 -8.435000e-01 -1.043561e+00  5.293852e+00  3.940006e-05
 -6.025000e-01 -1.043561e+00  4.310783e+00  1.149668e-04
 -3.615000e-01 -1.043561e+00  3.688346e+00  1.332156e-04
 -1.205000e-01 -1.043561e+00  3.328263e+00  9.866799e-05
  1.205000e-01 -1.043561e+00  4.142407e+00  1.477757e-04
  3.615000e-01 -1.043561e+00  5.503003e+00  1.478252e-04
  6.025000e-01 -1.043561e+00  6.064440e+00  1.578785e-04
  8.435000e-01 -1.043561e+00  5.983069e+00  1.649290e-04
  1.084500e+00 -1.043561e+00  5.516795e+00  9.564440e-05
 -9.640000e-01 -1.252273e+00  4.560156e+00  1.073833e-04
 -7.230000e-01 -1.252273e+00  5.355757e+00  2.729248e-05
 -4.820000e-01 -1.252273e+00  3.888051e+00  1.215228e-04
 -2.410000e-01 -1.252273e+00  3.753201e+00  1.520153e-04
  0.000000e+00 -1.252273e+00  4.492069e+00  1.034947e-04
  2.410000e-01 -1.252273e+00  4.636314e+00  1.429369e-04
  4.820000e-01 -1.252273e+00  5.268225e+00  1.245830e-04
  7.230000e-01 -1.252273e+00  1.555337e-01  1.237884e-04
  9.640000e-01 -1.252273e+00  6.185754e+00  1.008074e-04
 -6.025000e-01 -1.460985e+00  4.647671e+00  7.838517e-05
 -3.615000e-01 -1.460985e+00  3.779155e+00  1.607789e-04
 -1.205000e-01 -1.460985e+00  3.861203e+00  7.494256e-05
  1.205000e-01 -1.460985e+00  4.884273e+00  3.254196e-05
  3.615000e-01 -1.460985e+00  4.956464e+00  1.154806e-04
  6.025000e-01 -1.460985e+00  4.873234e+00  7.369680e-05
 -6.025000e-01  1.460985e+00  2.531846e+00  2.879985e-05
 -3.615000e-01  1.460985e+00  3.246203e+00  7.569351e-05
 -1.205000e-01  1.460985e+00  2.672811e+00  1.058756e-04
  1.205000e-01  1.460985e+00  2.142057e+00  9.566562e-05
  3.615000e-01  1.460985e+00  1.547830e+00  4.061977e-05
  6.025000e-01  1.460985e+00  1.116428e+00  3.653810e-05
 -9.640000e-01  1.252273e+00  1.413935e+00  6.959628e-05
 -7.230000e-01  1.252273e+00  7.597161e-01  9.630994e-05
 -4.820000e-01  1.252273e+00  2.603811e+00  8.229498e-05
 -2.410000e-01  1.252273e+00  2.701914e+00  1.651551e-04
  0.000000e+00  1.252273e+00  2.582140e+00  1.384617e-04
  2.410000e-01  1.252273e+00  1.249110e+00  3.457939e-05
  4.820000e-01  1.252273e+00  1.102228e+00  3.851211e-05
  7.230000e-01  1.252273e+00  6.211215e+00  9.608495e-05
  9.640000e-01  1.252273e+00  1.450806e+00  7.435209e-05
 -1.084500e+00  1.043561e+00  1.746845e+00  5.573837e-05
 -8.435000e-01  1.043561e+00  9.068821e-01  1.223188e-04
 -6.025000e-01  1.043561e+00  1.393066e+00  1.022385e-04
 -3.615000e-01  1.043561e+00  2.364552e+00  2.058812e-04
 -1.205000e-01  1.043561e+00  2.385387e+00  1.065342e-04
  1.205000e-01  1.043561e+00  4.948976e+00  8.863103e-05
  3.615000e-01  1.043561e+00  4.112437e+00  6.940243e-05
  6.025000e-01  1.043561e+00  1.847529e-01  6.474199e-05
  8.435000e-01  1.043561e+00  6.652176e-01  4.032360e-05
  1.084500e+00  1.043561e+00  3.310828e+00  1.292278e-04
 -1.205000e+00  8.348485e-01  3.619291e+00  2.691630e-05
 -9.640000e-01  8.348485e-01  2.402781e+00  3.644489e-05
 -7.230000e-01  8.348485e-01  1.156356e+00  1.298808e-04
 -4.820000e-01  8.348485e-01  2.212110e+00  1.917906e-04
 -2.410000e-01  8.348485e-01  2.108128e+00  6.972928e-05
  0.000000e+00  8.348485e-01  6.175211e+00  7.278361e-05
  2.410000e-01  8.348485e-01  2.291777e+00  4.095921e-05
  4.820000e-01  8.348485e-01  3.408326e+00  3.671797e-05
  7.230000e-01  8.348485e-01  6.161910e+00  7.801722e-05
  9.640000e-01  8.348485e-01  3.784307e+00  1.711528e-05
  1.205000e+00  8.348485e-01  5.211266e+00  7.724452e-05
 -1.325500e+00  6.261364e-01  4.143165e+00  6.680332e-05
 -1.084500e+00  6.261364e-01  3.066833e+00  9.816121e-05
 -8.435000e-01  6.261364e-01  2.125084e+00  8.914873e-05
 -6.025000e-01  6.261364e-01  1.730218e+00  7.908836e-05
 -3.615000e-01  6.261364e-01  3.250241e+00  2.671161e-05
 -1.205000e-01  6.261364e-01  6.185229e+00  3.010216e-05
  1.205000e-01  6.261364e-01  1.738794e+00  9.255834e-05
  3.615000e-01  6.261364e-01  1.697784e+00  7.890348e-05
  6.025000e-01  6.261364e-01  5.850081e+00  1.294148e-04
  8.435000e-01  6.261364e-01  3.983608e+00  5.499445e-05
  1.084500e+00  6.261364e-01  3.317305e-02  6.532820e-05
  1.325500e+00  6.261364e-01  5.544275e+00  3.833816e-05
 -1.446000e+00  4.174242e-01  2.997641e+00  6.471305e-05
 -1.205000e+00  4.174242e-01  3.212414e+00  1.305446e-04
 -9.640000e-01  4.174242e-01  2.876046e+00  1.395665e-04
 -7.230000e-01  4.174242e-01  1.516053e+00  7.129496e-05
 -4.820000e-01  4.174242e-01  1.506191e+00  7.107100e-05
 -2.410000e-01  4.174242e-01  1.309256e+00  4.120871e-05
  0.000000e+00  4.174242e-01  2.929650e+00  2.406890e-05
  2.410000e-01  4.174242e-01  3.174543e+00  4.347596e-05
  4.820000e-01  4.174242e-01  8.687858e-02  1.640161e-04
  7.230000e-01  4.174242e-01  5.693865e+00  4.788129e-05
  9.640000e-01  4.174242e-01  4.676335e+00  9.163061e-05
  1.205000e+00  4.174242e-01  5.368908e+00  7.118765e-05
  1.446000e+00  4.174242e-01  4.465675e+00  5.972340e-06
 -1.566500e+00  2.087121e-01  1.660685e+00  5.949871e-05
 -1.325500e+00  2.087121e-01  2.131907e+00  1.394502e-04
 -1.084500e+00  2.087121e-01  2.698333e+00  1.616305e-04
 -8.435000e-01  2.087121e-01  2.927200e+00  1.067338e-04
 -6.025000e-01  2.087121e-01  1.911125e+00  8.075700e-05
 -3.615000e-01  2.087121e-01  9.110153e-01  1.073615e-04
 -1.205000e-01  2.087121e-01  1.357510e+00  8.074322e-05
  1.205000e-01  2.087121e-01  1.590921e+00  6.496133e-05
  3.615000e-01  2.087121e-01  5.843119e+00  1.556199e-05
  6.025000e-01  2.087121e-01  6.101414e+00  2.220041e-04
  8.435000e-01  2.087121e-01  4.175620e+00  4.582913e-05
  1.084500e+00  2.087121e-01  6.251569e+00  3.956039e-05
  1.325500e+00  2.087121e-01  2.465611e+00  6.542757e-05
  1.566500e+00  2.087121e-01  8.884926e-01  3.784339e-05
 -1.446000e+00  0.000000e+00  1.741293e+00  1.228512e-04
 -1.205000e+00  0.000000e+00  2.363730e+00  1.171890e-04
 -9.640000e-01  0.000000e+00  3.431189e+00  4.477098e-05
 -7.230000e-01  0.000000e+00  3.312420e+00  1.135650e-04
 -4.820000e-01  0.000000e+00  1.164084e+00  4.068804e-05
 -2.410000e-01  0.000000e+00  1.760721e+00  9.381034e-05
  0.000000e+00  0.000000e+00  1.395707e+00  1.360749e-04
  2.410000e-01  0.000000e+00  4.038127e-01  7.782208e-05
  4.820000e-01  0.000000e+00  6.228694e+00  1.843940e-04
  7.230000e-01  0.000000e+00  6.051122e+00  8.888207e-05
  9.640000e-01  0.000000e+00  2.744717e+00  9.895391e-05
  1.205000e+00  0.000000e+00  1.659572e+00  8.312342e-05
  1.446000e+00  0.000000e+00  2.146526e+00  2.215361e-05
 -1.566500e+00 -2.087121e-01  3.493191e-01  7.797944e-05
 -1.325500e+00 -2.087121e-01  2.075772e+00  8.021590e-05
 -1.084500e+00 -2.087121e-01  8.220821e-01  3.790987e-05
 -8.435000e-01 -2.087121e-01  3.415073e+00  1.036003e-04
 -6.025000e-01 -2.087121e-01  3.564764e+00  1.187299e-04
 -3.615000e-01 -2.087121e-01  4.677716e+00  2.409773e-05
 -1.205000e-01 -2.087121e-01  4.084033e+00  3.634280e-05
  1.205000e-01 -2.087121e-01  6.142753e+00  1.092023e-04
  3.615000e-01 -2.087121e-01  6.252018e+00  1.054082e-04
  6.025000e-01 -2.087121e-01  1.951401e-02  2.012020e-04
  8.435000e-01 -2.087121e-01  3.613287e+00  5.218423e-05
  1.084500e+00 -2.087121e-01  3.688350e+00  7.997083e-05
  1.325500e+00 -2.087121e-01  5.784684e+00  5.174761e-05
  1.566500e+00 -2.087121e-01  5.424957e+00  5.368395e-05
 -1.446000e+00 -4.174242e-01  4.034288e+00  3.668720e-05
 -1.205000e+00 -4.174242e-01  3.302579e+00  4.244349e-05
 -9.640000e-01 -4.174242e-01  6.286558e-01  6.949857e-05
 -7.230000e-01 -4.174242e-01  3.614415e+00  8.264226e-05
 -4.820000e-01 -4.174242e-01  4.710059e+00  1.400423e-04
 -2.410000e-01 -4.174242e-01  4.105223e+00  1.302873e-04
  0.000000e+00 -4.174242e-01  4.776535e+00  3.086354e-05
  2.410000e-01 -4.174242e-01  6.133956e+00  1.163198e-04
  4.820000e-01 -4.174242e-01  6.087713e+00  1.518611e-04
  7.230000e-01 -4.174242e-01  2.422400e-01  1.209858e-04
  9.640000e-01 -4.174242e-01  3.368739e+00  7.860078e-05
  1.205000e+00 -4.174242e-01  4.513365e+00  7.437120e-05
  1.446000e+00 -4.174242e-01  5.752082e+00  6.329803e-05
 -1.325500e+00 -6.261364e-01  3.689497e+00  1.241030e-04
 -1.084500e+00 -6.261364e-01  4.992798e+00  1.254382e-04
 -8.435000e-01 -6.261364e-01  4.527881e+00  1.470758e-04
 -6.025000e-01 -6.261364e-01  4.809209e+00  9.121239e-05
 -3.615000e-01 -6.261364e-01  4.200002e+00  1.051526e-04
 -1.205000e-01 -6.261364e-01  3.865193e+00  1.295664e-04
  1.205000e-01 -6.261364e-01  5.863620e+00  3.332520e-05
  3.615000e-01 -6.261364e-01  1.899977e-01  1.528569e-04
  6.025000e-01 -6.261364e-01  7.482006e-01  1.025469e-04
  8.435000e-01 -6.261364e-01  7.955777e-01  1.098066e-04
  1.084500e+00 -6.261364e-01  3.897354e+00  1.634055e-05
  1.325500e+00 -6.261364e-01  4.757738e+00  3.090016e-05
 -1.205000e+00 -8.348485e-01  3.845787e-01  1.068251e-04
 -9.640000e-01 -8.348485e-01  5.615177e+00  1.360613e-04
 -7.230000e-01 -8.348485e-01  4.257531e+00  1.689578e-04
 -4.820000e-01 -8.348485e-01  4.318919e+00  9.741690e-05
 -2.410000e-01 -8.348485e-01  3.639904e+00  9.884520e-05
  0.000000e+00 -8.348485e-01  3.567323e+00  1.278731e-04
  2.410000e-01 -8.348485e-01  3.530340e-01  5.517323e-05
  4.820000e-01 -8.348485e-01  3.074651e-01  1.188521e-04
  7.230000e-01 -8.348485e-01  6.203536e+00  8.717044e-05
  9.640000e-01 -8.348485e-01  6.036802e+00  8.497350e-05
  1.205000e+00 -8.348485e-01  4.402463e+00  2.440081e-05
 -1.084500e+00 -1.043561e+00  6.211836e+00  1.858282e-04
 -8.435000e-01 -1.043561e+00  6.010793e+00  4.329063e-05
 -6.025000e-01 -1.043561e+00  4.091032e+00  8.659600e-05
 -3.615000e-01 -1.043561e+00  3.233382e+00  1.460682e-04
 -1.205000e-01 -1.043561e+00  2.863890e+00  7.122055e-05
  1.205000e-01 -1.043561e+00  3.985741e+00  9.596740e-05
  3.615000e-01 -1.043561e+00  6.092183e+00  8.699290e-05
  6.025000e-01 -1.043561e+00  3.563310e-01  1.201031e-04
  8.435000e-01 -1.043561e+00  6.231219e+00  1.281301e-04
  1.084500e+00 -1.043561e+00  5.632586e+00  7.326254e-05
 -9.640000e-01 -1.252273e+00  4.765415e+00  1.075966e-04
 -7.230000e-01 -1.252273e+00  5.300956e+00  2.777632e-05
 -4.820000e-01 -1.252273e+00  3.775007e+00  1.516179e-04
 -2.410000e-01 -1.252273e+00  3.813663e+00  1.596369e-04
  0.000000e+00 -1.252273e+00  4.613934e+00  9.687220e-05
  2.410000e-01 -1.252273e+00  4.318423e+00  1.207464e-04
  4.820000e-01 -1.252273e+00  5.302494e+00  7.909125e-05
  7.230000e-01 -1.252273e+00  3.226771e-01  1.163249e-04
  9.640000e-01 -1.252273e+00  2.543130e-02  9.259827e-05
 -6.025000e-01 -1.460985e+00  4.616355e+00  6.753706e-05
 -3.615000e-01 -1.460985e+00  3.830860e+00  1.803196e-04
 -1.205000e-01 -1.460985e+00  3.990075e+00  7.841993e-05
  1.205000e-01 -1.460985e+00  4.347176e+00  4.598517e-05
  3.615000e-01 -1.460985e+00  4.693694e+00  1.050306e-04
  6.025000e-01 -1.460985e+00  4.903336e+00  8.721667e-05
 -6.025000e-01  1.460985e+00  3.467425e+00  2.140861e-05
 -3.615000e-01  1.460985e+00  3.819518e+00  7.863247e-05
 -1.205000e-01  1.460985e+00  3.103190e+00  6.935152e-05
  1.205000e-01  1.460985e+00  2.397567e+00  6.382664e-05
  3.615000e-01  1.460985e+00  5.925971e-01  3.292447e-05
  6.025000e-01  1.460985e+00  8.966175e-01  4.381573e-05
 -9.640000e-01  1.252273e+00  1.837441e+00  9.541427e-05
 -7.230000e-01  1.252273e+00  7.445753e-01  7.162937e-05
 -4.820000e-01  1.252273e+00  4.056931e+00  4.485175e-05
 -2.410000e-01  1.252273e+00  3.245501e+00  1.358240e-04
  0.000000e+00  1.252273e+00  2.882389e+00  1.135574e-04
  2.410000e-01  1.252273e+00  1.662466e+00  1.347910e-05
  4.820000e-01  1.252273e+00  9.805764e-01  5.561368e-05
  7.230000e-01  1.252273e+00  4.558631e-01  5.688819e-05
  9.640000e-01  1.252273e+00  1.722781e+00  6.324080e-05
 -1.084500e+00  1.043561e+00  1.999271e+00  6.408205e-05
 -8.435000e-01  1.043561e+00  1.125928e+00  9.862736e-05
 -6.025000e-01  1.043561e+00  3.689171e-01  1.178720e-04
 -3.615000e-01  1.043561e+00  2.722758e+00  1.389745e-04
 -1.205000e-01  1.043561e+00  3.002110e+00  1.012271e-04
  1.205000e-01  1.043561e+00  4.568953e+00  1.179501e-04
  3.615000e-01  1.043561e+00  4.121085e+00  8.523601e-05
  6.025000e-01  1.043561e+00  1.003448e-01  4.402056e-05
  8.435000e-01  1.043561e+00  1.253830e+00  1.237748e-05
  1.084500e+00  1.043561e+00  3.438441e+00  1.093990e-04
 -1.205000e+00  8.348485e-01  2.596966e+00  1.324957e-05
 -9.640000e-01  8.348485e-01  3.061548e+00  4.049791e-05
 -7.230000e-01  8.348485e-01  6.392755e-01  1.230310e-04
 -4.820000e-01  8.348485e-01  1.748174e+00  1.405395e-04
 -2.410000e-01  8.348485e-01  2.513193e+00  7.946152e-05
  0.000000e+00  8.348485e-01  5.561443e+00  5.830003e-05
  2.410000e-01  8.348485e-01  3.101033e+00  7.173104e-05
  4.820000e-01  8.348485e-01  4.068912e+00  5.251072e-05
  7.230000e-01  8.348485e-01  5.306314e+00  7.637130e-05
  9.640000e-01  8.348485e-01  4.118580e+00  6.073289e-05
  1.205000e+00  8.348485e-01  5.218335e+00  5.375358e-05
 -1.325500e+00  6.261364e-01  4.416066e+00  3.496330e-05
 -1.084500e+00  6.261364e-01  2.664632e+00  6.664834e-05
 -8.435000e-01  6.261364e-01  2.020649e+00  5.998749e-05
 -6.025000e-01  6.261364e-01  1.158050e+00  8.656980e-05
 -3.615000e-01  6.261364e-01  1.491549e+00  2.560252e-05
 -1.205000e-01  6.261364e-01  2.497871e-01  1.280645e-05
  1.205000e-01  6.261364e-01  2.111630e+00  7.958367e-05
  3.615000e-01  6.261364e-01  2.208119e+00  4.979942e-05
  6.025000e-01  6.261364e-01  5.831373e+00  1.267071e-04
  8.435000e-01  6.261364e-01  3.769626e+00  8.091529e-05
  1.084500e+00  6.261364e-01  2.113297e+00  7.270842e-06
  1.325500e+00  6.261364e-01  3.248813e+00  2.427416e-05
 -1.446000e+00  4.174242e-01  3.022621e+00  6.641666e-05
 -1.205000e+00  4.174242e-01  3.075678e+00  9.071720e-05
 -9.640000e-01  4.174242e-01  2.679202e+00  8.330201e-05
 -7.230000e-01  4.174242e-01  1.131385e+00  6.079037e-05
 -4.820000e-01  4.174242e-01  1.303439e+00  9.165490e-05
 -2.410000e-01  4.174242e-01  1.134386e+00  8.304565e-05
  0.000000e+00  4.174242e-01  2.415134e+00  3.369230e-05
  2.410000e-01  4.174242e-01  3.271844e+00  5.275773e-05
  4.820000e-01  4.174242e-01  9.608432e-02  1.082803e-04
  7.230000e-01  4.174242e-01  8.120200e-01  2.063228e-05
  9.640000e-01  4.174242e-01  3.806810e+00  6.591088e-05
  1.205000e+00  4.174242e-01  4.161862e+00  3.946920e-05
  1.446000e+00  4.174242e-01  4.650920e+00  4.051193e-05
 -1.566500e+00  2.087121e-01  2.203679e+00  4.982578e-05
 -1.325500e+00  2.087121e-01  2.270228e+00  1.023404e-04
 -1.084500e+00  2.087121e-01  2.762747e+00  9.542820e-05
 -8.435000e-01  2.087121e-01  2.863280e+00  5.780528e-05
 -6.025000e-01  2.087121e-01  2.098072e+00  8.796597e-05
 -3.615000e-01  2.087121e-01  8.198097e-01  1.200363e-04
 -1.205000e-01  2.087121e-01  1.290206e+00  8.697034e-05
  1.205000e-01  2.087121e-01  1.586380e+00  9.410567e-05
  3.615000e-01  2.087121e-01  1.806687e+00  4.676348e-05
  6.025000e-01  2.087121e-01  6.193080e+00  1.603688e-04
  8.435000e-01  2.087121e-01  3.757020e+00  5.656919e-05
  1.084500e+00  2.087121e-01  4.124855e+00  1.623515e-05
  1.325500e+00  2.087121e-01  2.771697e+00  3.626179e-05
  1.566500e+00  2.087121e-01  1.466341e-01  8.819505e-05
 -1.446000e+00  0.000000e+00  1.764602e+00  9.357345e-05
 -1.205000e+00  0.000000e+00  2.601085e+00  5.763163e-05
 -9.640000e-01  0.000000e+00  4.375083e+00  5.075299e-05
 -7.230000e-01  0.000000e+00  3.411636e+00  1.045649e-04
 -4.820000e-01  0.000000e+00  2.479885e-01  2.923767e-05
 -2.410000e-01  0.000000e+00  1.295035e+00  4.106304e-05
  0.000000e+00  0.000000e+00  1.695436e+00  9.981341e-05
  2.410000e-01  0.000000e+00  6.658313e-01  4.633981e-05
  4.820000e-01  0.000000e+00  6.209348e+00  1.580824e-04
  7.230000e-01  0.000000e+00  5.626136e+00  1.028637e-04
  9.640000e-01  0.000000e+00  3.246693e+00  1.178079e-04
  1.205000e+00  0.000000e+00  2.399118e+00  5.598042e-05
  1.446000e+00  0.000000e+00  5.163241e+00  1.762465e-05
 -1.566500e+00 -2.087121e-01  2.588796e-01  9.752638e-05
 -1.325500e+00 -2.087121e-01  1.527032e+00  5.787865e-05
 -1.084500e+00 -2.087121e-01  1.171859e-01  5.890487e-05
 -8.435000e-01 -2.087121e-01  3.441493e+00  1.075625e-04
 -6.025000e-01 -2.087121e-01  3.768456e+00  9.902764e-05
 -3.615000e-01 -2.087121e-01  5.229424e+00  4.035827e-05
 -1.205000e-01 -2.087121e-01  4.162659e+00  3.733709e-05
  1.205000e-01 -2.087121e-01  5.580601e+00  7.749724e-05
  3.615000e-01 -2.087121e-01  5.810704e+00  8.832567e-05
  6.025000e-01 -2.087121e-01  6.152086e+00  2.042877e-04
  8.435000e-01 -2.087121e-01  3.617249e+00  8.072046e-05
  1.084500e+00 -2.087121e-01  3.403944e+00  1.183900e-04
  1.325500e+00 -2.087121e-01  5.971199e+00  5.485989e-05
  1.566500e+00 -2.087121e-01  5.931726e+00  1.032081e-04
 -1.446000e+00 -4.174242e-01  4.389501e+00  2.187972e-05
 -1.205000e+00 -4.174242e-01  1.316948e+00  1.620619e-05
 -9.640000e-01 -4.174242e-01  5.241757e-01  7.534873e-05
 -7.230000e-01 -4.174242e-01  3.964588e+00  8.841447e-05
 -4.820000e-01 -4.174242e-01  4.819541e+00  1.416334e-04
 -2.410000e-01 -4.174242e-01  4.079329e+00  1.002041e-04
  0.000000e+00 -4.174242e-01  4.837743e+00  1.264449e-05
  2.410000e-01 -4.174242e-01  6.004250e+00  8.163785e-05
  4.820000e-01 -4.174242e-01  5.890366e+00  1.407220e-04
  7.230000e-01 -4.174242e-01  3.756502e-01  9.088215e-05
  9.640000e-01 -4.174242e-01  3.157025e+00  1.244386e-04
  1.205000e+00 -4.174242e-01  3.935174e+00  7.845765e-05
  1.446000e+00 -4.174242e-01  3.476848e-01  5.874100e-05
 -1.325500e+00 -6.261364e-01  3.716949e+00  7.308640e-05
 -1.084500e+00 -6.261364e-01  5.521232e+00  1.268079e-04
 -8.435000e-01 -6.261364e-01  4.701030e+00  1.210337e-04
 -6.025000e-01 -6.261364e-01  4.896982e+00  7.841059e-05
 -3.615000e-01 -6.261364e-01  3.839537e+00  1.002300e-04
 -1.205000e-01 -6.261364e-01  3.635406e+00  9.525516e-05
  1.205000e-01 -6.261364e-01  2.092350e-01  3.701319e-05
  3.615000e-01 -6.261364e-01  5.110668e-02  1.439725e-04
  6.025000e-01 -6.261364e-01  1.202967e+00  7.725168e-05
  8.435000e-01 -6.261364e-01  1.289840e+00  1.088329e-04
  1.084500e+00 -6.261364e-01  3.181616e+00  5.521025e-05
  1.325500e+00 -6.261364e-01  3.846261e+00  4.191564e-05
 -1.205000e+00 -8.348485e-01  2.745097e-01  1.148902e-04
 -9.640000e-01 -8.348485e-01  5.994292e+00  1.196791e-04
 -7.230000e-01 -8.348485e-01  4.261477e+00  8.599593e-05
 -4.820000e-01 -8.348485e-01  3.690415e+00  6.382777e-05
 -2.410000e-01 -8.348485e-01  3.156137e+00  7.976130e-05
  0.000000e+00 -8.348485e-01  3.423684e+00  9.032286e-05
  2.410000e-01 -8.348485e-01  5.421496e-01  8.437301e-05
  4.820000e-01 -8.348485e-01  1.017264e+00  1.033665e-04
  7.230000e-01 -8.348485e-01  1.168534e+00  5.241462e-05
  9.640000e-01 -8.348485e-01  3.414487e-01  6.480178e-05
  1.205000e+00 -8.348485e-01  3.397407e+00  2.769621e-05
 -1.084500e+00 -1.043561e+00  6.255363e+00  1.598787e-04
 -8.435000e-01 -1.043561e+00  7.835975e-03  5.513895e-05
 -6.025000e-01 -1.043561e+00  3.902110e+00  6.072580e-05
 -3.615000e-01 -1.043561e+00  3.006380e+00  1.510549e-04
 -1.205000e-01 -1.043561e+00  2.425737e+00  5.261586e-05
  1.205000e-01 -1.043561e+00  3.598018e+00  6.088714e-05
  3.615000e-01 -1.043561e+00  8.635441e-01  8.156249e-05
  6.025000e-01 -1.043561e+00  1.047333e+00  1.115855e-04
  8.435000e-01 -1.043561e+00  2.183937e-01  1.050637e-04
  1.084500e+00 -1.043561e+00  5.843504e+00  4.733362e-05
 -9.640000e-01 -1.252273e+00  4.858850e+00  9.141035e-05
 -7.230000e-01 -1.252273e+00  5.609030e+00  3.405126e-05
 -4.820000e-01 -1.252273e+00  3.725959e+00  1.555563e-04
 -2.410000e-01 -1.252273e+00  3.924061e+00  1.440322e-04
  0.000000e+00 -1.252273e+00  4.626589e+00  8.270111e-05
  2.410000e-01 -1.252273e+00  4.005674e+00  1.160803e-04
  4.820000e-01 -1.252273e+00  4.887325e+00  4.358933e-05
  7.230000e-01 -1.252273e+00  4.835877e-01  9.596814e-05
  9.640000e-01 -1.252273e+00  1.003322e-01  8.195167e-05
 -6.025000e-01 -1.460985e+00  4.654731e+00  5.825847e-05
 -3.615000e-01 -1.460985e+00  3.896466e+00  1.755575e-04
 -1.205000e-01 -1.460985e+00  4.011436e+00  7.100144e-05
  1.205000e-01 -1.460985e+00  4.079088e+00  5.270700e-05
  3.615000e-01 -1.460985e+00  4.415006e+00  1.020982e-04
  6.025000e-01 -1.460985e+00  4.768553e+00  8.758718e-05
 -6.025000e-01  1.460985e+00  3.988429e+00  3.302823e-05
 -3.615000e-01  1.460985e+00  4.261781e+00  1.108880e-04
 -1.205000e-01  1.460985e+00  4.299153e+00  5.306775e-05
  1.205000e-01  1.460985e+00  2.816547e+00  3.411843e-05
  3.615000e-01  1.460985e+00  3.667701e-01  4.960652e-05
  6.025000e-01  1.460985e+00  9.262370e-01  5.017413e-05
 -9.640000e-01  1.252273e+00  2.113199e+00  1.009057e-04
 -7.230000e-01  1.252273e+00  5.118199e-01  4.794596e-05
 -4.820000e-01  1.252273e+00  4.799280e+00  9.976923e-05
 -2.410000e-01  1.252273e+00  3.815295e+00  1.304941e-04
  0.000000e+00  1.252273e+00  3.137200e+00  8.724412e-05
  2.410000e-01  1.252273e+00  2.857411e+00  1.778327e-05
  4.820000e-01  1.252273e+00  9.501730e-01  6.789291e-05
  7.230000e-01  1.252273e+00  1.680236e+00  6.290358e-05
  9.640000e-01  1.252273e+00  2.022303e+00  5.689808e-05
 -1.084500e+00  1.043561e+00  2.344114e+00  6.435352e-05
 -8.435000e-01  1.043561e+00  1.497182e+00  6.165454e-05
 -6.025000e-01  1.043561e+00  2.195604e-02  1.607463e-04
 -3.615000e-01  1.043561e+00  3.202532e+00  9.729656e-05
 -1.205000e-01  1.043561e+00  3.429702e+00  1.061410e-04
  1.205000e-01  1.043561e+00  4.352322e+00  1.228239e-04
  3.615000e-01  1.043561e+00  4.189144e+00  7.853846e-05
  6.025000e-01  1.043561e+00  5.642952e+00  8.943865e-06
  8.435000e-01  1.043561e+00  3.219694e+00  3.535604e-05
  1.084500e+00  1.043561e+00  3.758463e+00  7.027138e-05
 -1.205000e+00  8.348485e-01  1.814057e+00  3.130440e-05
 -9.640000e-01  8.348485e-01  3.315049e+00  4.973246e-05
 -7.230000e-01  8.348485e-01  2.578896e-01  1.050026e-04
 -4.820000e-01  8.348485e-01  1.134283e+00  1.196393e-04
 -2.410000e-01  8.348485e-01  2.661210e+00  8.512189e-05
  0.000000e+00  8.348485e-01  5.043927e+00  5.614765e-05
  2.410000e-01  8.348485e-01  3.332441e+00  1.027895e-04
  4.820000e-01  8.348485e-01  4.423042e+00  5.186513e-05
  7.230000e-01  8.348485e-01  4.646515e+00  9.484143e-05
  9.640000e-01  8.348485e-01  4.244593e+00  9.022310e-05
  1.205000e+00  8.348485e-01  5.612407e+00  3.526355e-05
 -1.325500e+00  6.261364e-01  5.184826e+00  8.528357e-06
 -1.084500e+00  6.261364e-01  1.986184e+00  5.523472e-05
 -8.435000e-01  6.261364e-01  1.755243e+00  3.270561e-05
 -6.025000e-01  6.261364e-01  8.501636e-01  8.059662e-05
 -3.615000e-01  6.261364e-01  1.431350e+00  5.112114e-05
 -1.205000e-01  6.261364e-01  1.068766e+00  2.405086e-05
  1.205000e-01  6.261364e-01  2.497062e+00  6.089620e-05
  3.615000e-01  6.261364e-01  3.262478e+00  4.114407e-05
  6.025000e-01  6.261364e-01  5.758071e+00  9.806406e-05
  8.435000e-01  6.261364e-01  3.520073e+00  9.385185e-05
  1.084500e+00  6.261364e-01  2.647987e+00  5.168263e-05
  1.325500e+00  6.261364e-01  2.751226e+00  5.673490e-05
 -1.446000e+00  4.174242e-01  3.055106e+00  6.389298e-05
 -1.205000e+00  4.174242e-01  2.869139e+00  5.896163e-05
 -9.640000e-01  4.174242e-01  1.976141e+00  3.925091e-05
 -7.230000e-01  4.174242e-01  1.145540e+00  6.058441e-05
 -4.820000e-01  4.174242e-01  1.303300e+00  1.102262e-04
 -2.410000e-01  4.174242e-01  1.162352e+00  1.001138e-04
  0.000000e+00  4.174242e-01  1.576896e+00  4.490456e-05
  2.410000e-01  4.174242e-01  3.162606e+00  4.521671e-05
  4.820000e-01  4.174242e-01  6.206432e+00  4.765063e-05
  7.230000e-01  4.174242e-01  2.282450e+00  4.824100e-05
  9.640000e-01  4.174242e-01  3.082556e+00  9.076934e-05
  1.205000e+00  4.174242e-01  3.231864e+00  4.729401e-05
  1.446000e+00  4.174242e-01  5.072378e+00  5.804047e-05
 -1.566500e+00  2.087121e-01  2.791801e+00  4.678399e-05
 -1.325500e+00  2.087121e-01  2.681222e+00  6.961814e-05
 -1.084500e+00  2.087121e-01  3.103584e+00  3.754489e-05
 -8.435000e-01  2.087121e-01  2.700795e+00  3.759501e-05
 -6.025000e-01  2.087121e-01  2.152130e+00  1.059033e-04
 -3.615000e-01  2.087121e-01  8.999471e-01  1.237637e-04
 -1.205000e-01  2.087121e-01  1.146918e+00  9.137589e-05
  1.205000e-01  2.087121e-01  1.456227e+00  1.041423e-04
  3.615000e-01  2.087121e-01  1.733635e+00  9.412775e-05
  6.025000e-01  2.087121e-01  3.459442e-01  8.370782e-05
  8.435000e-01  2.087121e-01  3.617577e+00  7.237419e-05
  1.084500e+00  2.087121e-01  4.005921e+00  6.853488e-05
  1.325500e+00  2.087121e-01  4.541694e+00  1.970074e-05
  1.566500e+00  2.087121e-01  4.640598e-02  1.279707e-04
 -1.446000e+00  0.000000e+00  1.948954e+00  5.840603e-05
 -1.205000e+00  0.000000e+00  3.636133e+00  3.303500e-05
 -9.640000e-01  0.000000e+00  4.485724e+00  5.932482e-05
 -7.230000e-01  0.000000e+00  3.545437e+00  1.065194e-04
 -4.820000e-01  0.000000e+00  5.357318e+00  3.563621e-05
 -2.410000e-01  0.000000e+00  6.028312e+00  5.521538e-05
  0.000000e+00  0.000000e+00  2.150231e+00  3.673353e-05
  2.410000e-01  0.000000e+00  1.865218e+00  2.962486e-05
  4.820000e-01  0.000000e+00  1.317967e-01  1.082490e-04
  7.230000e-01  0.000000e+00  5.530305e+00  1.172287e-04
  9.640000e-01  0.000000e+00  3.627280e+00  1.238846e-04
  1.205000e+00  0.000000e+00  3.203068e+00  6.952236e-05
  1.446000e+00  0.000000e+00  5.148698e+00  4.706118e-05
 -1.566500e+00 -2.087121e-01  2.612689e-01  9.745736e-05
 -1.325500e+00 -2.087121e-01  1.030971e+00  4.770260e-05
 -1.084500e+00 -2.087121e-01  6.202847e+00  4.806551e-05
 -8.435000e-01 -2.087121e-01  3.370454e+00  9.038872e-05
 -6.025000e-01 -2.087121e-01  4.103139e+00  8.765795e-05
 -3.615000e-01 -2.087121e-01  5.128948e+00  7.858392e-05
 -1.205000e-01 -2.087121e-01  4.851452e+00  4.448778e-05
  1.205000e-01 -2.087121e-01  4.735531e+00  7.685153e-05
  3.615000e-01 -2.087121e-01  5.006469e+00  9.260235e-05
  6.025000e-01 -2.087121e-01  5.968449e+00  1.916865e-04
  8.435000e-01 -2.087121e-01  3.546219e+00  7.271975e-05
  1.084500e+00 -2.087121e-01  3.109605e+00  1.377704e-04
  1.325500e+00 -2.087121e-01  2.569249e-02  5.520040e-05
  1.566500e+00 -2.087121e-01  6.106210e+00  1.547082e-04
 -1.446000e+00 -4.174242e-01  5.520069e+00  1.583398e-05
 -1.205000e+00 -4.174242e-01  1.001135e+00  3.372387e-05
 -9.640000e-01 -4.174242e-01  4.516479e-01  4.432066e-05
 -7.230000e-01 -4.174242e-01  4.329500e+00  7.770589e-05
 -4.820000e-01 -4.174242e-01  4.949071e+00  1.148380e-04
 -2.410000e-01 -4.174242e-01  4.165707e+00  5.634457e-05
  0.000000e+00 -4.174242e-01  4.900017e-01  1.278768e-05
  2.410000e-01 -4.174242e-01  5.530781e+00  4.863365e-05
  4.820000e-01 -4.174242e-01  5.506228e+00  1.037374e-04
  7.230000e-01 -4.174242e-01  5.814654e-01  5.386782e-05
  9.640000e-01 -4.174242e-01  3.030226e+00  1.489253e-04
  1.205000e+00 -4.174242e-01  3.711354e+00  7.543168e-05
  1.446000e+00 -4.174242e-01  7.867572e-01  7.234905e-05
 -1.325500e+00 -6.261364e-01  3.687179e+00  2.912914e-05
 -1.084500e+00 -6.261364e-01  5.890489e+00  1.001525e-04
 -8.435000e-01 -6.261364e-01  4.926475e+00  8.284261e-05
 -6.025000e-01 -6.261364e-01  4.891461e+00  5.542780e-05
 -3.615000e-01 -6.261364e-01  3.555803e+00  7.612898e-05
 -1.205000e-01 -6.261364e-01  3.226674e+00  5.924816e-05
  1.205000e-01 -6.261364e-01  5.188445e-01  5.697973e-05
  3.615000e-01 -6.261364e-01  5.784200e-03  9.288270e-05
  6.025000e-01 -6.261364e-01  1.780713e+00  7.600653e-05
  8.435000e-01 -6.261364e-01  1.628493e+00  1.028358e-04
  1.084500e+00 -6.261364e-01  3.252979e+00  7.304043e-05
  1.325500e+00 -6.261364e-01  4.024385e+00  4.418851e-05
 -1.205000e+00 -8.348485e-01  1.120995e-01  7.859447e-05
 -9.640000e-01 -8.348485e-01  6.261121e+00  8.717821e-05
 -7.230000e-01 -8.348485e-01  5.010333e+00  2.285385e-05
 -4.820000e-01 -8.348485e-01  3.319227e+00  5.217717e-05
 -2.410000e-01 -8.348485e-01  2.961490e+00  5.696324e-05
  0.000000e+00 -8.348485e-01  3.304945e+00  5.121521e-05
  2.410000e-01 -8.348485e-01  6.597134e-01  9.505578e-05
  4.820000e-01 -8.348485e-01  1.804404e+00  1.138225e-04
  7.230000e-01 -8.348485e-01  1.758449e+00  8.471440e-05
  9.640000e-01 -8.348485e-01  7.002031e-01  5.595260e-05
  1.205000e+00 -8.348485e-01  3.241600e+00  3.064184e-05
 -1.084500e+00 -1.043561e+00  6.010010e+00  8.792473e-05
 -8.435000e-01 -1.043561e+00  6.042253e+00  5.749984e-05
 -6.025000e-01 -1.043561e+00  3.990020e+00  3.939425e-05
 -3.615000e-01 -1.043561e+00  2.917719e+00  1.200241e-04
 -1.205000e-01 -1.043561e+00  2.435081e+00  3.140767e-05
  1.205000e-01 -1.043561e+00  3.205209e+00  4.697224e-05
  3.615000e-01 -1.043561e+00  1.519332e+00  1.051777e-04
  6.025000e-01 -1.043561e+00  1.573622e+00  1.059026e-04
  8.435000e-01 -1.043561e+00  3.461800e-01  9.639273e-05
  1.084500e+00 -1.043561e+00  6.162288e+00  3.119672e-05
 -9.640000e-01 -1.252273e+00  4.801615e+00  6.208741e-05
 -7.230000e-01 -1.252273e+00  5.829703e+00  4.585518e-05
 -4.820000e-01 -1.252273e+00  3.771143e+00  1.318322e-04
 -2.410000e-01 -1.252273e+00  4.137824e+00  1.114059e-04
  0.000000e+00 -1.252273e+00  4.493156e+00  7.057625e-05
  2.410000e-01 -1.252273e+00  3.870368e+00  1.203415e-04
  4.820000e-01 -1.252273e+00  3.938569e+00  5.734856e-05
  7.230000e-01 -1.252273e+00  6.121833e-01  6.403485e-05
  9.640000e-01 -1.252273e+00  2.046811e-01  6.825883e-05
 -6.025000e-01 -1.460985e+00  4.824340e+00  5.034036e-05
 -3.615000e-01 -1.460985e+00  4.001502e+00  1.465492e-04
 -1.205000e-01 -1.460985e+00  4.022730e+00  5.568590e-05
  1.205000e-01 -1.460985e+00  3.881201e+00  5.178622e-05
  3.615000e-01 -1.460985e+00  4.155848e+00  1.043827e-04
  6.025000e-01 -1.460985e+00  4.449906e+00  7.738750e-05
 -6.025000e-01  1.460985e+00  3.064622e+00  3.253309e-05
 -3.615000e-01  1.460985e+00  4.361051e+00  1.333064e-04
 -1.205000e-01  1.460985e+00  5.007403e+00  9.271990e-05
  1.205000e-01  1.460985e+00  3.440679e+00  1.337099e-05
  3.615000e-01  1.460985e+00  7.410203e-01  5.340440e-05
  6.025000e-01  1.460985e+00  1.271489e+00  4.763564e-05
 -9.640000e-01  1.252273e+00  2.469619e+00  6.572410e-05
 -7.230000e-01  1.252273e+00  6.839807e-02  5.421789e-05
 -4.820000e-01  1.252273e+00  5.016088e+00  1.200018e-04
 -2.410000e-01  1.252273e+00  4.311167e+00  1.299179e-04
  0.000000e+00  1.252273e+00  3.383013e+00  6.508534e-05
  2.410000e-01  1.252273e+00  2.980549e+00  3.277018e-05
  4.820000e-01  1.252273e+00  1.084998e+00  5.018666e-05
  7.230000e-01  1.252273e+00  2.275870e+00  1.006319e-04
  9.640000e-01  1.252273e+00  2.319399e+00  4.634080e-05
 -1.084500e+00  1.043561e+00  2.960216e+00  4.853690e-05
 -8.435000e-01  1.043561e+00  2.922996e+00  1.225162e-05
 -6.025000e-01  1.043561e+00  6.086253e+00  1.649698e-04
 -3.615000e-01  1.043561e+00  3.844712e+00  6.481420e-05
 -1.205000e-01  1.043561e+00  3.680921e+00  9.919352e-05
  1.205000e-01  1.043561e+00  4.161480e+00  1.073379e-04
  3.615000e-01  1.043561e+00  4.459390e+00  6.964214e-05
  6.025000e-01  1.043561e+00  3.598328e+00  5.917126e-05
  8.435000e-01  1.043561e+00  3.428933e+00  7.442677e-05
  1.084500e+00  1.043561e+00  4.492107e+00  4.557536e-05
 -1.205000e+00  8.348485e-01  1.755854e+00  3.240427e-05
 -9.640000e-01  8.348485e-01  3.530782e+00  4.552099e-05
 -7.230000e-01  8.348485e-01  6.260298e+00  7.687875e-05
 -4.820000e-01  8.348485e-01  6.362939e-01  1.148854e-04
 -2.410000e-01  8.348485e-01  2.673236e+00  6.860931e-05
  0.000000e+00  8.348485e-01  4.552160e+00  5.168466e-05
  2.410000e-01  8.348485e-01  3.522817e+00  9.601580e-05
  4.820000e-01  8.348485e-01  4.434164e+00  4.636736e-05
  7.230000e-01  8.348485e-01  4.105394e+00  1.215040e-04
  9.640000e-01  8.348485e-01  4.308465e+00  9.780014e-05
  1.205000e+00  8.348485e-01  5.813814e+00  2.863094e-05
 -1.325500e+00  6.261364e-01  8.348447e-01  2.171383e-05
 -1.084500e+00  6.261364e-01  1.548629e+00  5.357465e-05
 -8.435000e-01  6.261364e-01  1.559870e+00  1.857355e-05
 -6.025000e-01  6.261364e-01  6.377327e-01  7.123463e-05
 -3.615000e-01  6.261364e-01  1.522574e+00  7.579218e-05
 -1.205000e-01  6.261364e-01  1.173994e+00  5.274763e-05
  1.205000e-01  6.261364e-01  2.910544e+00  3.946460e-05
  3.615000e-01  6.261364e-01  3.809791e+00  4.488933e-05
  6.025000e-01  6.261364e-01  5.211770e+00  4.429796e-05
  8.435000e-01  6.261364e-01  3.391376e+00  1.067678e-04
  1.084500e+00  6.261364e-01  2.598221e+00  6.142427e-05
  1.325500e+00  6.261364e-01  2.406944e+00  5.708064e-05
 -1.446000e+00  4.174242e-01  3.187166e+00  4.569518e-05
 -1.205000e+00  4.174242e-01  2.236804e+00  2.815438e-05
 -9.640000e-01  4.174242e-01  1.108135e+00  3.369491e-05
 -7.230000e-01  4.174242e-01  1.447587e+00  5.896276e-05
 -4.820000e-01  4.174242e-01  1.308006e+00  1.093838e-04
 -2.410000e-01  4.174242e-01  1.300283e+00  9.481779e-05
  0.000000e+00  4.174242e-01  1.097242e+00  8.483414e-05
  2.410000e-01  4.174242e-01  2.358798e+00  4.307684e-05
  4.820000e-01  4.174242e-01  3.554008e-01  5.867712e-06
  7.230000e-01  4.174242e-01  2.672677e+00  8.893605e-05
  9.640000e-01  4.174242e-01  2.864582e+00  1.150294e-04
  1.205000e+00  4.174242e-01  2.664294e+00  5.258409e-05
  1.446000e+00  4.174242e-01  5.351046e+00  5.501604e-05
 -1.566500e+00  2.087121e-01  3.411105e+00  5.114691e-05
 -1.325500e+00  2.087121e-01  3.541487e+00  5.528989e-05
 -1.084500e+00  2.087121e-01  4.678830e+00  2.794171e-05
 -8.435000e-01  2.087121e-01  2.844650e+00  4.521580e-05
 -6.025000e-01  2.087121e-01  2.031150e+00  1.013477e-04
 -3.615000e-01  2.087121e-01  1.135765e+00  1.070561e-04
 -1.205000e-01  2.087121e-01  1.211841e+00  9.574035e-05
  1.205000e-01  2.087121e-01  1.374666e+00  1.226913e-04
  3.615000e-01  2.087121e-01  1.555189e+00  1.315834e-04
  6.025000e-01  2.087121e-01  1.412331e+00  7.549387e-05
  8.435000e-01  2.087121e-01  3.531776e+00  8.064113e-05
  1.084500e+00  2.087121e-01  4.116013e+00  1.098882e-04
  1.325500e+00  2.087121e-01  5.079537e+00  4.785085e-05
  1.566500e+00  2.087121e-01  1.778415e-02  1.331560e-04
 -1.446000e+00  0.000000e+00  2.497159e+00  3.195836e-05
 -1.205000e+00  0.000000e+00  4.327081e+00  4.347411e-05
 -9.640000e-01  0.000000e+00  4.169884e+00  5.345791e-05
 -7.230000e-01  0.000000e+00  3.684418e+00  1.126191e-04
 -4.820000e-01  0.000000e+00  4.688219e+00  4.246025e-05
 -2.410000e-01  0.000000e+00  5.785621e+00  6.605283e-05
  0.000000e+00  0.000000e+00  4.291888e+00  3.196050e-05
  2.410000e-01  0.000000e+00  2.501185e+00  3.944377e-05
  4.820000e-01  0.000000e+00  6.807018e-01  7.841681e-05
  7.230000e-01  0.000000e+00  5.685562e+00  1.176584e-04
  9.640000e-01  0.000000e+00  3.977744e+00  1.177151e-04
  1.205000e+00  0.000000e+00  3.425009e+00  9.674111e-05
  1.446000e+00  0.000000e+00  5.115894e+00  5.531978e-05
 -1.566500e+00 -2.087121e-01  3.685164e-01  8.173002e-05
 -1.325500e+00 -2.087121e-01  8.470616e-01  4.426565e-05
 -1.084500e+00 -2.087121e-01  1.827084e-01  1.535061e-05
 -8.435000e-01 -2.087121e-01  3.218504e+00  5.835628e-05
 -6.025000e-01 -2.087121e-01  4.395245e+00  9.448607e-05
 -3.615000e-01 -2.087121e-01  4.806369e+00  1.178550e-04
 -1.205000e-01 -2.087121e-01  5.125899e+00  8.736933e-05
  1.205000e-01 -2.087121e-01  4.351150e+00  1.176266e-04
  3.615000e-01 -2.087121e-01  4.583009e+00  1.327863e-04
  6.025000e-01 -2.087121e-01  5.733678e+00  1.662795e-04
  8.435000e-01 -2.087121e-01  3.538614e+00  3.143286e-05
  1.084500e+00 -2.087121e-01  2.871702e+00  1.540241e-04
  1.325500e+00 -2.087121e-01  3.561874e-01  5.163742e-05
  1.566500e+00 -2.087121e-01  6.177445e+00  1.791242e-04
 -1.446000e+00 -4.174242e-01  6.271666e+00  2.721880e-05
 -1.205000e+00 -4.174242e-01  1.268368e+00  3.514384e-05
 -9.640000e-01 -4.174242e-01  6.173436e+00  1.247687e-05
 -7.230000e-01 -4.174242e-01  4.848337e+00  5.309787e-05
 -4.820000e-01 -4.174242e-01  5.058747e+00  6.773316e-05
 -2.410000e-01 -4.174242e-01  4.760553e+00  3.852244e-05
  0.000000e+00 -4.174242e-01  6.173742e+00  1.196112e-05
  2.410000e-01 -4.174242e-01  4.737717e+00  5.093132e-05
  4.820000e-01 -4.174242e-01  4.839608e+00  9.652849e-05
  7.230000e-01 -4.174242e-01  1.772240e-01  1.783634e-05
  9.640000e-01 -4.174242e-01  2.940131e+00  1.537387e-04
  1.205000e+00 -4.174242e-01  3.680940e+00  6.325981e-05
  1.446000e+00 -4.174242e-01  8.721784e-01  6.375496e-05
 -1.325500e+00 -6.261364e-01  2.400540e+00  1.228357e-05
 -1.084500e+00 -6.261364e-01  2.905094e-01  6.439776e-05
 -8.435000e-01 -6.261364e-01  5.480963e+00  3.411809e-05
 -6.025000e-01 -6.261364e-01  5.048307e+00  1.989620e-05
 -3.615000e-01 -6.261364e-01  3.282064e+00  3.380897e-05
 -1.205000e-01 -6.261364e-01  2.569752e+00  3.159232e-05
  1.205000e-01 -6.261364e-01  4.105754e-01  5.375438e-05
  3.615000e-01 -6.261364e-01  5.967491e+00  3.363039e-05
  6.025000e-01 -6.261364e-01  2.112884e+00  7.723612e-05
  8.435000e-01 -6.261364e-01  2.078375e+00  8.855929e-05
  1.084500e+00 -6.261364e-01  3.168779e+00  7.809683e-05
  1.325500e+00 -6.261364e-01  5.012126e+00  3.547576e-05
 -1.205000e+00 -8.348485e-01  6.098852e+00  2.997945e-05
 -9.640000e-01 -8.348485e-01  2.525819e-01  5.642665e-05
 -7.230000e-01 -8.348485e-01  1.573064e-01  4.237548e-05
 -4.820000e-01 -8.348485e-01  3.636660e+00  2.103105e-05
 -2.410000e-01 -8.348485e-01  2.975853e+00  2.066437e-05
  0.000000e+00 -8.348485e-01  3.384016e+00  1.406759e-05
  2.410000e-01 -8.348485e-01  8.096888e-01  7.702515e-05
  4.820000e-01 -8.348485e-01  2.286882e+00  1.500234e-04
  7.230000e-01 -8.348485e-01  1.811040e+00  1.086963e-04
  9.640000e-01 -8.348485e-01  1.516492e+00  2.639115e-05
  1.205000e+00 -8.348485e-01  3.183239e+00  3.847286e-05
 -1.084500e+00 -1.043561e+00  4.904976e+00  5.307268e-05
 -8.435000e-01 -1.043561e+00  5.577956e+00  6.377867e-05
 -6.025000e-01 -1.043561e+00  4.605285e+00  2.593091e-05
 -3.615000e-01 -1.043561e+00  2.733332e+00  6.305173e-05
 -1.205000e-01 -1.043561e+00  2.613581e+00  1.389744e-05
  1.205000e-01 -1.043561e+00  2.591404e+00  4.397616e-05
  3.615000e-01 -1.043561e+00  1.992537e+00  1.350975e-04
  6.025000e-01 -1.043561e+00  1.956136e+00  1.059216e-04
  8.435000e-01 -1.043561e+00  5.088631e-01  9.299283e-05
  1.084500e+00 -1.043561e+00  6.081180e+00  2.619065e-05
 -9.640000e-01 -1.252273e+00  4.788767e+00  2.717110e-05
 -7.230000e-01 -1.252273e+00  5.847904e+00  5.273548e-05
 -4.820000e-01 -1.252273e+00  3.928530e+00  9.360069e-05
 -2.410000e-01 -1.252273e+00  4.512722e+00  7.414795e-05
  0.000000e+00 -1.252273e+00  4.174220e+00  5.457500e-05
  2.410000e-01 -1.252273e+00  3.783025e+00  1.116363e-04
  4.820000e-01 -1.252273e+00  3.541023e+00  9.984200e-05
  7.230000e-01 -1.252273e+00  8.899921e-01  3.675710e-05
  9.640000e-01 -1.252273e+00  5.339622e-01  5.805679e-05
 -6.025000e-01 -1.460985e+00  5.100290e+00  3.832433e-05
 -3.615000e-01 -1.460985e+00  4.192044e+00  1.018853e-04
 -1.205000e-01 -1.460985e+00  4.086788e+00  4.449568e-05
  1.205000e-01 -1.460985e+00  3.588935e+00  4.313114e-05
  3.615000e-01 -1.460985e+00  3.941731e+00  1.117629e-04
  6.025000e-01 -1.460985e+00  3.861319e+00  7.027347e-05
 -6.025000e-01  1.460985e+00  2.146499e+00  8.687662e-05
 -3.615000e-01  1.460985e+00  4.278218e+00  1.190535e-04
 -1.205000e-01  1.460985e+00  5.217113e+00  1.195982e-04
  1.205000e-01  1.460985e+00  4.939227e+00  9.103123e-06
  3.615000e-01  1.460985e+00  1.393387e+00  5.148661e-05
  6.025000e-01  1.460985e+00  2.128305e+00  4.061749e-05
 -9.640000e-01  1.252273e+00  3.775997e+00  4.134399e-05
 -7.230000e-01  1.252273e+00  6.201742e+00  7.779532e-05
 -4.820000e-01  1.252273e+00  5.290092e+00  9.888381e-05
 -2.410000e-01  1.252273e+00  4.800103e+00  1.294198e-04
  0.000000e+00  1.252273e+00  3.699773e+00  5.045170e-05
  2.410000e-01  1.252273e+00  3.047605e+00  3.952213e-05
  4.820000e-01  1.252273e+00  2.611442e+00  2.265709e-05
  7.230000e-01  1.252273e+00  2.629945e+00  1.300630e-04
  9.640000e-01  1.252273e+00  2.577023e+00  2.838463e-05
 -1.084500e+00  1.043561e+00  3.936362e+00  5.485031e-05
 -8.435000e-01  1.043561e+00  4.511883e+00  6.701196e-05
 -6.025000e-01  1.043561e+00  5.791202e+00  1.516303e-04
 -3.615000e-01  1.043561e+00  4.843407e+00  7.155372e-05
 -1.205000e-01  1.043561e+00  3.879947e+00  8.111643e-05
  1.205000e-01  1.043561e+00  3.991174e+00  8.277181e-05
  3.615000e-01  1.043561e+00  4.744791e+00  7.321328e-05
  6.025000e-01  1.043561e+00  3.474042e+00  1.396350e-04
  8.435000e-01  1.043561e+00  3.478681e+00  9.288905e-05
  1.084500e+00  1.043561e+00  5.510403e+00  4.463971e-05
 -1.205000e+00  8.348485e-01  2.050028e+00  1.143637e-05
 -9.640000e-01  8.348485e-01  3.707506e+00  3.942140e-05
 -7.230000e-01  8.348485e-01  6.128088e+00  4.990569e-05
 -4.820000e-01  8.348485e-01  2.619984e-01  1.147899e-04
 -2.410000e-01  8.348485e-01  2.611821e+00  3.749376e-05
  0.000000e+00  8.348485e-01  3.932246e+00  5.146738e-05
  2.410000e-01  8.348485e-01  3.847915e+00  5.564137e-05
  4.820000e-01  8.348485e-01  3.814740e+00  5.345492e-05
  7.230000e-01  8.348485e-01  3.722955e+00  1.644563e-04
  9.640000e-01  8.348485e-01  4.375796e+00  8.395892e-05
  1.205000e+00  8.348485e-01  5.315959e+00  2.271943e-05
 -1.325500e+00  6.261364e-01  1.158191e+00  4.420161e-05
 -1.084500e+00  6.261364e-01  1.500371e+00  4.586909e-05
 -8.435000e-01  6.261364e-01  2.417981e+00  1.264868e-05
 -6.025000e-01  6.261364e-01  5.606465e-01  6.871613e-05
 -3.615000e-01  6.261364e-01  1.431144e+00  1.051084e-04
 -1.205000e-01  6.261364e-01  1.307699e+00  7.579665e-05
  1.205000e-01  6.261364e-01  3.412758e+00  2.161419e-05
  3.615000e-01  6.261364e-01  4.018293e+00  2.972053e-05
  6.025000e-01  6.261364e-01  3.552751e+00  6.724615e-05
  8.435000e-01  6.261364e-01  3.431458e+00  1.149205e-04
  1.084500e+00  6.261364e-01  2.703130e+00  4.205084e-05
  1.325500e+00  6.261364e-01  1.708312e+00  4.949983e-05
 -1.446000e+00  4.174242e-01  3.465153e+00  2.069438e-05
 -1.205000e+00  4.174242e-01  1.025090e+00  4.302937e-05
 -9.640000e-01  4.174242e-01  8.366695e-01  2.969601e-05
 -7.230000e-01  4.174242e-01  1.890846e+00  5.034664e-05
 -4.820000e-01  4.174242e-01  1.227868e+00  8.122736e-05
 -2.410000e-01  4.174242e-01  1.387069e+00  7.901890e-05
  0.000000e+00  4.174242e-01  9.960426e-01  1.174867e-04
  2.410000e-01  4.174242e-01  1.755660e+00  6.556781e-05
  4.820000e-01  4.174242e-01  2.399766e+00  3.492513e-05
  7.230000e-01  4.174242e-01  2.849435e+00  1.205810e-04
  9.640000e-01  4.174242e-01  2.817347e+00  1.147780e-04
  1.205000e+00  4.174242e-01  2.325030e+00  6.335726e-05
  1.446000e+00  4.174242e-01  5.474310e+00  3.116749e-05
 -1.566500e+00  2.087121e-01  3.765611e+00  7.080713e-05
 -1.325500e+00  2.087121e-01  4.228739e+00  7.846939e-05
 -1.084500e+00  2.087121e-01  5.149465e+00  5.314207e-05
 -8.435000e-01  2.087121e-01  2.942834e+00  5.501950e-05
 -6.025000e-01  2.087121e-01  1.717231e+00  7.005844e-05
 -3.615000e-01  2.087121e-01  1.434466e+00  6.997917e-05
 -1.205000e-01  2.087121e-01  1.512859e+00  9.013222e-05
  1.205000e-01  2.087121e-01  1.403877e+00  1.448208e-04
  3.615000e-01  2.087121e-01  1.409079e+00  1.573855e-04
  6.025000e-01  2.087121e-01  1.929403e+00  1.072137e-04
  8.435000e-01  2.087121e-01  3.478810e+00  7.728991e-05
  1.084500e+00  2.087121e-01  4.122826e+00  1.279178e-04
  1.325500e+00  2.087121e-01  5.085907e+00  6.169018e-05
  1.566500e+00  2.087121e-01  6.236418e+00  1.178392e-04
 -1.446000e+00  0.000000e+00  3.255926e+00  3.132690e-05
 -1.205000e+00  0.000000e+00  4.495783e+00  4.266052e-05
 -9.640000e-01  0.000000e+00  3.591914e+00  4.941521e-05
 -7.230000e-01  0.000000e+00  3.800883e+00  9.996340e-05
 -4.820000e-01  0.000000e+00  4.291795e+00  3.096776e-05
 -2.410000e-01  0.000000e+00  5.654463e+00  2.879382e-05
  0.000000e+00  0.000000e+00  4.420947e+00  6.148803e-05
  2.410000e-01  0.000000e+00  2.660969e+00  3.268991e-05
  4.820000e-01  0.000000e+00  1.175725e+00  7.896542e-05
  7.230000e-01  0.000000e+00  5.879229e+00  1.053184e-04
  9.640000e-01  0.000000e+00  4.190464e+00  1.074591e-04
  1.205000e+00  0.000000e+00  3.381722e+00  1.092668e-04
  1.446000e+00  0.000000e+00  5.216556e+00  4.950983e-05
 -1.566500e+00 -2.087121e-01  6.998327e-01  5.883808e-05
 -1.325500e+00 -2.087121e-01  1.076168e+00  4.434505e-05
 -1.084500e+00 -2.087121e-01  2.239355e+00  2.465651e-05
 -8.435000e-01 -2.087121e-01  2.786648e+00  2.234063e-05
 -6.025000e-01 -2.087121e-01  4.625458e+00  9.767996e-05
 -3.615000e-01 -2.087121e-01  4.555636e+00  1.371049e-04
 -1.205000e-01 -2.087121e-01  5.097888e+00  1.171440e-04
  1.205000e-01 -2.087121e-01  4.265643e+00  1.521362e-04
  3.615000e-01 -2.087121e-01  4.452445e+00  1.515149e-04
  6.025000e-01 -2.087121e-01  5.496456e+00  1.314609e-04
  8.435000e-01 -2.087121e-01  6.794120e-01  6.408341e-06
  1.084500e+00 -2.087121e-01  2.762790e+00  1.647299e-04
  1.325500e+00 -2.087121e-01  4.742644e-01  4.671377e-05
  1.566500e+00 -2.087121e-01  6.213466e+00  1.675728e-04
 -1.446000e+00 -4.174242e-01  2.853851e-01  3.878332e-05
 -1.205000e+00 -4.174242e-01  1.605905e+00  2.947337e-05
 -9.640000e-01 -4.174242e-01  4.549119e+00  1.522911e-05
 -7.230000e-01 -4.174242e-01  5.815960e+00  4.416544e-05
 -4.820000e-01 -4.174242e-01  5.377544e+00  2.295316e-05
 -2.410000e-01 -4.174242e-01  5.104415e+00  4.971496e-05
  0.000000e+00 -4.174242e-01  4.721897e+00  2.398462e-05
  2.410000e-01 -4.174242e-01  4.337858e+00  6.612160e-05
  4.820000e-01 -4.174242e-01  4.466483e+00  1.172873e-04
  7.230000e-01 -4.174242e-01  4.676615e+00  2.880985e-05
  9.640000e-01 -4.174242e-01  2.885474e+00  1.464620e-04
  1.205000e+00 -4.174242e-01  3.858860e+00  4.885393e-05
  1.446000e+00 -4.174242e-01  7.571204e-01  3.862072e-05
 -1.325500e+00 -6.261364e-01  1.744562e+00  2.980381e-05
 -1.084500e+00 -6.261364e-01  1.205640e+00  7.212822e-05
 -8.435000e-01 -6.261364e-01  1.081220e+00  4.142758e-05
 -6.025000e-01 -6.261364e-01  9.016956e-01  3.389687e-05
 -3.615000e-01 -6.261364e-01  7.890628e-01  1.483296e-05
 -1.205000e-01 -6.261364e-01  1.601337e+00  1.757414e-05
  1.205000e-01 -6.261364e-01  6.015475e+00  2.902222e-05
  3.615000e-01 -6.261364e-01  4.446678e+00  3.429157e-05
  6.025000e-01 -6.261364e-01  2.473418e+00  5.811583e-05
  8.435000e-01 -6.261364e-01  2.727808e+00  9.665168e-05
  1.084500e+00 -6.261364e-01  2.883814e+00  8.069262e-05
  1.325500e+00 -6.261364e-01  6.005640e+00  5.605276e-05
 -1.205000e+00 -8.348485e-01  4.105166e+00  9.714842e-06
 -9.640000e-01 -8.348485e-01  5.152940e-01  2.891937e-05
 -7.230000e-01 -8.348485e-01  2.821575e-01  6.237100e-05
 -4.820000e-01 -8.348485e-01  6.108815e+00  3.698280e-05
 -2.410000e-01 -8.348485e-01  1.561068e-01  1.813586e-05
  0.000000e+00 -8.348485e-01  5.941425e+00  1.506453e-05
  2.410000e-01 -8.348485e-01  1.181788e+00  4.280037e-05
  4.820000e-01 -8.348485e-01  2.441443e+00  1.690924e-04
  7.230000e-01 -8.348485e-01  1.877977e+00  1.229595e-04
  9.640000e-01 -8.348485e-01  3.097742e+00  5.965524e-05
  1.205000e+00 -8.348485e-01  3.119005e+00  6.177631e-05
 -1.084500e+00 -1.043561e+00  4.299899e+00  8.289177e-05
 -8.435000e-01 -1.043561e+00  5.071561e+00  8.040680e-05
 -6.025000e-01 -1.043561e+00  5.196259e+00  3.491023e-05
 -3.615000e-01 -1.043561e+00  1.417338e+00  3.242318e-05
 -1.205000e-01 -1.043561e+00  1.102528e+00  1.842883e-05
  1.205000e-01 -1.043561e+00  2.085119e+00  6.851948e-05
  3.615000e-01 -1.043561e+00  2.243011e+00  1.744472e-04
  6.025000e-01 -1.043561e+00  2.070074e+00  1.180899e-04
  8.435000e-01 -1.043561e+00  7.583781e-01  9.210189e-05
  1.084500e+00 -1.043561e+00  5.409661e+00  3.857927e-05
 -9.640000e-01 -1.252273e+00  1.701476e-01  7.199807e-06
 -7.230000e-01 -1.252273e+00  5.582552e+00  4.710051e-05
 -4.820000e-01 -1.252273e+00  4.191225e+00  6.749823e-05
 -2.410000e-01 -1.252273e+00  5.136266e+00  5.091578e-05
  0.000000e+00 -1.252273e+00  3.458603e+00  3.802232e-05
  2.410000e-01 -1.252273e+00  3.602537e+00  9.084523e-05
  4.820000e-01 -1.252273e+00  3.385574e+00  1.314747e-04
  7.230000e-01 -1.252273e+00  1.280874e+00  2.675673e-05
  9.640000e-01 -1.252273e+00  8.258332e-01  5.914420e-05
 -6.025000e-01 -1.460985e+00  5.532151e+00  2.359755e-05
 -3.615000e-01 -1.460985e+00  4.546610e+00  6.768474e-05
 -1.205000e-01 -1.460985e+00  4.223099e+00  4.726472e-05
  1.205000e-01 -1.460985e+00  3.065708e+00  3.505857e-05
  3.615000e-01 -1.460985e+00  3.885966e+00  1.192103e-04
  6.025000e-01 -1.460985e+00  3.377283e+00  8.194059e-05
 -6.025000e-01  1.460985e+00  1.953806e+00  1.507386e-04
 -3.615000e-01  1.460985e+00  4.031381e+00  8.008160e-05
 -1.205000e-01  1.460985e+00  5.339054e+00  1.130266e-04
  1.205000e-01  1.460985e+00  5.261314e+00  1.687422e-05
  3.615000e-01  1.460985e+00  2.078634e+00  5.061789e-05
  6.025000e-01  1.460985e+00  3.052563e+00  6.367295e-05
 -9.640000e-01  1.252273e+00  4.302904e+00  6.795678e-05
 -7.230000e-01  1.252273e+00  6.202950e+00  8.217129e-05
 -4.820000e-01  1.252273e+00  5.770070e+00  6.478670e-05
 -2.410000e-01  1.252273e+00  5.237051e+00  1.293227e-04
  0.000000e+00  1.252273e+00  4.058203e+00  3.976781e-05
  2.410000e-01  1.252273e+00  3.034927e+00  3.164544e-05
  4.820000e-01  1.252273e+00  3.398127e+00  7.435205e-05
  7.230000e-01  1.252273e+00  2.863133e+00  1.520218e-04
  9.640000e-01  1.252273e+00  3.668361e+00  5.650739e-06
 -1.084500e+00  1.043561e+00  4.197833e+00  6.802350e-05
 -8.435000e-01  1.043561e+00  4.468907e+00  9.758643e-05
 -6.025000e-01  1.043561e+00  5.540727e+00  1.299181e-04
 -3.615000e-01  1.043561e+00  5.310405e+00  1.106035e-04
 -1.205000e-01  1.043561e+00  4.005911e+00  6.150122e-05
  1.205000e-01  1.043561e+00  3.649456e+00  5.013386e-05
  3.615000e-01  1.043561e+00  4.859403e+00  6.113614e-05
  6.025000e-01  1.043561e+00  3.357666e+00  2.005341e-04
  8.435000e-01  1.043561e+00  3.416889e+00  8.126274e-05
  1.084500e+00  1.043561e+00  3.133274e-02  7.558802e-05
 -1.205000e+00  8.348485e-01  3.950149e+00  1.166501e-05
 -9.640000e-01  8.348485e-01  3.475934e+00  4.102623e-05
 -7.230000e-01  8.348485e-01  4.520982e-03  2.356369e-05
 -4.820000e-01  8.348485e-01  9.076713e-02  1.198187e-04
 -2.410000e-01  8.348485e-01  1.833567e+00  2.360185e-05
  0.000000e+00  8.348485e-01  3.222470e+00  6.128815e-05
  2.410000e-01  8.348485e-01  5.152128e+00  1.840959e-05
  4.820000e-01  8.348485e-01  3.342951e+00  7.897282e-05
  7.230000e-01  8.348485e-01  3.533255e+00  2.002134e-04
  9.640000e-01  8.348485e-01  4.579573e+00  5.673430e-05
  1.205000e+00  8.348485e-01  4.763261e+00  1.814555e-05
 -1.325500e+00  6.261364e-01  1.461806e+00  6.292035e-05
 -1.084500e+00  6.261364e-01  1.820269e+00  3.889202e-05
 -8.435000e-01  6.261364e-01  3.259542e+00  2.753467e-05
 -6.025000e-01  6.261364e-01  6.884985e-01  5.759064e-05
 -3.615000e-01  6.261364e-01  1.312149e+00  1.357949e-04
 -1.205000e-01  6.261364e-01  1.537557e+00  9.161001e-05
  1.205000e-01  6.261364e-01  5.044556e+00  5.941190e-06
  3.615000e-01  6.261364e-01  4.035425e+00  6.193712e-06
  6.025000e-01  6.261364e-01  3.232663e+00  1.210616e-04
  8.435000e-01  6.261364e-01  3.542686e+00  1.092943e-04
  1.084500e+00  6.261364e-01  3.472259e+00  2.039372e-05
  1.325500e+00  6.261364e-01  1.226937e+00  5.793460e-05
 -1.446000e+00  4.174242e-01  4.239985e+00  8.844678e-06
 -1.205000e+00  4.174242e-01  9.066488e-01  7.154408e-05
 -9.640000e-01  4.174242e-01  9.763236e-01  2.267403e-05
 -7.230000e-01  4.174242e-01  2.495185e+00  5.242531e-05
 -4.820000e-01  4.174242e-01  1.131899e+00  4.372590e-05
 -2.410000e-01  4.174242e-01  1.294542e+00  5.689059e-05
  0.000000e+00  4.174242e-01  9.552507e-01  1.172357e-04
  2.410000e-01  4.174242e-01  1.479546e+00  7.863970e-05
  4.820000e-01  4.174242e-01  2.428412e+00  6.806877e-05
  7.230000e-01  4.174242e-01  2.892834e+00  1.288218e-04
  9.640000e-01  4.174242e-01  2.772422e+00  9.129478e-05
  1.205000e+00  4.174242e-01  2.268906e+00  6.889186e-05
  1.446000e+00  4.174242e-01  4.814861e+00  1.629900e-05
 -1.566500e+00  2.087121e-01  3.753615e+00  9.991722e-05
 -1.325500e+00  2.087121e-01  4.323252e+00  1.020745e-04
 -1.084500e+00  2.087121e-01  5.283386e+00  5.931756e-05
 -8.435000e-01  2.087121e-01  2.950131e+00  5.228161e-05
 -6.025000e-01  2.087121e-01  1.302899e+00  3.310389e-05
 -3.615000e-01  2.087121e-01  1.850036e+00  2.672520e-05
 -1.205000e-01  2.087121e-01  1.890507e+00  7.737389e-05
  1.205000e-01  2.087121e-01  1.463076e+00  1.476046e-04
  3.615000e-01  2.087121e-01  1.337902e+00  1.584342e-04
  6.025000e-01  2.087121e-01  2.202325e+00  1.176179e-04
  8.435000e-01  2.087121e-01  3.506839e+00  5.723701e-05
  1.084500e+00  2.087121e-01  4.048133e+00  1.151920e-04
  1.325500e+00  2.087121e-01  5.182979e+00  6.999475e-05
  1.566500e+00  2.087121e-01  6.060498e+00  1.031812e-04
 -1.446000e+00  0.000000e+00  3.255733e+00  4.708784e-05
 -1.205000e+00  0.000000e+00  4.031749e+00  2.622599e-05
 -9.640000e-01  0.000000e+00  2.841703e+00  4.755210e-05
 -7.230000e-01  0.000000e+00  3.808218e+00  6.779742e-05
 -4.820000e-01  0.000000e+00  3.892180e+00  1.510429e-05
 -2.410000e-01  0.000000e+00  3.492814e+00  1.539269e-05
  0.000000e+00  0.000000e+00  4.201568e+00  6.935502e-05
  2.410000e-01  0.000000e+00  2.678676e+00  1.461202e-05
  4.820000e-01  0.000000e+00  1.439071e+00  7.368907e-05
  7.230000e-01  0.000000e+00  6.036135e+00  7.868222e-05
  9.640000e-01  0.000000e+00  4.225609e+00  8.562152e-05
  1.205000e+00  0.000000e+00  3.306152e+00  8.887386e-05
  1.446000e+00  0.000000e+00  5.687836e+00  4.835988e-05
 -1.566500e+00 -2.087121e-01  1.234098e+00  4.478882e-05
 -1.325500e+00 -2.087121e-01  1.782275e+00  4.417502e-05
 -1.084500e+00 -2.087121e-01  2.484503e+00  4.687643e-05
 -8.435000e-01 -2.087121e-01  7.675227e-01  2.203405e-05
 -6.025000e-01 -2.087121e-01  4.890993e+00  8.747581e-05
 -3.615000e-01 -2.087121e-01  4.442889e+00  1.246382e-04
 -1.205000e-01 -2.087121e-01  4.930207e+00  1.078287e-04
  1.205000e-01 -2.087121e-01  4.232154e+00  1.524622e-04
  3.615000e-01 -2.087121e-01  4.351183e+00  1.272399e-04
  6.025000e-01 -2.087121e-01  5.310375e+00  8.532902e-05
  8.435000e-01 -2.087121e-01  5.843354e-01  2.316388e-05
  1.084500e+00 -2.087121e-01  2.740908e+00  1.455614e-04
  1.325500e+00 -2.087121e-01  3.393584e-01  4.855384e-05
  1.566500e+00 -2.087121e-01  5.611566e-04  1.274714e-04
 -1.446000e+00 -4.174242e-01  3.758165e-01  3.562033e-05
 -1.205000e+00 -4.174242e-01  2.788424e+00  2.117138e-05
 -9.640000e-01 -4.174242e-01  4.390478e+00  2.952661e-05
 -7.230000e-01 -4.174242e-01  1.404530e-01  5.531206e-05
 -4.820000e-01 -4.174242e-01  1.007962e+00  2.301212e-05
 -2.410000e-01 -4.174242e-01  5.088877e+00  4.295205e-05
  0.000000e+00 -4.174242e-01  4.317231e+00  4.133221e-05
  2.410000e-01 -4.174242e-01  4.090445e+00  7.217796e-05
  4.820000e-01 -4.174242e-01  4.334862e+00  1.196473e-04
  7.230000e-01 -4.174242e-01  4.547144e+00  4.504832e-05
  9.640000e-01 -4.174242e-01  2.875141e+00  1.186336e-04
  1.205000e+00 -4.174242e-01  4.213091e+00  3.493313e-05
  1.446000e+00 -4.174242e-01  6.169368e-01  2.090514e-05
 -1.325500e+00 -6.261364e-01  1.810184e+00  4.418657e-05
 -1.084500e+00 -6.261364e-01  1.709523e+00  9.515021e-05
 -8.435000e-01 -6.261364e-01  1.537082e+00  8.764625e-05
 -6.025000e-01 -6.261364e-01  9.484870e-01  7.865105e-05
 -3.615000e-01 -6.261364e-01  2.925289e-01  4.282377e-05
 -1.205000e-01 -6.261364e-01  5.597075e-01  1.230293e-05
  1.205000e-01 -6.261364e-01  4.842853e+00  3.366250e-05
  3.615000e-01 -6.261364e-01  4.281307e+00  6.793624e-05
  6.025000e-01 -6.261364e-01  3.431083e+00  4.328419e-05
  8.435000e-01 -6.261364e-01  3.110280e+00  1.129943e-04
  1.084500e+00 -6.261364e-01  2.580409e+00  7.607677e-05
  1.325500e+00 -6.261364e-01  1.422704e-01  6.840878e-05
 -1.205000e+00 -8.348485e-01  3.419274e+00  2.468338e-05
 -9.640000e-01 -8.348485e-01  3.628088e+00  1.347795e-05
 -7.230000e-01 -8.348485e-01  8.539772e-02  6.511619e-05
 -4.820000e-01 -8.348485e-01  6.229512e+00  8.834980e-05
 -2.410000e-01 -8.348485e-01  6.166288e+00  4.066690e-05
  0.000000e+00 -8.348485e-01  5.488745e+00  2.949581e-05
  2.410000e-01 -8.348485e-01  2.099993e+00  2.013703e-05
  4.820000e-01 -8.348485e-01  2.453926e+00  1.474048e-04
  7.230000e-01 -8.348485e-01  2.076043e+00  1.175924e-04
  9.640000e-01 -8.348485e-01  3.369406e+00  9.980131e-05
  1.205000e+00 -8.348485e-01  3.128004e+00  8.234430e-05
 -1.084500e+00 -1.043561e+00  4.248146e+00  1.070447e-04
 -8.435000e-01 -1.043561e+00  4.678494e+00  1.178423e-04
 -6.025000e-01 -1.043561e+00  5.183986e+00  5.563996e-05
 -3.615000e-01 -1.043561e+00  7.481549e-01  6.627477e-05
 -1.205000e-01 -1.043561e+00  7.679146e-01  4.558092e-05
  1.205000e-01 -1.043561e+00  2.117213e+00  8.376665e-05
  3.615000e-01 -1.043561e+00  2.351139e+00  1.880230e-04
  6.025000e-01 -1.043561e+00  2.010309e+00  1.268621e-04
  8.435000e-01 -1.043561e+00  8.619409e-01  8.330459e-05
  1.084500e+00 -1.043561e+00  5.097920e+00  7.318564e-05
 -9.640000e-01 -1.252273e+00  7.885308e-01  1.562845e-05
 -7.230000e-01 -1.252273e+00  4.880700e+00  4.084834e-05
 -4.820000e-01 -1.252273e+00  4.302919e+00  6.370720e-05
 -2.410000e-01 -1.252273e+00  5.696293e+00  5.156058e-05
  0.000000e+00 -1.252273e+00  2.508086e+00  4.206588e-05
  2.410000e-01 -1.252273e+00  3.351141e+00  7.387858e-05
  4.820000e-01 -1.252273e+00  3.360194e+00  1.403611e-04
  7.230000e-01 -1.252273e+00  1.134498e+00  2.590246e-05
  9.640000e-01 -1.252273e+00  6.358400e-01  5.741614e-05
 -6.025000e-01 -1.460985e+00  1.926720e-01  1.684970e-05
 -3.615000e-01 -1.460985e+00  4.913443e+00  6.467911e-05
 -1.205000e-01 -1.460985e+00  4.337345e+00  6.742344e-05
  1.205000e-01 -1.460985e+00  2.410323e+00  3.990061e-05
  3.615000e-01 -1.460985e+00  3.974672e+00  1.191099e-04
  6.025000e-01 -1.460985e+00  3.214279e+00  9.190529e-05
 -6.025000e-01  1.460985e+00  1.894363e+00  1.731705e-04
 -3.615000e-01  1.460985e+00  3.569670e+00  4.990102e-05
 -1.205000e-01  1.460985e+00  5.500403e+00  8.916233e-05
  1.205000e-01  1.460985e+00  5.128622e+00  2.465309e-05
  3.615000e-01  1.460985e+00  2.688569e+00  5.012826e-05
  6.025000e-01  1.460985e+00  3.386177e+00  9.346376e-05
 -9.640000e-01  1.252273e+00  4.119809e+00  6.643363e-05
 -7.230000e-01  1.252273e+00  6.214338e+00  6.383473e-05
 -4.820000e-01  1.252273e+00  1.432351e-01  4.218840e-05
 -2.410000e-01  1.252273e+00  5.553420e+00  1.244008e-04
  0.000000e+00  1.252273e+00  4.614234e+00  3.145828e-05
  2.410000e-01  1.252273e+00  2.870421e+00  1.978803e-05
  4.820000e-01  1.252273e+00  3.414717e+00  1.115196e-04
  7.230000e-01  1.252273e+00  3.002433e+00  1.591046e-04
  9.640000e-01  1.252273e+00  5.173866e+00  2.664761e-05
 -1.084500e+00  1.043561e+00  4.090388e+00  5.298142e-05
 -8.435000e-01  1.043561e+00  4.277676e+00  8.700177e-05
 -6.025000e-01  1.043561e+00  5.387782e+00  9.210792e-05
 -3.615000e-01  1.043561e+00  5.487157e+00  1.311787e-04
 -1.205000e-01  1.043561e+00  4.128478e+00  4.507837e-05
  1.205000e-01  1.043561e+00  2.657835e+00  3.861727e-05
  3.615000e-01  1.043561e+00  4.930877e+00  2.994905e-05
  6.025000e-01  1.043561e+00  3.279310e+00  2.153489e-04
  8.435000e-01  1.043561e+00  3.288737e+00  5.659399e-05
  1.084500e+00  1.043561e+00  3.258580e-01  1.167935e-04
 -1.205000e+00  8.348485e-01  4.028179e+00  1.942861e-05
 -9.640000e-01  8.348485e-01  3.202127e+00  4.374519e-05
 -7.230000e-01  8.348485e-01  1.557882e+00  6.416539e-06
 -4.820000e-01  8.348485e-01  7.682427e-02  1.153942e-04
 -2.410000e-01  8.348485e-01  1.351736e+00  4.651209e-05
  0.000000e+00  8.348485e-01  2.691390e+00  8.174433e-05
  2.410000e-01  8.348485e-01  1.808444e-01  3.787880e-05
  4.820000e-01  8.348485e-01  3.139998e+00  8.454158e-05
  7.230000e-01  8.348485e-01  3.448035e+00  2.080801e-04
  9.640000e-01  8.348485e-01  4.992124e+00  3.121811e-05
  1.205000e+00  8.348485e-01  3.746152e+00  4.702313e-06
 -1.325500e+00  6.261364e-01  1.735387e+00  7.091838e-05
 -1.084500e+00  6.261364e-01  2.246939e+00  3.160998e-05
 -8.435000e-01  6.261364e-01  3.578869e+00  3.931519e-05
 -6.025000e-01  6.261364e-01  1.127315e+00  3.113720e-05
 -3.615000e-01  6.261364e-01  1.299080e+00  1.453345e-04
 -1.205000e-01  6.261364e-01  1.698769e+00  1.022286e-04
  1.205000e-01  6.261364e-01  2.074484e-02  2.472210e-05
  3.615000e-01  6.261364e-01  1.079509e+00  1.636965e-05
  6.025000e-01  6.261364e-01  3.075832e+00  1.309311e-04
  8.435000e-01  6.261364e-01  3.668852e+00  9.626816e-05
  1.084500e+00  6.261364e-01  4.440147e+00  3.414586e-05
  1.325500e+00  6.261364e-01  1.219541e+00  5.210154e-05
 -1.446000e+00  4.174242e-01  4.565764e+00  1.118206e-05
 -1.205000e+00  4.174242e-01  9.682335e-01  8.028341e-05
 -9.640000e-01  4.174242e-01  1.294590e+00  2.295469e-05
 -7.230000e-01  4.174242e-01  2.738356e+00  6.683255e-05
 -4.820000e-01  4.174242e-01  1.578642e+00  1.660286e-05
 -2.410000e-01  4.174242e-01  9.695054e-01  2.801304e-05
  0.000000e+00  4.174242e-01  8.284673e-01  9.146223e-05
  2.410000e-01  4.174242e-01  1.349712e+00  7.380493e-05
  4.820000e-01  4.174242e-01  2.397006e+00  7.957126e-05
  7.230000e-01  4.174242e-01  2.842822e+00  1.073744e-04
  9.640000e-01  4.174242e-01  2.733354e+00  5.795838e-05
  1.205000e+00  4.174242e-01  2.506643e+00  6.168546e-05
  1.446000e+00  4.174242e-01  4.224850e+00  3.878179e-05
 -1.566500e+00  2.087121e-01  3.618489e+00  1.241059e-04
 -1.325500e+00  2.087121e-01  4.171046e+00  1.044084e-04
 -1.084500e+00  2.087121e-01  5.409032e+00  4.713050e-05
 -8.435000e-01  2.087121e-01  2.993269e+00  4.044731e-05
 -6.025000e-01  2.087121e-01  5.558006e+00  4.619868e-06
 -3.615000e-01  2.087121e-01  3.711164e+00  1.200019e-05
 -1.205000e-01  2.087121e-01  2.152237e+00  6.034735e-05
  1.205000e-01  2.087121e-01  1.534378e+00  1.234291e-04
  3.615000e-01  2.087121e-01  1.317856e+00  1.318375e-04
  6.025000e-01  2.087121e-01  2.361254e+00  1.057696e-04
  8.435000e-01  2.087121e-01  3.747619e+00  2.353365e-05
  1.084500e+00  2.087121e-01  3.925156e+00  8.558333e-05
  1.325500e+00  2.087121e-01  5.272685e+00  7.538539e-05
  1.566500e+00  2.087121e-01  5.828881e+00  9.741701e-05
 -1.446000e+00  0.000000e+00  2.934148e+00  6.141228e-05
 -1.205000e+00  0.000000e+00  2.905685e+00  2.764100e-05
 -9.640000e-01  0.000000e+00  2.135380e+00  5.110386e-05
 -7.230000e-01  0.000000e+00  3.608860e+00  3.776298e-05
 -4.820000e-01  0.000000e+00  3.376310e+00  1.606454e-05
 -2.410000e-01  0.000000e+00  3.268313e+00  3.412378e-05
  0.000000e+00  0.000000e+00  3.911358e+00  5.932355e-05
  2.410000e-01  0.000000e+00  8.830532e-01  4.583540e-06
  4.820000e-01  0.000000e+00  1.731993e+00  5.800413e-05
  7.230000e-01  0.000000e+00  6.268098e+00  5.750362e-05
  9.640000e-01  0.000000e+00  4.255220e+00  5.540643e-05
  1.205000e+00  0.000000e+00  3.291078e+00  5.273477e-05
  1.446000e+00  0.000000e+00  6.088535e+00  5.713091e-05
 -1.566500e+00 -2.087121e-01  1.416583e+00  3.704192e-05
 -1.325500e+00 -2.087121e-01  2.400813e+00  5.316497e-05
 -1.084500e+00 -2.087121e-01  2.595873e+00  5.341501e-05
 -8.435000e-01 -2.087121e-01  4.290091e-01  4.756536e-05
 -6.025000e-01 -2.087121e-01  5.122125e+00  6.857679e-05
 -3.615000e-01 -2.087121e-01  4.412977e+00  9.801514e-05
 -1.205000e-01 -2.087121e-01  4.585112e+00  8.277379e-05
  1.205000e-01 -2.087121e-01  4.202159e+00  1.176364e-04
  3.615000e-01 -2.087121e-01  4.184013e+00  8.037488e-05
  6.025000e-01 -2.087121e-01  5.116281e+00  4.280515e-05
  8.435000e-01 -2.087121e-01  3.770996e-01  3.516036e-05
  1.084500e+00 -2.087121e-01  2.693583e+00  1.074544e-04
  1.325500e+00 -2.087121e-01  3.613264e-01  5.309224e-05
  1.566500e+00 -2.087121e-01  1.798717e-01  8.433099e-05
 -1.446000e+00 -4.174242e-01  3.134159e-02  2.070824e-05
 -1.205000e+00 -4.174242e-01  3.590848e+00  4.447333e-05
 -9.640000e-01 -4.174242e-01  4.574340e+00  3.935739e-05
 -7.230000e-01 -4.174242e-01  4.017654e-01  5.343022e-05
 -4.820000e-01 -4.174242e-01  1.378812e+00  4.867706e-05
 -2.410000e-01 -4.174242e-01  4.843506e+00  1.962327e-05
  0.000000e+00 -4.174242e-01  4.071671e+00  5.517070e-05
  2.410000e-01 -4.174242e-01  4.007293e+00  6.691335e-05
  4.820000e-01 -4.174242e-01  4.264581e+00  1.012606e-04
  7.230000e-01 -4.174242e-01  4.730142e+00  3.972203e-05
  9.640000e-01 -4.174242e-01  2.814415e+00  8.089393e-05
  1.205000e+00 -4.174242e-01  4.254764e+00  1.654942e-05
  1.446000e+00 -4.174242e-01  1.004992e+00  2.285830e-05
 -1.325500e+00 -6.261364e-01  2.045047e+00  5.470886e-05
 -1.084500e+00 -6.261364e-01  1.959425e+00  1.128997e-04
 -8.435000e-01 -6.261364e-01  1.667674e+00  1.231634e-04
 -6.025000e-01 -6.261364e-01  9.619859e-01  9.642762e-05
 -3.615000e-01 -6.261364e-01  2.829205e-02  5.244443e-05
 -1.205000e-01 -6.261364e-01  5.897197e+00  1.213095e-05
  1.205000e-01 -6.261364e-01  4.516265e+00  4.413720e-05
  3.615000e-01 -6.261364e-01  4.308026e+00  8.572768e-05
  6.025000e-01 -6.261364e-01  4.081709e+00  6.231912e-05
  8.435000e-01 -6.261364e-01  3.263806e+00  1.019994e-04
  1.084500e+00 -6.261364e-01  2.351324e+00  6.209120e-05
  1.325500e+00 -6.261364e-01  4.248532e-01  5.405680e-05
 -1.205000e+00 -8.348485e-01  3.181844e+00  3.073265e-05
 -9.640000e-01 -8.348485e-01  3.713776e+00  4.855056e-05
 -7.230000e-01 -8.348485e-01  6.109430e+00  7.245752e-05
 -4.820000e-01 -8.348485e-01  6.143718e+00  1.144697e-04
 -2.410000e-01 -8.348485e-01  5.667746e+00  5.119015e-05
  0.000000e+00 -8.348485e-01  4.786851e+00  4.640911e-05
  2.410000e-01 -8.348485e-01  3.154560e+00  1.678223e-05
  4.820000e-01 -8.348485e-01  2.419964e+00  1.060070e-04
  7.230000e-01 -8.348485e-01  2.357478e+00  9.837671e-05
  9.640000e-01 -8.348485e-01  3.505088e+00  9.924517e-05
  1.205000e+00 -8.348485e-01  3.181767e+00  8.100021e-05
 -1.084500e+00 -1.043561e+00  4.288865e+00  1.196370e-04
 -8.435000e-01 -1.043561e+00  4.527030e+00  1.510581e-04
 -6.025000e-01 -1.043561e+00  5.216227e+00  6.704631e-05
 -3.615000e-01 -1.043561e+00  7.075412e-01  9.317513e-05
 -1.205000e-01 -1.043561e+00  6.547915e-01  5.798066e-05
  1.205000e-01 -1.043561e+00  2.480131e+00  7.936881e-05
  3.615000e-01 -1.043561e+00  2.447981e+00  1.634313e-04
  6.025000e-01 -1.043561e+00  1.960283e+00  1.204350e-04
  8.435000e-01 -1.043561e+00  7.694074e-01  6.410984e-05
  1.084500e+00 -1.043561e+00  5.015956e+00  9.637923e-05
 -9.640000e-01 -1.252273e+00  5.915700e-01  1.040964e-05
 -7.230000e-01 -1.252273e+00  4.262834e+00  4.831531e-05
 -4.820000e-01 -1.252273e+00  4.288860e+00  6.274371e-05
 -2.410000e-01 -1.252273e+00  5.966389e+00  6.130470e-05
  0.000000e+00 -1.252273e+00  2.105211e+00  5.894003e-05
  2.410000e-01 -1.252273e+00  3.140797e+00  6.051692e-05
  4.820000e-01 -1.252273e+00  3.371317e+00  1.345761e-04
  7.230000e-01 -1.252273e+00  8.390625e-01  3.058325e-05
  9.640000e-01 -1.252273e+00  1.447189e-01  5.855182e-05
 -6.025000e-01 -1.460985e+00  7.220975e-01  2.533384e-05
 -3.615000e-01 -1.460985e+00  5.099870e+00  8.017358e-05
 -1.205000e-01 -1.460985e+00  4.376135e+00  9.207874e-05
  1.205000e-01 -1.460985e+00  2.123597e+00  5.410345e-05
  3.615000e-01 -1.460985e+00  4.061544e+00  1.082219e-04
  6.025000e-01 -1.460985e+00  3.128824e+00  9.358249e-05
 -6.025000e-01  1.460985e+00  1.898159e+00  1.371815e-04
 -3.615000e-01  1.460985e+00  3.384738e+00  3.508391e-05
 -1.205000e-01  1.460985e+00  5.799487e+00  6.413062e-05
  1.205000e-01  1.460985e+00  4.948201e+00  2.747079e-05
  3.615000e-01  1.460985e+00  3.211052e+00  3.953961e-05
  6.025000e-01  1.460985e+00  3.508583e+00  8.928566e-05
 -9.640000e-01  1.252273e+00  3.725757e+00  5.185284e-05
 -7.230000e-01  1.252273e+00  6.164763e+00  3.842995e-05
 -4.820000e-01  1.252273e+00  4.999717e-01  2.152261e-05
 -2.410000e-01  1.252273e+00  5.676397e+00  1.024062e-04
  0.000000e+00  1.252273e+00  5.238630e+00  3.091971e-05
  2.410000e-01  1.252273e+00  3.047767e+00  5.879454e-06
  4.820000e-01  1.252273e+00  3.370144e+00  1.060890e-04
  7.230000e-01  1.252273e+00  3.051400e+00  1.398092e-04
  9.640000e-01  1.252273e+00  5.014033e+00  4.481000e-05
 -1.084500e+00  1.043561e+00  3.725632e+00  3.454175e-05
 -8.435000e-01  1.043561e+00  3.986249e+00  6.070878e-05
 -6.025000e-01  1.043561e+00  5.389865e+00  4.995987e-05
 -3.615000e-01  1.043561e+00  5.543777e+00  1.172051e-04
 -1.205000e-01  1.043561e+00  4.306818e+00  3.878846e-05
  1.205000e-01  1.043561e+00  2.058280e+00  4.468337e-05
  3.615000e-01  1.043561e+00  5.120187e+00  8.778481e-06
  6.025000e-01  1.043561e+00  3.246936e+00  1.826868e-04
  8.435000e-01  1.043561e+00  3.110235e+00  3.108726e-05
  1.084500e+00  1.043561e+00  3.880593e-01  1.255483e-04
 -1.205000e+00  8.348485e-01  3.503969e+00  2.158644e-05
 -9.640000e-01  8.348485e-01  3.065492e+00  4.114276e-05
 -7.230000e-01  8.348485e-01  2.978272e+00  1.452887e-05
 -4.820000e-01  8.348485e-01  8.610906e-02  9.842468e-05
 -2.410000e-01  8.348485e-01  1.379273e+00  6.038466e-05
  0.000000e+00  8.348485e-01  2.444328e+00  8.256317e-05
  2.410000e-01  8.348485e-01  2.603235e-01  5.021138e-05
  4.820000e-01  8.348485e-01  3.104184e+00  6.983206e-05
  7.230000e-01  8.348485e-01  3.421582e+00  1.810313e-04
  9.640000e-01  8.348485e-01  5.921040e+00  1.659431e-05
  1.205000e+00  8.348485e-01  1.373274e+00  1.965347e-05
 -1.325500e+00  6.261364e-01  1.919619e+00  6.422624e-05
 -1.084500e+00  6.261364e-01  2.573163e+00  2.262408e-05
 -8.435000e-01  6.261364e-01  3.932663e+00  3.888110e-05
 -6.025000e-01  6.261364e-01  2.548057e+00  1.486564e-05
 -3.615000e-01  6.261364e-01  1.351377e+00  1.183363e-04
 -1.205000e-01  6.261364e-01  1.732781e+00  8.754048e-05
  1.205000e-01  6.261364e-01  9.343495e-02  3.612871e-05
  3.615000e-01  6.261364e-01  1.154649e+00  3.665651e-05
  6.025000e-01  6.261364e-01  2.939884e+00  1.094056e-04
  8.435000e-01  6.261364e-01  3.734722e+00  8.226111e-05
  1.084500e+00  6.261364e-01  4.646956e+00  4.223347e-05
  1.325500e+00  6.261364e-01  1.348366e+00  3.291987e-05
 -1.446000e+00  4.174242e-01  4.211600e+00  1.899792e-05
 -1.205000e+00  4.174242e-01  1.054632e+00  6.519860e-05
 -9.640000e-01  4.174242e-01  1.238153e+00  2.620781e-05
 -7.230000e-01  4.174242e-01  2.720909e+00  6.603904e-05
 -4.820000e-01  4.174242e-01  2.638795e+00  1.545552e-05
 -2.410000e-01  4.174242e-01  5.851729e+00  1.184577e-05
  0.000000e+00  4.174242e-01  6.604283e-01  5.915842e-05
  2.410000e-01  4.174242e-01  1.398329e+00  5.895283e-05
  4.820000e-01  4.174242e-01  2.278031e+00  6.314721e-05
  7.230000e-01  4.174242e-01  2.747685e+00  7.526870e-05
  9.640000e-01  4.174242e-01  2.896387e+00  2.867560e-05
  1.205000e+00  4.174242e-01  2.917279e+00  4.286611e-05
  1.446000e+00  4.174242e-01  4.281713e+00  5.205569e-05
 -1.566500e+00  2.087121e-01  3.492469e+00  1.242447e-04
 -1.325500e+00  2.087121e-01  3.912258e+00  9.249524e-05
 -1.084500e+00  2.087121e-01  5.550170e+00  3.293062e-05
 -8.435000e-01  2.087121e-01  3.162485e+00  2.595207e-05
 -6.025000e-01  2.087121e-01  4.547188e+00  2.013463e-05
 -3.615000e-01  2.087121e-01  4.238274e+00  2.034705e-05
 -1.205000e-01  2.087121e-01  2.226279e+00  3.963733e-05
  1.205000e-01  2.087121e-01  1.671724e+00  8.300442e-05
  3.615000e-01  2.087121e-01  1.241130e+00  8.724148e-05
  6.025000e-01  2.087121e-01  2.451848e+00  8.056309e-05
  8.435000e-01  2.087121e-01  5.504147e+00  9.607632e-06
  1.084500e+00  2.087121e-01  3.840567e+00  5.415535e-05
  1.325500e+00  2.087121e-01  5.343269e+00  6.111846e-05
  1.566500e+00  2.087121e-01  5.789594e+00  9.004292e-05
 -1.446000e+00  0.000000e+00  2.677818e+00  6.637691e-05
 -1.205000e+00  0.000000e+00  2.565286e+00  3.051658e-05
 -9.640000e-01  0.000000e+00  1.697971e+00  4.616994e-05
 -7.230000e-01  0.000000e+00  3.465254e+00  2.050490e-05
 -4.820000e-01  0.000000e+00  3.542879e+00  2.320949e-05
 -2.410000e-01  0.000000e+00  3.335594e+00  3.542869e-05
  0.000000e+00  0.000000e+00  3.601786e+00  4.492233e-05
  2.410000e-01  0.000000e+00  3.614208e-01  1.224909e-05
  4.820000e-01  0.000000e+00  2.051808e+00  4.282531e-05
  7.230000e-01  0.000000e+00  2.092783e-01  4.129957e-05
  9.640000e-01  0.000000e+00  4.496578e+00  2.655986e-05
  1.205000e+00  0.000000e+00  3.323168e+00  2.867063e-05
  1.446000e+00  0.000000e+00  6.250016e+00  5.385583e-05
 -1.566500e+00 -2.087121e-01  1.144119e+00  2.388723e-05
 -1.325500e+00 -2.087121e-01  2.721470e+00  5.650305e-05
 -1.084500e+00 -2.087121e-01  2.492064e+00  4.487721e-05
 -8.435000e-01 -2.087121e-01  3.399897e-01  5.660004e-05
 -6.025000e-01 -2.087121e-01  5.285751e+00  4.837199e-05
 -3.615000e-01 -2.087121e-01  4.389739e+00  7.281816e-05
 -1.205000e-01 -2.087121e-01  4.200314e+00  6.670795e-05
  1.205000e-01 -2.087121e-01  4.099638e+00  7.240524e-05
  3.615000e-01 -2.087121e-01  3.958011e+00  3.575937e-05
  6.025000e-01 -2.087121e-01  4.690348e+00  1.886503e-05
  8.435000e-01 -2.087121e-01  2.247165e-01  3.761628e-05
  1.084500e+00 -2.087121e-01  2.512803e+00  7.319909e-05
  1.325500e+00 -2.087121e-01  4.920635e-01  5.123428e-05
  1.566500e+00 -2.087121e-01  3.356757e-01  5.710683e-05
 -1.446000e+00 -4.174242e-01  4.704805e+00  1.544737e-05
 -1.205000e+00 -4.174242e-01  3.640258e+00  5.833703e-05
 -9.640000e-01 -4.174242e-01  5.046118e+00  3.827718e-05
 -7.230000e-01 -4.174242e-01  5.469572e-01  4.309743e-05
 -4.820000e-01 -4.174242e-01  1.461925e+00  5.615617e-05
 -2.410000e-01 -4.174242e-01  3.557385e+00  9.638938e-06
  0.000000e+00 -4.174242e-01  3.893404e+00  6.420935e-05
  2.410000e-01 -4.174242e-01  4.090869e+00  5.542893e-05
  4.820000e-01 -4.174242e-01  4.257124e+00  7.110446e-05
  7.230000e-01 -4.174242e-01  4.951241e+00  2.414212e-05
  9.640000e-01 -4.174242e-01  2.688049e+00  5.589952e-05
  1.205000e+00 -4.174242e-01  2.067571e+00  7.711422e-06
  1.446000e+00 -4.174242e-01  1.063243e+00  3.788053e-05
 -1.325500e+00 -6.261364e-01  2.385351e+00  6.477249e-05
 -1.084500e+00 -6.261364e-01  2.021269e+00  1.065025e-04
 -8.435000e-01 -6.261364e-01  1.635302e+00  1.290342e-04
 -6.025000e-01 -6.261364e-01  1.011658e+00  8.863658e-05
 -3.615000e-01 -6.261364e-01  6.202947e+00  4.871156e-05
 -1.205000e-01 -6.261364e-01  5.510385e+00  7.090943e-06
  1.205000e-01 -6.261364e-01  4.427977e+00  4.085274e-05
  3.615000e-01 -6.261364e-01  4.281547e+00  7.785531e-05
  6.025000e-01 -6.261364e-01  4.127349e+00  6.031243e-05
  8.435000e-01 -6.261364e-01  3.279851e+00  7.216497e-05
  1.084500e+00 -6.261364e-01  2.354263e+00  3.952084e-05
  1.325500e+00 -6.261364e-01  7.440828e-01  2.875435e-05
 -1.205000e+00 -8.348485e-01  2.864590e+00  2.739996e-05
 -9.640000e-01 -8.348485e-01  3.726098e+00  5.058265e-05
 -7.230000e-01 -8.348485e-01  6.107905e+00  7.414761e-05
 -4.820000e-01 -8.348485e-01  6.116014e+00  1.082462e-04
 -2.410000e-01 -8.348485e-01  5.350256e+00  5.394486e-05
  0.000000e+00 -8.348485e-01  4.429677e+00  5.882322e-05
  2.410000e-01 -8.348485e-01  3.358852e+00  1.700133e-05
  4.820000e-01 -8.348485e-01  2.407751e+00  7.141348e-05
  7.230000e-01 -8.348485e-01  2.589485e+00  7.005906e-05
  9.640000e-01 -8.348485e-01  3.614677e+00  7.088280e-05
  1.205000e+00 -8.348485e-01  3.296036e+00  5.828515e-05
 -1.084500e+00 -1.043561e+00  4.328697e+00  1.169614e-04
 -8.435000e-01 -1.043561e+00  4.479733e+00  1.468812e-04
 -6.025000e-01 -1.043561e+00  5.377341e+00  5.885858e-05
 -3.615000e-01 -1.043561e+00  7.378283e-01  1.003844e-04
 -1.205000e-01 -1.043561e+00  6.186036e-01  5.513136e-05
  1.205000e-01 -1.043561e+00  2.843277e+00  7.488934e-05
  3.615000e-01 -1.043561e+00  2.572650e+00  1.165500e-04
  6.025000e-01 -1.043561e+00  1.995984e+00  8.939803e-05
  8.435000e-01 -1.043561e+00  6.134686e-01  4.203707e-05
  1.084500e+00 -1.043561e+00  4.982957e+00  8.216340e-05
 -9.640000e-01 -1.252273e+00  4.446387e+00  1.087741e-05
 -7.230000e-01 -1.252273e+00  3.923831e+00  5.014438e-05
 -4.820000e-01 -1.252273e+00  4.276838e+00  4.776767e-05
 -2.410000e-01 -1.252273e+00  6.121932e+00  6.511524e-05
  0.000000e+00 -1.252273e+00  2.021712e+00  6.628157e-05
  2.410000e-01 -1.252273e+00  2.887689e+00  4.345878e-05
  4.820000e-01 -1.252273e+00  3.339479e+00  1.093377e-04
  7.230000e-01 -1.252273e+00  8.467260e-01  3.019534e-05
  9.640000e-01 -1.252273e+00  6.175721e+00  5.128843e-05
 -6.025000e-01 -1.460985e+00  8.287562e-01  3.456810e-05
 -3.615000e-01 -1.460985e+00  5.224071e+00  8.519359e-05
 -1.205000e-01 -1.460985e+00  4.388828e+00  9.348874e-05
  1.205000e-01 -1.460985e+00  2.106156e+00  5.697072e-05
  3.615000e-01 -1.460985e+00  4.092864e+00  8.156457e-05
  6.025000e-01 -1.460985e+00  2.965179e+00  8.510803e-05
 -6.025000e-01  1.460985e+00  1.954113e+00  7.041351e-05
 -3.615000e-01  1.460985e+00  3.571281e+00  2.326389e-05
 -1.205000e-01  1.460985e+00  6.165377e+00  4.034770e-05
  1.205000e-01  1.460985e+00  4.842137e+00  1.884694e-05
  3.615000e-01  1.460985e+00  3.617469e+00  2.199827e-05
  6.025000e-01  1.460985e+00  3.575235e+00  5.195514e-05
 -9.640000e-01  1.252273e+00  3.492545e+00  3.190755e-05
 -7.230000e-01  1.252273e+00  6.099875e+00  1.954405e-05
 -4.820000e-01  1.252273e+00  2.438041e+00  1.428511e-06
 -2.410000e-01  1.252273e+00  5.659396e+00  5.758187e-05
  0.000000e+00  1.252273e+00  5.656731e+00  2.410495e-05
  2.410000e-01  1.252273e+00  5.533933e+00  2.840664e-06
  4.820000e-01  1.252273e+00  3.328786e+00  6.168067e-05
  7.230000e-01  1.252273e+00  3.056324e+00  8.314367e-05
  9.640000e-01  1.252273e+00  4.840916e+00  4.027112e-05
 -1.084500e+00  1.043561e+00  3.419432e+00  2.400024e-05
 -8.435000e-01  1.043561e+00  3.715144e+00  3.289515e-05
 -6.025000e-01  1.043561e+00  5.700842e+00  1.639962e-05
 -3.615000e-01  1.043561e+00  5.527017e+00  6.943903e-05
 -1.205000e-01  1.043561e+00  4.415393e+00  3.170681e-05
  1.205000e-01  1.043561e+00  1.802361e+00  3.101299e-05
  3.615000e-01  1.043561e+00  5.568772e+00  6.119917e-06
  6.025000e-01  1.043561e+00  3.246753e+00  1.059742e-04
  8.435000e-01  1.043561e+00  2.698944e+00  1.148597e-05
  1.084500e+00  1.043561e+00  3.957585e-01  8.468166e-05
 -1.205000e+00  8.348485e-01  2.950825e+00  2.270451e-05
 -9.640000e-01  8.348485e-01  3.031600e+00  2.858689e-05
 -7.230000e-01  8.348485e-01  3.274914e+00  1.712097e-05
 -4.820000e-01  8.348485e-01  1.107690e-01  6.201940e-05
 -2.410000e-01  8.348485e-01  1.410792e+00  4.458382e-05
  0.000000e+00  8.348485e-01  2.374497e+00  5.187691e-05
  2.410000e-01  8.348485e-01  8.753847e-02  4.043974e-05
  4.820000e-01  8.348485e-01  3.166061e+00  4.296208e-05
  7.230000e-01  8.348485e-01  3.404934e+00  1.094565e-04
  9.640000e-01  8.348485e-01  5.070297e-01  1.418827e-05
  1.205000e+00  8.348485e-01  1.259005e+00  2.507255e-05
 -1.325500e+00  6.261364e-01  1.944236e+00  4.033340e-05
 -1.084500e+00  6.261364e-01  2.608662e+00  1.259651e-05
 -8.435000e-01  6.261364e-01  4.207677e+00  2.676916e-05
 -6.025000e-01  6.261364e-01  3.378190e+00  2.159009e-05
 -3.615000e-01  6.261364e-01  1.365002e+00  6.644169e-05
 -1.205000e-01  6.261364e-01  1.698052e+00  4.834120e-05
  1.205000e-01  6.261364e-01  9.374841e-02  2.784738e-05
  3.615000e-01  6.261364e-01  1.195486e+00  3.742017e-05
  6.025000e-01  6.261364e-01  2.856903e+00  6.682080e-05
  8.435000e-01  6.261364e-01  3.779149e+00  5.163560e-05
  1.084500e+00  6.261364e-01  4.736962e+00  3.005127e-05
  1.325500e+00  6.261364e-01  1.413271e+00  1.147731e-05
 -1.446000e+00  4.174242e-01  4.171641e+00  2.012614e-05
 -1.205000e+00  4.174242e-01  1.105147e+00  3.328368e-05
 -9.640000e-01  4.174242e-01  1.129862e+00  2.121985e-05
 -7.230000e-01  4.174242e-01  2.630450e+00  4.578083e-05
 -4.820000e-01  4.174242e-01  2.945102e+00  1.140838e-05
 -2.410000e-01  4.174242e-01  5.162864e+00  1.719044e-05
  0.000000e+00  4.174242e-01  5.539048e-01  2.603636e-05
  2.410000e-01  4.174242e-01  1.540396e+00  3.722121e-05
  4.820000e-01  4.174242e-01  2.052196e+00  3.429518e-05
  7.230000e-01  4.174242e-01  2.634701e+00  3.984938e-05
  9.640000e-01  4.174242e-01  3.334183e+00  1.038430e-05
  1.205000e+00  4.174242e-01  3.358472e+00  2.158445e-05
  1.446000e+00  4.174242e-01  4.387981e+00  3.422450e-05
 -1.566500e+00  2.087121e-01  3.419920e+00  8.364012e-05
 -1.325500e+00  2.087121e-01  3.703647e+00  6.036932e-05
 -1.084500e+00  2.087121e-01  5.581713e+00  1.690866e-05
 -8.435000e-01  2.087121e-01  3.393870e+00  1.555460e-05
 -6.025000e-01  2.087121e-01  4.544708e+00  1.647327e-05
 -3.615000e-01  2.087121e-01  4.553537e+00  1.480621e-05
 -1.205000e-01  2.087121e-01  2.187925e+00  1.881407e-05
  1.205000e-01  2.087121e-01  1.952583e+00  4.099776e-05
  3.615000e-01  2.087121e-01  1.016565e+00  4.011052e-05
  6.025000e-01  2.087121e-01  2.522766e+00  4.575468e-05
  8.435000e-01  2.087121e-01  6.191799e+00  1.372667e-05
  1.084500e+00  2.087121e-01  3.904256e+00  2.482079e-05
  1.325500e+00  2.087121e-01  5.375473e+00  2.976168e-05
  1.566500e+00  2.087121e-01  5.894951e+00  5.852895e-05
 -1.446000e+00  0.000000e+00  2.545971e+00  4.856231e-05
 -1.205000e+00  0.000000e+00  2.430750e+00  1.860716e-05
 -9.640000e-01  0.000000e+00  1.456365e+00  2.694751e-05
 -7.230000e-01  0.000000e+00  3.871926e+00  1.255547e-05
 -4.820000e-01  0.000000e+00  3.895301e+00  2.006340e-05
 -2.410000e-01  0.000000e+00  3.358560e+00  2.112311e-05
  0.000000e+00  0.000000e+00  3.373269e+00  2.714725e-05
  2.410000e-01  0.000000e+00  1.735699e-01  1.001268e-05
  4.820000e-01  0.000000e+00  2.309122e+00  2.600224e-05
  7.230000e-01  0.000000e+00  3.617390e-01  2.202587e-05
  9.640000e-01  0.000000e+00  5.349044e+00  1.256066e-05
  1.205000e+00  0.000000e+00  3.287813e+00  1.620547e-05
  1.446000e+00  0.000000e+00  6.267246e+00  3.038457e-05
 -1.566500e+00 -2.087121e-01  4.087685e-01  1.248690e-05
 -1.325500e+00 -2.087121e-01  2.945889e+00  4.129647e-05
 -1.084500e+00 -2.087121e-01  2.251327e+00  2.631154e-05
 -8.435000e-01 -2.087121e-01  2.849463e-01  4.086354e-05
 -6.025000e-01 -2.087121e-01  5.346945e+00  2.740945e-05
 -3.615000e-01 -2.087121e-01  4.359796e+00  4.445909e-05
 -1.205000e-01 -2.087121e-01  4.006013e+00  4.403465e-05
  1.205000e-01 -2.087121e-01  3.892024e+00  3.313075e-05
  3.615000e-01 -2.087121e-01  3.154692e+00  1.003327e-05
  6.025000e-01 -2.087121e-01  4.181439e+00  8.801590e-06
  8.435000e-01 -2.087121e-01  5.232824e-02  2.564953e-05
  1.084500e+00 -2.087121e-01  2.261910e+00  4.265397e-05
  1.325500e+00 -2.087121e-01  5.517772e-01  3.385487e-05
  1.566500e+00 -2.087121e-01  2.488355e-01  3.379559e-05
 -1.446000e+00 -4.174242e-01  4.024786e+00  2.660059e-05
 -1.205000e+00 -4.174242e-01  3.514883e+00  4.617829e-05
 -9.640000e-01 -4.174242e-01  5.523253e+00  2.999483e-05
 -7.230000e-01 -4.174242e-01  6.499834e-01  2.570401e-05
 -4.820000e-01 -4.174242e-01  1.392010e+00  3.896542e-05
 -2.410000e-01 -4.174242e-01  3.160349e+00  1.202908e-05
  0.000000e+00 -4.174242e-01  3.798918e+00  4.917054e-05
  2.410000e-01 -4.174242e-01  4.176792e+00  3.785040e-05
  4.820000e-01 -4.174242e-01  4.355174e+00  3.879035e-05
  7.230000e-01 -4.174242e-01  5.284224e+00  1.042108e-05
  9.640000e-01 -4.174242e-01  2.580533e+00  3.524985e-05
  1.205000e+00 -4.174242e-01  1.416413e+00  1.200716e-05
  1.446000e+00 -4.174242e-01  8.725105e-01  3.409390e-05
 -1.325500e+00 -6.261364e-01  2.601525e+00  5.782767e-05
 -1.084500e+00 -6.261364e-01  1.982678e+00  6.440219e-05
 -8.435000e-01 -6.261364e-01  1.575321e+00  8.778572e-05
 -6.025000e-01 -6.261364e-01  1.041284e+00  5.758791e-05
 -3.615000e-01 -6.261364e-01  6.252342e+00  3.062682e-05
 -1.205000e-01 -6.261364e-01  2.327565e+00  3.269410e-06
  1.205000e-01 -6.261364e-01  4.483114e+00  2.301157e-05
  3.615000e-01 -6.261364e-01  4.174260e+00  4.727758e-05
  6.025000e-01 -6.261364e-01  3.997084e+00  3.376077e-05
  8.435000e-01 -6.261364e-01  3.277121e+00  3.760017e-05
  1.084500e+00 -6.261364e-01  2.636854e+00  1.555130e-05
  1.325500e+00 -6.261364e-01  1.111584e+00  1.335005e-05
 -1.205000e+00 -8.348485e-01  2.586876e+00  1.462715e-05
 -9.640000e-01 -8.348485e-01  3.742954e+00  2.962543e-05
 -7.230000e-01 -8.348485e-01  6.185456e+00  4.984901e-05
 -4.820000e-01 -8.348485e-01  6.160318e+00  6.972962e-05
 -2.410000e-01 -8.348485e-01  5.180145e+00  3.602193e-05
  0.000000e+00 -8.348485e-01  4.266881e+00  4.596497e-05
  2.410000e-01 -8.348485e-01  2.939852e+00  1.309599e-05
  4.820000e-01 -8.348485e-01  2.382578e+00  3.899043e-05
  7.230000e-01 -8.348485e-01  2.752610e+00  2.983923e-05
  9.640000e-01 -8.348485e-01  3.748140e+00  3.828849e-05
  1.205000e+00 -8.348485e-01  3.393999e+00  3.094215e-05
 -1.084500e+00 -1.043561e+00  4.344045e+00  8.167989e-05
 -8.435000e-01 -1.043561e+00  4.465127e+00  9.708739e-05
 -6.025000e-01 -1.043561e+00  5.484847e+00  3.728386e-05
 -3.615000e-01 -1.043561e+00  7.529688e-01  7.027100e-05
 -1.205000e-01 -1.043561e+00  5.940383e-01  3.554822e-05
  1.205000e-01 -1.043561e+00  3.030152e+00  5.517686e-05
  3.615000e-01 -1.043561e+00  2.716307e+00  5.866162e-05
  6.025000e-01 -1.043561e+00  2.047386e+00  4.185041e-05
  8.435000e-01 -1.043561e+00  5.484490e-01  2.224446e-05
  1.084500e+00 -1.043561e+00  4.887113e+00  4.211019e-05
 -9.640000e-01 -1.252273e+00  4.224148e+00  2.159624e-05
 -7.230000e-01 -1.252273e+00  3.741938e+00  3.526993e-05
 -4.820000e-01 -1.252273e+00  4.121422e+00  2.473662e-05
 -2.410000e-01 -1.252273e+00  6.241917e+00  4.838425e-05
  0.000000e+00 -1.252273e+00  2.082161e+00  5.119251e-05
  2.410000e-01 -1.252273e+00  2.600427e+00  2.187177e-05
  4.820000e-01 -1.252273e+00  3.306139e+00  6.077103e-05
  7.230000e-01 -1.252273e+00  9.324804e-01  2.058939e-05
  9.640000e-01 -1.252273e+00  6.136296e+00  2.662061e-05
 -6.025000e-01 -1.460985e+00  9.360972e-01  2.940057e-05
 -3.615000e-01 -1.460985e+00  5.325166e+00  5.743071e-05
 -1.205000e-01 -1.460985e+00  4.397626e+00  5.944728e-05
  1.205000e-01 -1.460985e+00  2.165664e+00  3.760856e-05
  3.615000e-01 -1.460985e+00  4.178570e+00  4.529296e-05
  6.025000e-01 -1.460985e+00  2.795807e+00  5.749211e-05
 -6.025000e-01  1.460985e+00  2.067097e+00  3.686065e-05
 -3.615000e-01  1.460985e+00  3.786916e+00  1.675436e-05
 -1.205000e-01  1.460985e+00  1.061513e-01  2.770366e-05
  1.205000e-01  1.460985e+00  4.861644e+00  7.906736e-06
  3.615000e-01  1.460985e+00  3.848588e+00  1.196743e-05
  6.025000e-01  1.460985e+00  3.671591e+00  2.986557e-05
 -9.640000e-01  1.252273e+00  3.581160e+00  1.828840e-05
 -7.230000e-01  1.252273e+00  6.088954e+00  1.027277e-05
 -4.820000e-01  1.252273e+00  3.520595e+00  7.904046e-06
 -2.410000e-01  1.252273e+00  5.568708e+00  3.315957e-05
  0.000000e+00  1.252273e+00  5.851572e+00  1.438372e-05
  2.410000e-01  1.252273e+00  6.192065e-02  6.007774e-06
  4.820000e-01  1.252273e+00  3.281415e+00  3.218927e-05
  7.230000e-01  1.252273e+00  3.036399e+00  4.664896e-05
  9.640000e-01  1.252273e+00  4.726834e+00  3.095029e-05
 -1.084500e+00  1.043561e+00  3.269945e+00  1.698121e-05
 -8.435000e-01  1.043561e+00  3.523248e+00  1.827499e-05
 -6.025000e-01  1.043561e+00  7.215179e-01  4.822700e-06
 -3.615000e-01  1.043561e+00  5.582530e+00  4.022120e-05
 -1.205000e-01  1.043561e+00  4.398956e+00  2.490760e-05
  1.205000e-01  1.043561e+00  1.779446e+00  1.641261e-05
  3.615000e-01  1.043561e+00  5.658789e+00  8.353407e-06
  6.025000e-01  1.043561e+00  3.249323e+00  5.918462e-05
  8.435000e-01  1.043561e+00  1.744416e+00  5.134749e-06
  1.084500e+00  1.043561e+00  4.072156e-01  5.294707e-05
 -1.205000e+00  8.348485e-01  2.820204e+00  1.855476e-05
 -9.640000e-01  8.348485e-01  2.956561e+00  1.799668e-05
 -7.230000e-01  8.348485e-01  3.308460e+00  1.612829e-05
 -4.820000e-01  8.348485e-01  1.265004e-01  3.730350e-05
 -2.410000e-01  8.348485e-01  1.290264e+00  3.043740e-05
  0.000000e+00  8.348485e-01  2.411661e+00  3.048555e-05
  2.410000e-01  8.348485e-01  6.221160e+00  2.921123e-05
  4.820000e-01  8.348485e-01  3.260388e+00  2.580174e-05
  7.230000e-01  8.348485e-01  3.412722e+00  6.377927e-05
  9.640000e-01  8.348485e-01  7.792992e-01  1.171841e-05
  1.205000e+00  8.348485e-01  1.276174e+00  1.824821e-05
 -1.325500e+00  6.261364e-01  1.959236e+00  2.735924e-05
 -1.084500e+00  6.261364e-01  2.599247e+00  6.849612e-06
 -8.435000e-01  6.261364e-01  4.370056e+00  1.830699e-05
 -6.025000e-01  6.261364e-01  3.569350e+00  2.134163e-05
 -3.615000e-01  6.261364e-01  1.287207e+00  3.431239e-05
 -1.205000e-01  6.261364e-01  1.626694e+00  2.526965e-05
  1.205000e-01  6.261364e-01  1.405057e-01  1.663055e-05
  3.615000e-01  6.261364e-01  1.159179e+00  2.943288e-05
  6.025000e-01  6.261364e-01  2.802447e+00  3.965781e-05
  8.435000e-01  6.261364e-01  3.870045e+00  3.038348e-05
  1.084500e+00  6.261364e-01  4.756904e+00  2.104472e-05
  1.325500e+00  6.261364e-01  1.476704e+00  3.261812e-06
 -1.446000e+00  4.174242e-01  4.229888e+00  1.545995e-05
 -1.205000e+00  4.174242e-01  9.771321e-01  1.717939e-05
 -9.640000e-01  4.174242e-01  1.049349e+00  1.356686e-05
 -7.230000e-01  4.174242e-01  2.552334e+00  3.094289e-05
 -4.820000e-01  4.174242e-01  3.139228e+00  5.469168e-06
 -2.410000e-01  4.174242e-01  5.085370e+00  1.510456e-05
  0.000000e+00  4.174242e-01  6.491905e-01  1.098219e-05
  2.410000e-01  4.174242e-01  1.592087e+00  2.210220e-05
  4.820000e-01  4.174242e-01  1.864287e+00  1.874835e-05
  7.230000e-01  4.174242e-01  2.467545e+00  2.063178e-05
  9.640000e-01  4.174242e-01  3.528111e+00  4.077689e-06
  1.205000e+00  4.174242e-01  3.443714e+00  1.187885e-05
  1.446000e+00  4.174242e-01  4.387507e+00  2.006855e-05
 -1.566500e+00  2.087121e-01  3.389394e+00  5.402198e-05
 -1.325500e+00  2.087121e-01  3.641282e+00  3.696286e-05
 -1.084500e+00  2.087121e-01  5.592057e+00  1.019468e-05
 -8.435000e-01  2.087121e-01  3.400326e+00  1.349168e-05
 -6.025000e-01  2.087121e-01  4.695955e+00  9.748978e-06
 -3.615000e-01  2.087121e-01  4.913109e+00  9.052924e-06
 -1.205000e-01  2.087121e-01  2.257179e+00  1.033840e-05
  1.205000e-01  2.087121e-01  2.187312e+00  2.156163e-05
  3.615000e-01  2.087121e-01  7.508768e-01  2.095996e-05
  6.025000e-01  2.087121e-01  2.554347e+00  2.748272e-05
  8.435000e-01  2.087121e-01  1.584090e-01  1.241659e-05
  1.084500e+00  2.087121e-01  3.921035e+00  1.204487e-05
  1.325500e+00  2.087121e-01  5.389614e+00  1.495006e-05
  1.566500e+00  2.087121e-01  5.965706e+00  3.590798e-05
 -1.446000e+00  0.000000e+00  2.481058e+00  3.182487e-05
 -1.205000e+00  0.000000e+00  2.126542e+00  1.031455e-05
 -9.640000e-01  0.000000e+00  1.395043e+00  1.591821e-05
 -7.230000e-01  0.000000e+00  4.192921e+00  1.211471e-05
 -4.820000e-01  0.000000e+00  4.203995e+00  1.520609e-05
 -2.410000e-01  0.000000e+00  3.404094e+00  1.128886e-05
  0.000000e+00  0.000000e+00  3.343962e+00  1.738386e-05
  2.410000e-01  0.000000e+00  1.091173e-01  6.704728e-06
  4.820000e-01  0.000000e+00  2.463809e+00  1.681113e-05
  7.230000e-01  0.000000e+00  3.132929e-01  1.312315e-05
  9.640000e-01  0.000000e+00  5.726868e+00  1.035464e-05
  1.205000e+00  0.000000e+00  3.436507e+00  9.067590e-06
  1.446000e+00  0.000000e+00  6.164030e+00  1.564622e-05
 -1.566500e+00 -2.087121e-01  6.121215e+00  1.138271e-05
 -1.325500e+00 -2.087121e-01  3.113227e+00  2.767255e-05
 -1.084500e+00 -2.087121e-01  2.014357e+00  1.627895e-05
 -8.435000e-01 -2.087121e-01  3.110378e-01  2.727883e-05
 -6.025000e-01 -2.087121e-01  5.386047e+00  1.573276e-05
 -3.615000e-01 -2.087121e-01  4.351700e+00  2.747222e-05
 -1.205000e-01 -2.087121e-01  3.934788e+00  2.779332e-05
  1.205000e-01 -2.087121e-01  3.643464e+00  1.794845e-05
  3.615000e-01 -2.087121e-01  2.193117e+00  6.155369e-06
  6.025000e-01 -2.087121e-01  4.361396e+00  6.140591e-06
  8.435000e-01 -2.087121e-01  6.114552e+00  1.609935e-05
  1.084500e+00 -2.087121e-01  2.094581e+00  2.773650e-05
  1.325500e+00 -2.087121e-01  5.896865e-01  2.275152e-05
  1.566500e+00 -2.087121e-01  1.282700e-01  2.088727e-05
 -1.446000e+00 -4.174242e-01  3.927313e+00  2.574530e-05
 -1.205000e+00 -4.174242e-01  3.411949e+00  3.389700e-05
 -9.640000e-01 -4.174242e-01  5.676442e+00  2.449035e-05
 -7.230000e-01 -4.174242e-01  6.665302e-01  1.302261e-05
 -4.820000e-01 -4.174242e-01  1.281928e+00  2.614103e-05
 -2.410000e-01 -4.174242e-01  3.130787e+00  8.643174e-06
  0.000000e+00 -4.174242e-01  3.748743e+00  3.356257e-05
  2.410000e-01 -4.174242e-01  4.241263e+00  2.575631e-05
  4.820000e-01 -4.174242e-01  4.529658e+00  2.264203e-05
  7.230000e-01 -4.174242e-01  5.920435e+00  4.511691e-06
  9.640000e-01 -4.174242e-01  2.561086e+00  2.457195e-05
  1.205000e+00 -4.174242e-01  1.155727e+00  9.744840e-06
  1.446000e+00 -4.174242e-01  7.380166e-01  2.587419e-05
 -1.325500e+00 -6.261364e-01  2.695130e+00  4.533541e-05
 -1.084500e+00 -6.261364e-01  1.840240e+00  3.518473e-05
 -8.435000e-01 -6.261364e-01  1.544713e+00  5.279995e-05
 -6.025000e-01 -6.261364e-01  1.131793e+00  3.349297e-05
 -3.615000e-01 -6.261364e-01  8.870683e-02  1.939925e-05
 -1.205000e-01 -6.261364e-01  2.080951e+00  7.444533e-06
  1.205000e-01 -6.261364e-01  4.543131e+00  1.042488e-05
  3.615000e-01 -6.261364e-01  4.056510e+00  2.602063e-05
  6.025000e-01 -6.261364e-01  3.763580e+00  1.755448e-05
  8.435000e-01 -6.261364e-01  3.237579e+00  1.990544e-05
  1.084500e+00 -6.261364e-01  3.284838e+00  6.399931e-06
  1.325500e+00 -6.261364e-01  1.211208e+00  6.286001e-06
 -1.205000e+00 -8.348485e-01  1.978189e+00  6.162521e-06
 -9.640000e-01 -8.348485e-01  3.781688e+00  1.387159e-05
 -7.230000e-01 -8.348485e-01  6.261177e+00  2.851028e-05
 -4.820000e-01 -8.348485e-01  6.153568e+00  4.139479e-05
 -2.410000e-01 -8.348485e-01  5.102549e+00  2.222085e-05
  0.000000e+00 -8.348485e-01  4.161489e+00  3.108423e-05
  2.410000e-01 -8.348485e-01  2.542806e+00  9.520901e-06
  4.820000e-01 -8.348485e-01  2.308392e+00  2.159096e-05
  7.230000e-01 -8.348485e-01  3.066221e+00  1.016149e-05
  9.640000e-01 -8.348485e-01  3.901182e+00  2.245752e-05
  1.205000e+00 -8.348485e-01  3.467956e+00  1.602924e-05
 -1.084500e+00 -1.043561e+00  4.347962e+00  5.384720e-05
 -8.435000e-01 -1.043561e+00  4.474569e+00  5.983712e-05
 -6.025000e-01 -1.043561e+00  5.453919e+00  2.289065e-05
 -3.615000e-01 -1.043561e+00  7.612076e-01  4.265555e-05
 -1.205000e-01 -1.043561e+00  5.501432e-01  2.030602e-05
  1.205000e-01 -1.043561e+00  3.103285e+00  3.767495e-05
  3.615000e-01 -1.043561e+00  2.866200e+00  2.757231e-05
  6.025000e-01 -1.043561e+00  2.092506e+00  1.639906e-05
  8.435000e-01 -1.043561e+00  5.096734e-01  1.195726e-05
  1.084500e+00 -1.043561e+00  4.715769e+00  2.060546e-05
 -9.640000e-01 -1.252273e+00  4.158550e+00  1.737962e-05
 -7.230000e-01 -1.252273e+00  3.612867e+00  2.118778e-05
 -4.820000e-01 -1.252273e+00  3.761737e+00  1.350627e-05
 -2.410000e-01 -1.252273e+00  2.001109e-02  3.261489e-05
  0.000000e+00 -1.252273e+00  2.201350e+00  3.501038e-05
  2.410000e-01 -1.252273e+00  2.276330e+00  9.355621e-06
  4.820000e-01 -1.252273e+00  3.309369e+00  3.056644e-05
  7.230000e-01 -1.252273e+00  1.026641e+00  1.308785e-05
  9.640000e-01 -1.252273e+00  6.253225e+00  1.163253e-05
 -6.025000e-01 -1.460985e+00  1.023439e+00  1.931537e-05
 -3.615000e-01 -1.460985e+00  5.400123e+00  3.545256e-05
 -1.205000e-01 -1.460985e+00  4.432105e+00  3.583910e-05
  1.205000e-01 -1.460985e+00  2.368484e+00  2.029545e-05
  3.615000e-01 -1.460985e+00  4.312036e+00  2.552638e-05
  6.025000e-01 -1.460985e+00  2.670270e+00  3.730230e-05
